/*******************************************************************************
 * Size: 32 px
 * Bpp: 2
 * Opts: --bpp 2 --size 32 --no-compress --stride 1 --align 1 --font MapleMono-NF-CN-BoldItalic.ttf --symbols 智能天气时钟连接网络正在成功初始化失败校位置错误请检查接线与按键重试周一二三四五六七八九十日获取提示中高温低测试百色南宁广州北京星期室内环境度湿晴多云阴雨雷阵雾大小暴特强冰雹雪沙尘霾风升级更新回滚间夹 !"#$%&'()*+,-./0123456789:;<=>?@ABCDEFGHIJKLMNOPQRSTUVWXYZ[\]^_`abcdefghijklmnopqrstuvwxyz{|}~ --format lvgl -o my_chinese_font_32.c
 ******************************************************************************/

#ifdef __has_include
    #if __has_include("lvgl.h")
        #ifndef LV_LVGL_H_INCLUDE_SIMPLE
            #define LV_LVGL_H_INCLUDE_SIMPLE
        #endif
    #endif
#endif

#ifdef LV_LVGL_H_INCLUDE_SIMPLE
    #include "lvgl.h"
#else
    #include "lvgl/lvgl.h"
#endif



#ifndef MY_CHINESE_FONT_32
#define MY_CHINESE_FONT_32 1
#endif

#if MY_CHINESE_FONT_32

/*-----------------
 *    BITMAPS
 *----------------*/

/*Store the image of the glyphs*/
static LV_ATTRIBUTE_LARGE_CONST const uint8_t glyph_bitmap[] = {
    /* U+0020 " " */

    /* U+0021 "!" */
    0x0, 0x2f, 0x80, 0xb, 0xfd, 0x0, 0xff, 0xd0,
    0xf, 0xfc, 0x0, 0xff, 0xc0, 0x1f, 0xf8, 0x1,
    0xff, 0x40, 0x2f, 0xf0, 0x2, 0xff, 0x0, 0x3f,
    0xe0, 0x3, 0xfd, 0x0, 0x3f, 0xc0, 0x3, 0xfc,
    0x0, 0x3f, 0x80, 0x0, 0x50, 0x0, 0x0, 0x0,
    0x0, 0x0, 0x0, 0xbe, 0x0, 0x3f, 0xf4, 0x7,
    0xff, 0x80, 0xbf, 0xf4, 0x7, 0xff, 0x0, 0x2f,
    0x80, 0x0,

    /* U+0022 "\"" */
    0x6, 0x80, 0x1a, 0x7, 0xf8, 0x1f, 0xe2, 0xfe,
    0xf, 0xf4, 0xff, 0x43, 0xfd, 0x3f, 0xd0, 0xff,
    0xf, 0xf0, 0x7f, 0xc7, 0xfc, 0x1f, 0xf1, 0xff,
    0xb, 0xf8, 0xbf, 0x83, 0xfd, 0x3f, 0xd0, 0xff,
    0x7, 0xe0, 0x2f, 0x40,

    /* U+0023 "#" */
    0x0, 0x0, 0xbc, 0x2, 0xf0, 0x0, 0x1, 0xfc,
    0x7, 0xf4, 0x0, 0x3, 0xfc, 0xf, 0xf0, 0x0,
    0x3, 0xf8, 0xf, 0xe0, 0x0, 0x7, 0xf4, 0x1f,
    0xd0, 0x3, 0xff, 0xff, 0xff, 0xfd, 0xf, 0xff,
    0xff, 0xff, 0xfe, 0xf, 0xff, 0xff, 0xff, 0xfe,
    0xf, 0xff, 0xff, 0xff, 0xfc, 0x0, 0x3f, 0xc0,
    0xff, 0x40, 0x0, 0x3f, 0x80, 0xfe, 0x0, 0x0,
    0x7f, 0x41, 0xfd, 0x0, 0x0, 0xbf, 0x2, 0xfc,
    0x0, 0x2f, 0xff, 0xff, 0xff, 0xe0, 0x7f, 0xff,
    0xff, 0xff, 0xf0, 0xbf, 0xff, 0xff, 0xff, 0xf0,
    0x7f, 0xff, 0xff, 0xff, 0xe0, 0x7, 0xf9, 0x5f,
    0xf4, 0x0, 0x7, 0xf4, 0x1f, 0xd0, 0x0, 0xb,
    0xf0, 0x2f, 0xc0, 0x0, 0xf, 0xf0, 0x3f, 0xc0,
    0x0, 0xf, 0xe0, 0x3f, 0x80, 0x0, 0xb, 0xc0,
    0x2f, 0x0, 0x0,

    /* U+0024 "$" */
    0x0, 0x0, 0x2, 0xf0, 0x0, 0x0, 0x0, 0x7,
    0xf4, 0x0, 0x0, 0x0, 0xb, 0xf0, 0x0, 0x0,
    0x0, 0xb, 0xf0, 0x0, 0x0, 0xb, 0x4f, 0xf1,
    0xd0, 0x0, 0x3f, 0x4f, 0xe2, 0xf4, 0x0, 0xff,
    0x1f, 0xe3, 0xfc, 0x1, 0xff, 0x1f, 0xd3, 0xfc,
    0x3, 0xfc, 0x2f, 0xc1, 0xfc, 0x3, 0xfc, 0x3f,
    0xc0, 0xf4, 0x3, 0xf8, 0x2f, 0xc0, 0x0, 0x3,
    0xfd, 0x1, 0x40, 0x0, 0x3, 0xff, 0xe4, 0x0,
    0x0, 0x2, 0xff, 0xff, 0x90, 0x0, 0x0, 0xff,
    0xff, 0xfc, 0x0, 0x0, 0x1f, 0xff, 0xff, 0x40,
    0x0, 0x1, 0xbf, 0xff, 0xc0, 0x0, 0x0, 0x6,
    0xff, 0xe0, 0x0, 0x1, 0x40, 0x3f, 0xe0, 0x0,
    0x2, 0xfc, 0xf, 0xf0, 0x5, 0x2, 0xfc, 0xf,
    0xe0, 0x3f, 0x43, 0xfc, 0x1f, 0xe0, 0x7f, 0x83,
    0xf8, 0x3f, 0xc0, 0x7f, 0xc7, 0xf8, 0xff, 0xc0,
    0x3f, 0xc7, 0xf4, 0xff, 0x0, 0x1f, 0xcb, 0xf0,
    0xfc, 0x0, 0x7, 0x8f, 0xf1, 0xe0, 0x0, 0x0,
    0xf, 0xf0, 0x0, 0x0, 0x0, 0xf, 0xe0, 0x0,
    0x0, 0x0, 0x1f, 0xd0, 0x0, 0x0, 0x0, 0xf,
    0x80, 0x0, 0x0,

    /* U+0025 "%" */
    0x0, 0x7, 0xfe, 0x0, 0x7, 0xc0, 0x2, 0xff,
    0xf8, 0x1, 0xfe, 0x0, 0xbf, 0xff, 0xc0, 0x3f,
    0xc0, 0x1f, 0xfb, 0xfd, 0xf, 0xf8, 0x3, 0xfc,
    0xf, 0xe2, 0xff, 0x0, 0x3f, 0x80, 0xfd, 0x7f,
    0xc0, 0x3, 0xf8, 0x2f, 0xcf, 0xf4, 0x0, 0x3f,
    0xef, 0xf9, 0xfe, 0x0, 0x3, 0xff, 0xff, 0xf,
    0x80, 0x0, 0x1f, 0xff, 0xc0, 0x0, 0x0, 0x0,
    0x7f, 0xe0, 0x1a, 0x40, 0x0, 0x0, 0x0, 0x1f,
    0xff, 0x0, 0x0, 0xa, 0x7, 0xff, 0xfc, 0x0,
    0x3, 0xf8, 0xff, 0xff, 0xc0, 0x0, 0x7f, 0xaf,
    0xd2, 0xfd, 0x0, 0xf, 0xf3, 0xfc, 0x1f, 0xd0,
    0x3, 0xfe, 0x3f, 0x41, 0xfd, 0x0, 0x7f, 0xc7,
    0xf4, 0x2f, 0xc0, 0xf, 0xf0, 0x7f, 0x83, 0xfc,
    0x2, 0xfe, 0x3, 0xfe, 0xff, 0x40, 0x3f, 0xc0,
    0x3f, 0xff, 0xe0, 0x7, 0xf4, 0x1, 0xff, 0xf8,
    0x0, 0x2e, 0x0, 0x7, 0xfd, 0x0, 0x0,

    /* U+0026 "&" */
    0x0, 0x2, 0xff, 0x80, 0x0, 0x1, 0xff, 0xff,
    0x0, 0x0, 0x7f, 0xff, 0xfc, 0x0, 0xf, 0xff,
    0xff, 0xd0, 0x1, 0xff, 0x3, 0xfe, 0x0, 0x2f,
    0xc0, 0x1f, 0xd0, 0x3, 0xfd, 0x0, 0xa4, 0x0,
    0x2f, 0xf0, 0x0, 0x0, 0x1, 0xff, 0x40, 0x0,
    0x0, 0xb, 0xfc, 0x0, 0x0, 0x0, 0x3f, 0xf0,
    0x1, 0x0, 0x41, 0xff, 0x40, 0xfc, 0xf, 0xf,
    0xfc, 0x1f, 0xc2, 0xf8, 0x3f, 0xd3, 0xfc, 0x3f,
    0xc2, 0xfc, 0x3f, 0x87, 0xf4, 0xe, 0xf, 0xf0,
    0xbf, 0x0, 0x2, 0xfe, 0xf, 0xf0, 0x0, 0xbf,
    0xc0, 0xff, 0x80, 0x7f, 0xf4, 0xb, 0xff, 0xff,
    0xfd, 0x20, 0x7f, 0xff, 0xff, 0x4b, 0x42, 0xff,
    0xff, 0x82, 0xf4, 0x7, 0xff, 0x80, 0x7e, 0x0,

    /* U+0027 "'" */
    0x2, 0x90, 0x3f, 0xc0, 0xff, 0x7, 0xfc, 0x2f,
    0xe0, 0xbf, 0x83, 0xfd, 0xf, 0xf0, 0x3f, 0xc1,
    0xfe, 0x3, 0xf0, 0x0,

    /* U+0028 "(" */
    0x0, 0x0, 0x0, 0x50, 0x0, 0x0, 0x3, 0xf8,
    0x0, 0x0, 0x1f, 0xfc, 0x0, 0x0, 0x7f, 0xf4,
    0x0, 0x1, 0xff, 0xd0, 0x0, 0x7, 0xff, 0x0,
    0x0, 0xf, 0xfc, 0x0, 0x0, 0x3f, 0xf4, 0x0,
    0x0, 0x7f, 0xd0, 0x0, 0x0, 0xff, 0x80, 0x0,
    0x2, 0xff, 0x0, 0x0, 0x3, 0xfe, 0x0, 0x0,
    0x7, 0xfc, 0x0, 0x0, 0xb, 0xf8, 0x0, 0x0,
    0xf, 0xf4, 0x0, 0x0, 0xf, 0xf0, 0x0, 0x0,
    0x1f, 0xf0, 0x0, 0x0, 0x2f, 0xe0, 0x0, 0x0,
    0x3f, 0xd0, 0x0, 0x0, 0x3f, 0xd0, 0x0, 0x0,
    0x3f, 0xd0, 0x0, 0x0, 0x3f, 0xe0, 0x0, 0x0,
    0x3f, 0xe0, 0x0, 0x0, 0x3f, 0xf0, 0x0, 0x0,
    0x2f, 0xf0, 0x0, 0x0, 0x1f, 0xf8, 0x0, 0x0,
    0xf, 0xfc, 0x0, 0x0, 0xf, 0xfe, 0x0, 0x0,
    0x7, 0xff, 0x0, 0x0, 0x3, 0xff, 0xc0, 0x0,
    0x0, 0xff, 0xe0, 0x0, 0x0, 0x7f, 0xf0, 0x0,
    0x0, 0x2f, 0xe0, 0x0, 0x0, 0xb, 0x80, 0x0,

    /* U+0029 ")" */
    0x0, 0x0, 0x40, 0x0, 0x0, 0x1f, 0xd0, 0x0,
    0x0, 0xff, 0xc0, 0x0, 0x2, 0xff, 0xc0, 0x0,
    0x3, 0xff, 0x80, 0x0, 0x7, 0xff, 0x0, 0x0,
    0xb, 0xfe, 0x0, 0x0, 0xf, 0xfc, 0x0, 0x0,
    0x2f, 0xf4, 0x0, 0x0, 0x3f, 0xe0, 0x0, 0x0,
    0xff, 0x80, 0x0, 0x2, 0xff, 0x0, 0x0, 0xb,
    0xfc, 0x0, 0x0, 0x2f, 0xf0, 0x0, 0x0, 0xbf,
    0xc0, 0x0, 0x2, 0xfe, 0x0, 0x0, 0xb, 0xf8,
    0x0, 0x0, 0x3f, 0xd0, 0x0, 0x0, 0xff, 0x0,
    0x0, 0x7, 0xfc, 0x0, 0x0, 0x3f, 0xe0, 0x0,
    0x0, 0xff, 0x0, 0x0, 0xb, 0xfc, 0x0, 0x0,
    0x7f, 0xd0, 0x0, 0x3, 0xff, 0x0, 0x0, 0x2f,
    0xf4, 0x0, 0x1, 0xff, 0x80, 0x0, 0x1f, 0xfc,
    0x0, 0x1, 0xff, 0xc0, 0x0, 0x1f, 0xfd, 0x0,
    0x1, 0xff, 0xd0, 0x0, 0xf, 0xfd, 0x0, 0x0,
    0x3f, 0xc0, 0x0, 0x0, 0x78, 0x0, 0x0, 0x0,

    /* U+002A "*" */
    0x0, 0x0, 0x15, 0x0, 0x0, 0x0, 0xf, 0xf0,
    0x0, 0x0, 0x0, 0xff, 0x0, 0x0, 0x2d, 0x1f,
    0xf0, 0xb4, 0xb, 0xfa, 0xfe, 0xbf, 0xc0, 0xff,
    0xff, 0xff, 0xfc, 0xf, 0xff, 0xff, 0xff, 0x40,
    0x2f, 0xff, 0xff, 0x80, 0x0, 0xbf, 0xff, 0xd0,
    0x0, 0x7f, 0xff, 0xff, 0x40, 0x2f, 0xff, 0xff,
    0xfe, 0x3, 0xff, 0xff, 0xff, 0xf0, 0x3f, 0xdf,
    0xf7, 0xfe, 0x2, 0xe0, 0xff, 0xb, 0x80, 0x0,
    0xf, 0xf0, 0x0, 0x0, 0x1, 0xff, 0x0, 0x0,
    0x0, 0xf, 0xc0, 0x0, 0x0,

    /* U+002B "+" */
    0x0, 0x0, 0x7e, 0x0, 0x0, 0x0, 0x3f, 0xc0,
    0x0, 0x0, 0x1f, 0xf0, 0x0, 0x0, 0x7, 0xfc,
    0x0, 0x0, 0x2, 0xfe, 0x0, 0x0, 0x15, 0xff,
    0x95, 0x1, 0xff, 0xff, 0xff, 0xf4, 0xbf, 0xff,
    0xff, 0xfe, 0x3f, 0xff, 0xff, 0xff, 0x47, 0xff,
    0xff, 0xff, 0x80, 0x0, 0xbf, 0x80, 0x0, 0x0,
    0x3f, 0xd0, 0x0, 0x0, 0xf, 0xf0, 0x0, 0x0,
    0x3, 0xfc, 0x0, 0x0, 0x0, 0xfe, 0x0, 0x0,
    0x0, 0x15, 0x0, 0x0,

    /* U+002C "," */
    0x0, 0x2, 0xf8, 0x0, 0x3, 0xff, 0x80, 0x2,
    0xff, 0xf0, 0x0, 0xff, 0xfc, 0x0, 0x3f, 0xff,
    0x0, 0x7, 0xff, 0xc0, 0x0, 0x2f, 0xe0, 0x0,
    0x7, 0xf0, 0x0, 0x7, 0xf8, 0x0, 0xb, 0xfc,
    0x0, 0x6f, 0xfc, 0x2, 0xff, 0xf8, 0x0, 0xff,
    0xe4, 0x0, 0x1a, 0x40, 0x0, 0x0,

    /* U+002D "-" */
    0x2f, 0xff, 0xff, 0xf8, 0xbf, 0xff, 0xff, 0xfe,
    0xff, 0xff, 0xff, 0xfd, 0x7f, 0xff, 0xff, 0xf8,

    /* U+002E "." */
    0x1, 0x40, 0x7f, 0xc3, 0xff, 0xaf, 0xfe, 0xbf,
    0xf9, 0xff, 0xc2, 0xf8, 0x0,

    /* U+002F "/" */
    0x0, 0x0, 0x0, 0x0, 0xbd, 0x0, 0x0, 0x0,
    0x2, 0xfd, 0x0, 0x0, 0x0, 0x3, 0xfc, 0x0,
    0x0, 0x0, 0xf, 0xf8, 0x0, 0x0, 0x0, 0x1f,
    0xf0, 0x0, 0x0, 0x0, 0x3f, 0xe0, 0x0, 0x0,
    0x0, 0x7f, 0xc0, 0x0, 0x0, 0x0, 0xff, 0x40,
    0x0, 0x0, 0x1, 0xff, 0x0, 0x0, 0x0, 0x3,
    0xfd, 0x0, 0x0, 0x0, 0xb, 0xfc, 0x0, 0x0,
    0x0, 0xf, 0xf4, 0x0, 0x0, 0x0, 0x2f, 0xf0,
    0x0, 0x0, 0x0, 0x3f, 0xd0, 0x0, 0x0, 0x0,
    0xbf, 0x80, 0x0, 0x0, 0x0, 0xff, 0x0, 0x0,
    0x0, 0x2, 0xfe, 0x0, 0x0, 0x0, 0x3, 0xfc,
    0x0, 0x0, 0x0, 0xf, 0xf8, 0x0, 0x0, 0x0,
    0x1f, 0xf0, 0x0, 0x0, 0x0, 0x3f, 0xe0, 0x0,
    0x0, 0x0, 0x7f, 0xc0, 0x0, 0x0, 0x0, 0xff,
    0x40, 0x0, 0x0, 0x1, 0xff, 0x0, 0x0, 0x0,
    0x3, 0xfd, 0x0, 0x0, 0x0, 0xb, 0xfc, 0x0,
    0x0, 0x0, 0xf, 0xf4, 0x0, 0x0, 0x0, 0x2f,
    0xf0, 0x0, 0x0, 0x0, 0x3f, 0xd0, 0x0, 0x0,
    0x0, 0x7f, 0x80, 0x0, 0x0, 0x0, 0x7f, 0x0,
    0x0, 0x0, 0x0,

    /* U+0030 "0" */
    0x0, 0x0, 0xbf, 0xe4, 0x0, 0x0, 0xbf, 0xff,
    0xe0, 0x0, 0x2f, 0xff, 0xff, 0x40, 0xb, 0xff,
    0xff, 0xfc, 0x1, 0xff, 0x80, 0xff, 0xc0, 0x3f,
    0xe0, 0x3, 0xfd, 0x7, 0xfc, 0x0, 0x3f, 0xd0,
    0xff, 0x80, 0x1f, 0xfd, 0xf, 0xf0, 0xb, 0xff,
    0xd1, 0xff, 0x3, 0xff, 0xfd, 0x2f, 0xe1, 0xff,
    0xff, 0xc3, 0xfd, 0xbf, 0xf7, 0xfc, 0x3f, 0xff,
    0xf8, 0x7f, 0xc3, 0xff, 0xfd, 0xb, 0xf8, 0x3f,
    0xfe, 0x0, 0xff, 0x47, 0xff, 0x40, 0x1f, 0xf0,
    0x3f, 0xd0, 0x3, 0xfe, 0x3, 0xfd, 0x0, 0xbf,
    0xc0, 0x3f, 0xf0, 0x2f, 0xf8, 0x2, 0xff, 0xff,
    0xff, 0x0, 0xf, 0xff, 0xff, 0xc0, 0x0, 0x7f,
    0xff, 0xe0, 0x0, 0x0, 0xbf, 0xe4, 0x0, 0x0,

    /* U+0031 "1" */
    0x0, 0x0, 0xb, 0xf4, 0x0, 0x0, 0x2f, 0xff,
    0x0, 0x0, 0x7f, 0xff, 0xc0, 0x0, 0xbf, 0xff,
    0xf0, 0x0, 0x7f, 0xff, 0xf8, 0x0, 0x2f, 0xf3,
    0xfe, 0x0, 0xf, 0xe0, 0xff, 0x40, 0x1, 0x80,
    0x3f, 0xc0, 0x0, 0x0, 0x1f, 0xf0, 0x0, 0x0,
    0x7, 0xfc, 0x0, 0x0, 0x2, 0xfe, 0x0, 0x0,
    0x0, 0xff, 0x40, 0x0, 0x0, 0x3f, 0xc0, 0x0,
    0x0, 0xf, 0xf0, 0x0, 0x0, 0x7, 0xfc, 0x0,
    0x0, 0x2, 0xfe, 0x0, 0x0, 0x0, 0xbf, 0x40,
    0x0, 0x0, 0x3f, 0xd0, 0x0, 0x0, 0xf, 0xf0,
    0x0, 0x3f, 0xff, 0xff, 0xfe, 0x2f, 0xff, 0xff,
    0xff, 0xcf, 0xff, 0xff, 0xff, 0xe2, 0xff, 0xff,
    0xff, 0xf0,

    /* U+0032 "2" */
    0x0, 0x1, 0xbf, 0xf9, 0x0, 0x0, 0x7f, 0xff,
    0xff, 0x0, 0x3, 0xff, 0xff, 0xff, 0x0, 0x1f,
    0xff, 0xff, 0xfd, 0x0, 0x3e, 0x40, 0x2f, 0xf8,
    0x0, 0x0, 0x0, 0x3f, 0xe0, 0x0, 0x0, 0x0,
    0xff, 0x40, 0x0, 0x0, 0x3, 0xfc, 0x0, 0x0,
    0x0, 0x1f, 0xf0, 0x0, 0x0, 0x0, 0xff, 0x40,
    0x0, 0x0, 0x1f, 0xf8, 0x0, 0x0, 0x1, 0xff,
    0xc0, 0x0, 0x0, 0x2f, 0xfc, 0x0, 0x0, 0x2,
    0xff, 0x80, 0x0, 0x0, 0x3f, 0xf8, 0x0, 0x0,
    0x3, 0xff, 0x40, 0x0, 0x0, 0x7f, 0xf0, 0x0,
    0x0, 0xb, 0xff, 0x0, 0x0, 0x0, 0xbf, 0xe0,
    0x0, 0x0, 0xb, 0xff, 0xff, 0xff, 0xc0, 0x3f,
    0xff, 0xff, 0xff, 0x40, 0xff, 0xff, 0xff, 0xfc,
    0x1, 0xff, 0xff, 0xff, 0xe0, 0x0,

    /* U+0033 "3" */
    0x0, 0x2, 0xff, 0xf8, 0x0, 0x1, 0xff, 0xff,
    0xf4, 0x0, 0x3f, 0xff, 0xff, 0xc0, 0x3, 0xff,
    0xff, 0xfe, 0x0, 0x1e, 0x0, 0x7f, 0xe0, 0x0,
    0x0, 0x2, 0xfe, 0x0, 0x0, 0x0, 0x3f, 0xc0,
    0x0, 0x0, 0x1f, 0xf8, 0x0, 0xb, 0xff, 0xff,
    0x0, 0x1, 0xff, 0xff, 0x40, 0x0, 0x2f, 0xff,
    0xfc, 0x0, 0x1, 0xff, 0xff, 0xf0, 0x0, 0x0,
    0x7, 0xff, 0x80, 0x0, 0x0, 0xf, 0xfc, 0x0,
    0x0, 0x0, 0x7f, 0xc0, 0x0, 0x0, 0xb, 0xf8,
    0x0, 0x0, 0x0, 0xff, 0x40, 0x0, 0x0, 0x1f,
    0xf0, 0xb, 0x80, 0xb, 0xfe, 0x2, 0xff, 0xff,
    0xff, 0xc0, 0x3f, 0xff, 0xff, 0xf0, 0x2, 0xff,
    0xff, 0xf8, 0x0, 0x2, 0xbf, 0xf8, 0x0, 0x0,

    /* U+0034 "4" */
    0x0, 0x0, 0x0, 0xbe, 0x0, 0x0, 0x0, 0xbf,
    0xd0, 0x0, 0x0, 0xbf, 0xf4, 0x0, 0x0, 0x7f,
    0xfc, 0x0, 0x0, 0x3f, 0xff, 0x0, 0x0, 0x3f,
    0xff, 0x80, 0x0, 0x3f, 0xff, 0xe0, 0x0, 0x2f,
    0xef, 0xf4, 0x0, 0x2f, 0xe3, 0xfc, 0x0, 0x1f,
    0xf1, 0xff, 0x0, 0x1f, 0xf0, 0x7f, 0xc0, 0xf,
    0xf4, 0x2f, 0xe0, 0xf, 0xf8, 0xf, 0xf4, 0xb,
    0xfc, 0x3, 0xfc, 0x7, 0xff, 0xaa, 0xff, 0xa7,
    0xff, 0xff, 0xff, 0xff, 0xff, 0xff, 0xff, 0xff,
    0x9f, 0xff, 0xff, 0xff, 0xc0, 0x0, 0x3, 0xfd,
    0x0, 0x0, 0x0, 0xff, 0x0, 0x0, 0x0, 0x3f,
    0xc0, 0x0, 0x0, 0x1f, 0xe0, 0x0, 0x0, 0x3,
    0xf0, 0x0,

    /* U+0035 "5" */
    0x0, 0x7, 0xff, 0xff, 0xf4, 0x0, 0x3f, 0xff,
    0xff, 0xf0, 0x2, 0xff, 0xff, 0xff, 0x80, 0xf,
    0xff, 0xff, 0xf8, 0x0, 0x3f, 0xe0, 0x0, 0x0,
    0x0, 0xff, 0x0, 0x0, 0x0, 0x7, 0xfc, 0x0,
    0x0, 0x0, 0x2f, 0xf0, 0x0, 0x0, 0x0, 0xbf,
    0xd5, 0x0, 0x0, 0x3, 0xff, 0xff, 0xd0, 0x0,
    0xf, 0xff, 0xff, 0xe0, 0x0, 0x1f, 0xff, 0xff,
    0xd0, 0x0, 0x0, 0x1b, 0xff, 0x80, 0x0, 0x0,
    0x3, 0xff, 0x0, 0x0, 0x0, 0x7, 0xfc, 0x0,
    0x0, 0x0, 0x1f, 0xf0, 0x0, 0x0, 0x0, 0xff,
    0x80, 0x0, 0x0, 0x7, 0xfd, 0x0, 0xb8, 0x0,
    0xbf, 0xf0, 0xb, 0xff, 0xff, 0xff, 0x0, 0x3f,
    0xff, 0xff, 0xf4, 0x0, 0xbf, 0xff, 0xff, 0x0,
    0x0, 0x2b, 0xff, 0x80, 0x0, 0x0,

    /* U+0036 "6" */
    0x0, 0x0, 0x2, 0xf8, 0x0, 0x0, 0xb, 0xfe,
    0x0, 0x0, 0xf, 0xfe, 0x0, 0x0, 0xf, 0xfc,
    0x0, 0x0, 0xf, 0xf8, 0x0, 0x0, 0xf, 0xf4,
    0x0, 0x0, 0xb, 0xf4, 0x0, 0x0, 0x7, 0xf8,
    0x4, 0x0, 0x3, 0xfc, 0xbf, 0xf4, 0x1, 0xfe,
    0xff, 0xff, 0x40, 0xff, 0xff, 0xff, 0xf0, 0x7f,
    0xf4, 0xf, 0xfc, 0x2f, 0xf0, 0x0, 0xff, 0x4f,
    0xf0, 0x0, 0x3f, 0xd7, 0xf8, 0x0, 0xb, 0xf5,
    0xfd, 0x0, 0x3, 0xfc, 0xbf, 0x40, 0x0, 0xff,
    0x2f, 0xe0, 0x0, 0xbf, 0x8b, 0xfd, 0x0, 0xbf,
    0xc1, 0xff, 0xfb, 0xff, 0xd0, 0x3f, 0xff, 0xff,
    0xd0, 0x3, 0xff, 0xff, 0xd0, 0x0, 0x1b, 0xfe,
    0x40, 0x0,

    /* U+0037 "7" */
    0x2f, 0xff, 0xff, 0xfe, 0xf, 0xff, 0xff, 0xff,
    0xd7, 0xff, 0xff, 0xff, 0xf4, 0xff, 0xff, 0xff,
    0xfc, 0x0, 0x0, 0x3, 0xfe, 0x0, 0x0, 0x1,
    0xff, 0x0, 0x0, 0x0, 0xff, 0x40, 0x0, 0x0,
    0xbf, 0xc0, 0x0, 0x0, 0x7f, 0xd0, 0x0, 0x0,
    0x3f, 0xe0, 0x0, 0x0, 0x2f, 0xf0, 0x0, 0x0,
    0xf, 0xf4, 0x0, 0x0, 0xf, 0xfc, 0x0, 0x0,
    0x7, 0xfc, 0x0, 0x0, 0x3, 0xfe, 0x0, 0x0,
    0x2, 0xff, 0x0, 0x0, 0x1, 0xff, 0x40, 0x0,
    0x0, 0xff, 0x80, 0x0, 0x0, 0xbf, 0xc0, 0x0,
    0x0, 0x3f, 0xd0, 0x0, 0x0, 0x3f, 0xf0, 0x0,
    0x0, 0xf, 0xf0, 0x0, 0x0, 0x3, 0xf4, 0x0,
    0x0, 0x0,

    /* U+0038 "8" */
    0x0, 0x0, 0x6f, 0xf9, 0x0, 0x0, 0x1f, 0xff,
    0xff, 0x0, 0x2, 0xff, 0xff, 0xff, 0x0, 0x1f,
    0xff, 0xff, 0xfd, 0x0, 0xff, 0xd0, 0x1f, 0xf8,
    0x3, 0xfc, 0x0, 0x3f, 0xd0, 0x1f, 0xf0, 0x0,
    0xff, 0x0, 0x3f, 0xd0, 0xf, 0xf8, 0x0, 0xbf,
    0xff, 0xff, 0x80, 0x0, 0xbf, 0xff, 0xf4, 0x0,
    0x2, 0xff, 0xff, 0xc0, 0x0, 0x7f, 0xff, 0xff,
    0xc0, 0x3, 0xfe, 0x1, 0xff, 0xc0, 0x3f, 0xd0,
    0x0, 0xff, 0x1, 0xff, 0x0, 0x3, 0xfd, 0xb,
    0xf8, 0x0, 0xf, 0xf0, 0x3f, 0xd0, 0x0, 0x7f,
    0xc0, 0xff, 0x80, 0x3, 0xfe, 0x3, 0xff, 0x80,
    0x7f, 0xf4, 0x7, 0xff, 0xff, 0xff, 0x80, 0xf,
    0xff, 0xff, 0xf8, 0x0, 0xf, 0xff, 0xff, 0x40,
    0x0, 0x6, 0xff, 0x90, 0x0, 0x0,

    /* U+0039 "9" */
    0x0, 0x6, 0xff, 0x90, 0x0, 0x7, 0xff, 0xff,
    0xc0, 0x1, 0xff, 0xff, 0xff, 0x0, 0x7f, 0xfe,
    0xff, 0xf4, 0xf, 0xf8, 0x0, 0xff, 0xc1, 0xfe,
    0x0, 0x7, 0xfc, 0x3f, 0xc0, 0x0, 0x3f, 0xc3,
    0xfc, 0x0, 0x7, 0xf8, 0x3f, 0xc0, 0x0, 0xbf,
    0x43, 0xfc, 0x0, 0x1f, 0xf0, 0x3f, 0xf4, 0xb,
    0xff, 0x3, 0xff, 0xff, 0xff, 0xe0, 0xf, 0xff,
    0xfb, 0xfc, 0x0, 0x7f, 0xf8, 0xbf, 0x80, 0x0,
    0x10, 0xf, 0xf0, 0x0, 0x0, 0x3, 0xfd, 0x0,
    0x0, 0x0, 0xff, 0xc0, 0x0, 0x0, 0x2f, 0xf0,
    0x0, 0x0, 0xf, 0xfc, 0x0, 0x0, 0x7, 0xff,
    0x0, 0x0, 0x2, 0xff, 0xc0, 0x0, 0x0, 0xbf,
    0xe0, 0x0, 0x0, 0x7, 0xe4, 0x0, 0x0, 0x0,

    /* U+003A ":" */
    0x0, 0x14, 0x0, 0x7f, 0xc0, 0x3f, 0xf8, 0x2f,
    0xfe, 0xb, 0xff, 0x42, 0xff, 0xc0, 0x2f, 0x80,
    0x0, 0x0, 0x0, 0x0, 0x0, 0x0, 0x0, 0x0,
    0x0, 0x5, 0x0, 0x1f, 0xf0, 0xf, 0xfe, 0xb,
    0xff, 0x82, 0xff, 0xe0, 0x7f, 0xf0, 0xb, 0xe0,
    0x0,

    /* U+003B ";" */
    0x0, 0x0, 0x5, 0x0, 0x0, 0x7, 0xfc, 0x0,
    0x0, 0xff, 0xe0, 0x0, 0x2f, 0xfe, 0x0, 0x2,
    0xff, 0xd0, 0x0, 0x2f, 0xfc, 0x0, 0x0, 0xbe,
    0x0, 0x0, 0x0, 0x0, 0x0, 0x0, 0x0, 0x0,
    0x0, 0x0, 0x0, 0x0, 0x0, 0x0, 0x0, 0x0,
    0x5, 0x0, 0x0, 0xb, 0xfd, 0x0, 0x1, 0xff,
    0xf0, 0x0, 0x2f, 0xff, 0x0, 0x3, 0xff, 0xf0,
    0x0, 0x2f, 0xff, 0x0, 0x0, 0xbf, 0xe0, 0x0,
    0x1, 0xfd, 0x0, 0x0, 0x2f, 0xc0, 0x0, 0xb,
    0xf4, 0x0, 0xb, 0xfe, 0x0, 0x2f, 0xff, 0x80,
    0xb, 0xff, 0xc0, 0x0, 0xbf, 0x80, 0x0, 0x0,
    0x0, 0x0, 0x0,

    /* U+003C "<" */
    0x0, 0x0, 0x0, 0x4, 0x0, 0x0, 0x0, 0x6f,
    0xc0, 0x0, 0x1, 0xff, 0xf0, 0x0, 0x7, 0xff,
    0xfc, 0x0, 0x2f, 0xff, 0xf8, 0x0, 0xbf, 0xff,
    0xe0, 0x1, 0xff, 0xff, 0x40, 0x0, 0xff, 0xf9,
    0x0, 0x0, 0x3f, 0xfc, 0x0, 0x0, 0xf, 0xff,
    0xd0, 0x0, 0x3, 0xff, 0xff, 0x40, 0x0, 0x2f,
    0xff, 0xfd, 0x0, 0x0, 0xbf, 0xff, 0xe0, 0x0,
    0x2, 0xff, 0xfc, 0x0, 0x0, 0xb, 0xff, 0x0,
    0x0, 0x0, 0x2f, 0x40, 0x0, 0x0, 0x0, 0x0,
    0x0,

    /* U+003D "=" */
    0x2, 0xff, 0xff, 0xff, 0x80, 0xff, 0xff, 0xff,
    0xfd, 0xf, 0xff, 0xff, 0xff, 0xc0, 0xff, 0xff,
    0xff, 0xf4, 0x0, 0x0, 0x0, 0x0, 0x0, 0x0,
    0x0, 0x0, 0x0, 0x0, 0x0, 0x0, 0x0, 0x0,
    0x0, 0x0, 0x0, 0x0, 0x1f, 0xff, 0xff, 0xfd,
    0x3, 0xff, 0xff, 0xff, 0xf0, 0x7f, 0xff, 0xff,
    0xff, 0x3, 0xff, 0xff, 0xff, 0xc0,

    /* U+003E ">" */
    0x0, 0x50, 0x0, 0x0, 0x0, 0xbf, 0x40, 0x0,
    0x0, 0x3f, 0xfd, 0x0, 0x0, 0x1f, 0xff, 0xf0,
    0x0, 0x2, 0xff, 0xff, 0x80, 0x0, 0xb, 0xff,
    0xfe, 0x0, 0x0, 0x2f, 0xff, 0xe0, 0x0, 0x0,
    0xbf, 0xfc, 0x0, 0x0, 0xf, 0xff, 0x0, 0x0,
    0x2f, 0xff, 0x80, 0x1, 0xbf, 0xff, 0xc0, 0x7,
    0xff, 0xff, 0x40, 0x1f, 0xff, 0xf9, 0x0, 0xf,
    0xff, 0xe0, 0x0, 0x3, 0xff, 0x40, 0x0, 0x0,
    0xfd, 0x0, 0x0, 0x0, 0x0, 0x0, 0x0, 0x0,
    0x0,

    /* U+003F "?" */
    0x0, 0x2f, 0xfe, 0x40, 0x2, 0xff, 0xff, 0xe0,
    0xf, 0xff, 0xff, 0xf4, 0x2f, 0xff, 0xff, 0xfc,
    0x3f, 0xf0, 0xf, 0xfc, 0x3f, 0xc0, 0x7, 0xfc,
    0x5, 0x0, 0xb, 0xf8, 0x0, 0x0, 0x1f, 0xf0,
    0x0, 0x0, 0xbf, 0xe0, 0x0, 0xb, 0xff, 0x80,
    0x0, 0x3f, 0xfd, 0x0, 0x0, 0xff, 0xd0, 0x0,
    0x0, 0xff, 0x40, 0x0, 0x1, 0xfe, 0x0, 0x0,
    0x0, 0x54, 0x0, 0x0, 0x0, 0x0, 0x0, 0x0,
    0x0, 0x0, 0x0, 0x0, 0x2, 0xf8, 0x0, 0x0,
    0xf, 0xfd, 0x0, 0x0, 0x1f, 0xfe, 0x0, 0x0,
    0x2f, 0xfd, 0x0, 0x0, 0x1f, 0xfc, 0x0, 0x0,
    0xb, 0xe0, 0x0, 0x0,

    /* U+0040 "@" */
    0x0, 0x6, 0xff, 0xe0, 0x0, 0x0, 0xbf, 0xff,
    0xfe, 0x0, 0x7, 0xff, 0xff, 0xff, 0xc0, 0xf,
    0xff, 0xff, 0xff, 0xe0, 0xf, 0xf9, 0x0, 0xbf,
    0xf0, 0xb, 0x80, 0x0, 0x1f, 0xf8, 0x0, 0x0,
    0x0, 0xb, 0xfc, 0x0, 0x1b, 0xe4, 0x7, 0xfc,
    0x0, 0xbf, 0xfd, 0x3, 0xfc, 0x3, 0xff, 0xff,
    0x3, 0xfc, 0xb, 0xff, 0xff, 0x3, 0xfc, 0xf,
    0xf0, 0xff, 0x3, 0xfc, 0x2f, 0xd0, 0xff, 0x3,
    0xfc, 0x3f, 0xc0, 0xff, 0x7, 0xf8, 0x7f, 0x80,
    0xff, 0x7, 0xf4, 0xbf, 0x40, 0xff, 0x3, 0xe0,
    0xbf, 0x1, 0xfe, 0x0, 0x0, 0xff, 0x1, 0xfe,
    0x0, 0x0, 0xff, 0x41, 0xff, 0x40, 0x0, 0xff,
    0xe1, 0xff, 0xff, 0xc0, 0xff, 0xf0, 0xff, 0xff,
    0xd0, 0x7f, 0xe0, 0x7f, 0xff, 0xc0, 0x2f, 0xc0,
    0x1b, 0xff, 0x80,

    /* U+0041 "A" */
    0x0, 0x0, 0x2, 0xfc, 0x0, 0x0, 0x0, 0xff,
    0xf0, 0x0, 0x0, 0x2f, 0xff, 0x0, 0x0, 0x3,
    0xff, 0xf0, 0x0, 0x0, 0xbf, 0xff, 0x40, 0x0,
    0xf, 0xfb, 0xf4, 0x0, 0x1, 0xfe, 0xbf, 0x40,
    0x0, 0x3f, 0xc7, 0xf8, 0x0, 0x7, 0xf8, 0x7f,
    0x80, 0x0, 0xff, 0x7, 0xf8, 0x0, 0x1f, 0xe0,
    0x7f, 0xc0, 0x2, 0xfc, 0x3, 0xfc, 0x0, 0x3f,
    0xc0, 0x3f, 0xc0, 0xb, 0xf9, 0x57, 0xfc, 0x0,
    0xff, 0xff, 0xff, 0xc0, 0x2f, 0xff, 0xff, 0xfc,
    0x3, 0xff, 0xff, 0xff, 0xd0, 0x7f, 0x80, 0x3,
    0xfd, 0xf, 0xf0, 0x0, 0x2f, 0xd1, 0xff, 0x0,
    0x2, 0xfe, 0x3f, 0xd0, 0x0, 0x2f, 0xe3, 0xfc,
    0x0, 0x2, 0xfe, 0x2f, 0x40, 0x0, 0xf, 0x80,

    /* U+0042 "B" */
    0x0, 0x3f, 0xff, 0xf4, 0x0, 0xf, 0xff, 0xff,
    0xf4, 0x1, 0xff, 0xff, 0xff, 0xc0, 0x2f, 0xff,
    0xff, 0xfe, 0x3, 0xfe, 0x0, 0x7f, 0xe0, 0x3f,
    0xc0, 0x2, 0xfe, 0x3, 0xfc, 0x0, 0x3f, 0xd0,
    0x7f, 0x80, 0x3, 0xfc, 0xb, 0xf8, 0x1, 0xff,
    0x40, 0xff, 0xff, 0xff, 0xe0, 0xf, 0xff, 0xff,
    0xe0, 0x0, 0xff, 0xff, 0xff, 0x80, 0x1f, 0xff,
    0xff, 0xfe, 0x1, 0xfe, 0x0, 0x3f, 0xf0, 0x2f,
    0xd0, 0x0, 0xff, 0x43, 0xfd, 0x0, 0xf, 0xf4,
    0x3f, 0xc0, 0x0, 0xff, 0x3, 0xfc, 0x0, 0x2f,
    0xf0, 0x7f, 0xc0, 0xb, 0xfe, 0xb, 0xff, 0xff,
    0xff, 0xc0, 0xbf, 0xff, 0xff, 0xf0, 0xb, 0xff,
    0xff, 0xf8, 0x0, 0x3f, 0xff, 0xf8, 0x0, 0x0,

    /* U+0043 "C" */
    0x0, 0x0, 0x1b, 0xfe, 0x40, 0x0, 0xb, 0xff,
    0xff, 0x80, 0x0, 0xff, 0xff, 0xff, 0x0, 0xf,
    0xff, 0xff, 0xfe, 0x0, 0xff, 0xe0, 0xb, 0xf8,
    0xb, 0xfd, 0x0, 0xf, 0xc0, 0x3f, 0xd0, 0x0,
    0x0, 0x2, 0xff, 0x0, 0x0, 0x0, 0xf, 0xf4,
    0x0, 0x0, 0x0, 0x7f, 0xc0, 0x0, 0x0, 0x2,
    0xfe, 0x0, 0x0, 0x0, 0xf, 0xf4, 0x0, 0x0,
    0x0, 0x3f, 0xd0, 0x0, 0x0, 0x0, 0xff, 0x0,
    0x0, 0x0, 0x3, 0xfc, 0x0, 0x0, 0x0, 0xf,
    0xf4, 0x0, 0x0, 0x0, 0x3f, 0xe0, 0x0, 0x0,
    0x0, 0xff, 0xc0, 0x0, 0x0, 0x2, 0xff, 0xd0,
    0xb, 0xd0, 0x7, 0xff, 0xff, 0xff, 0x80, 0xb,
    0xff, 0xff, 0xfc, 0x0, 0xb, 0xff, 0xff, 0xd0,
    0x0, 0x2, 0xff, 0xe4, 0x0, 0x0,

    /* U+0044 "D" */
    0x0, 0x1f, 0xff, 0xf8, 0x0, 0x0, 0xff, 0xff,
    0xfd, 0x0, 0xb, 0xff, 0xff, 0xfc, 0x0, 0x3f,
    0xff, 0xff, 0xfc, 0x0, 0xff, 0x80, 0x7f, 0xf0,
    0x3, 0xfc, 0x0, 0x3f, 0xd0, 0x1f, 0xf0, 0x0,
    0xff, 0x80, 0x7f, 0x80, 0x2, 0xfe, 0x2, 0xfe,
    0x0, 0xb, 0xf8, 0xf, 0xf4, 0x0, 0x2f, 0xd0,
    0x3f, 0xc0, 0x0, 0xbf, 0x40, 0xff, 0x0, 0x3,
    0xfc, 0x7, 0xfc, 0x0, 0xf, 0xf0, 0x2f, 0xe0,
    0x0, 0x7f, 0xc0, 0xff, 0x40, 0x2, 0xfd, 0x3,
    0xfd, 0x0, 0xf, 0xf0, 0xf, 0xf0, 0x0, 0xbf,
    0xc0, 0x7f, 0xc0, 0x7, 0xfd, 0x1, 0xff, 0x0,
    0xbf, 0xe0, 0xb, 0xff, 0xff, 0xff, 0x0, 0x3f,
    0xff, 0xff, 0xf0, 0x0, 0xff, 0xff, 0xfe, 0x0,
    0x1, 0xff, 0xff, 0x80, 0x0, 0x0,

    /* U+0045 "E" */
    0x0, 0x2f, 0xff, 0xff, 0xf0, 0x2, 0xff, 0xff,
    0xff, 0xc0, 0xf, 0xff, 0xff, 0xff, 0x0, 0x7f,
    0xff, 0xff, 0xe0, 0x1, 0xff, 0x0, 0x0, 0x0,
    0xb, 0xf8, 0x0, 0x0, 0x0, 0x3f, 0xd0, 0x0,
    0x0, 0x0, 0xff, 0x0, 0x0, 0x0, 0x3, 0xfc,
    0x0, 0x0, 0x0, 0x1f, 0xff, 0xff, 0xf0, 0x0,
    0xbf, 0xff, 0xff, 0xd0, 0x2, 0xff, 0xff, 0xff,
    0x40, 0xf, 0xff, 0xff, 0xf4, 0x0, 0x3f, 0xc0,
    0x0, 0x0, 0x1, 0xff, 0x0, 0x0, 0x0, 0x7,
    0xf8, 0x0, 0x0, 0x0, 0x2f, 0xe0, 0x0, 0x0,
    0x0, 0xff, 0x40, 0x0, 0x0, 0x3, 0xfd, 0x0,
    0x0, 0x0, 0xf, 0xff, 0xff, 0xfc, 0x0, 0x7f,
    0xff, 0xff, 0xf8, 0x1, 0xff, 0xff, 0xff, 0xe0,
    0x2, 0xff, 0xff, 0xff, 0x0, 0x0,

    /* U+0046 "F" */
    0x0, 0x3f, 0xff, 0xff, 0xf0, 0x3, 0xff, 0xff,
    0xff, 0xd0, 0x1f, 0xff, 0xff, 0xff, 0x0, 0xbf,
    0xff, 0xff, 0xf4, 0x3, 0xfe, 0x0, 0x0, 0x0,
    0xf, 0xf4, 0x0, 0x0, 0x0, 0x3f, 0xc0, 0x0,
    0x0, 0x1, 0xff, 0x0, 0x0, 0x0, 0xb, 0xf8,
    0x0, 0x0, 0x0, 0x2f, 0xff, 0xff, 0xf8, 0x0,
    0xff, 0xff, 0xff, 0xf0, 0x3, 0xff, 0xff, 0xff,
    0x80, 0xf, 0xfa, 0xaa, 0xa4, 0x0, 0x7f, 0xc0,
    0x0, 0x0, 0x2, 0xfe, 0x0, 0x0, 0x0, 0xf,
    0xf4, 0x0, 0x0, 0x0, 0x3f, 0xc0, 0x0, 0x0,
    0x0, 0xff, 0x0, 0x0, 0x0, 0x7, 0xfc, 0x0,
    0x0, 0x0, 0x2f, 0xe0, 0x0, 0x0, 0x0, 0xbf,
    0x80, 0x0, 0x0, 0x3, 0xfd, 0x0, 0x0, 0x0,
    0x7, 0xe0, 0x0, 0x0, 0x0, 0x0,

    /* U+0047 "G" */
    0x0, 0x1, 0xbf, 0xe4, 0x0, 0x0, 0xff, 0xff,
    0xf0, 0x0, 0x7f, 0xff, 0xff, 0xc0, 0xf, 0xff,
    0xff, 0xfc, 0x3, 0xff, 0x40, 0x7f, 0xd0, 0x7f,
    0xd0, 0x2, 0xfc, 0xf, 0xf8, 0x0, 0xa, 0x41,
    0xff, 0x0, 0x0, 0x0, 0x2f, 0xe0, 0x0, 0x0,
    0x3, 0xfc, 0x0, 0x0, 0x0, 0x7f, 0xc0, 0x3f,
    0xfd, 0x7, 0xf8, 0xb, 0xff, 0xf4, 0xbf, 0x80,
    0xbf, 0xff, 0x4f, 0xf4, 0x2, 0xaf, 0xf4, 0xff,
    0x40, 0x0, 0xbf, 0xf, 0xf4, 0x0, 0xf, 0xf0,
    0xff, 0x80, 0x0, 0xff, 0xb, 0xfc, 0x0, 0x2f,
    0xe0, 0x7f, 0xe0, 0xb, 0xfc, 0x3, 0xff, 0xff,
    0xff, 0x80, 0x1f, 0xff, 0xff, 0xe0, 0x0, 0xbf,
    0xff, 0xf4, 0x0, 0x0, 0xbf, 0xe4, 0x0, 0x0,

    /* U+0048 "H" */
    0x0, 0x2f, 0x40, 0x1, 0xf8, 0x0, 0x3f, 0xc0,
    0x3, 0xfc, 0x0, 0x7f, 0x80, 0x3, 0xfc, 0x0,
    0xbf, 0x80, 0x7, 0xfc, 0x0, 0xff, 0x40, 0xb,
    0xf8, 0x0, 0xff, 0x0, 0xf, 0xf4, 0x0, 0xff,
    0x0, 0xf, 0xf0, 0x1, 0xff, 0x0, 0xf, 0xf0,
    0x2, 0xfe, 0x0, 0x1f, 0xf0, 0x3, 0xff, 0xff,
    0xff, 0xe0, 0x3, 0xff, 0xff, 0xff, 0xe0, 0x3,
    0xff, 0xff, 0xff, 0xd0, 0x7, 0xff, 0xff, 0xff,
    0xc0, 0xb, 0xf8, 0x0, 0x7f, 0xc0, 0xb, 0xf8,
    0x0, 0x7f, 0xc0, 0xf, 0xf4, 0x0, 0xbf, 0x80,
    0xf, 0xf0, 0x0, 0xff, 0x40, 0xf, 0xf0, 0x0,
    0xff, 0x0, 0x1f, 0xf0, 0x0, 0xff, 0x0, 0x2f,
    0xe0, 0x1, 0xff, 0x0, 0x3f, 0xd0, 0x2, 0xfe,
    0x0, 0x3f, 0xc0, 0x2, 0xfd, 0x0, 0x2f, 0x40,
    0x1, 0xf8, 0x0,

    /* U+0049 "I" */
    0x0, 0x3f, 0xff, 0xff, 0xd0, 0xf, 0xff, 0xff,
    0xfe, 0x0, 0xff, 0xff, 0xff, 0xd0, 0xb, 0xff,
    0xff, 0xf8, 0x0, 0x0, 0xbf, 0x80, 0x0, 0x0,
    0xf, 0xf4, 0x0, 0x0, 0x0, 0xff, 0x0, 0x0,
    0x0, 0x1f, 0xf0, 0x0, 0x0, 0x1, 0xff, 0x0,
    0x0, 0x0, 0x2f, 0xe0, 0x0, 0x0, 0x3, 0xfd,
    0x0, 0x0, 0x0, 0x3f, 0xc0, 0x0, 0x0, 0x3,
    0xfc, 0x0, 0x0, 0x0, 0x7f, 0xc0, 0x0, 0x0,
    0xb, 0xf8, 0x0, 0x0, 0x0, 0xff, 0x80, 0x0,
    0x0, 0xf, 0xf4, 0x0, 0x0, 0x0, 0xff, 0x0,
    0x0, 0x0, 0x1f, 0xf0, 0x0, 0x1, 0xff, 0xff,
    0xfe, 0x0, 0x7f, 0xff, 0xff, 0xf0, 0x7, 0xff,
    0xff, 0xff, 0x0, 0x3f, 0xff, 0xff, 0xd0, 0x0,

    /* U+004A "J" */
    0x0, 0x0, 0xbf, 0xff, 0xe0, 0x0, 0xb, 0xff,
    0xff, 0xd0, 0x0, 0x3f, 0xff, 0xff, 0x40, 0x0,
    0xbf, 0xff, 0xfd, 0x0, 0x0, 0x15, 0x6f, 0xf0,
    0x0, 0x0, 0x0, 0x7f, 0xc0, 0x0, 0x0, 0x1,
    0xff, 0x0, 0x0, 0x0, 0xb, 0xf8, 0x0, 0x0,
    0x0, 0x3f, 0xd0, 0x0, 0x0, 0x0, 0xff, 0x40,
    0x0, 0x0, 0x3, 0xfc, 0x0, 0x0, 0x0, 0x1f,
    0xf0, 0x0, 0x0, 0x0, 0xbf, 0x80, 0x0, 0x0,
    0x2, 0xfe, 0x0, 0x0, 0x0, 0xf, 0xf4, 0x2,
    0x80, 0x0, 0x3f, 0xc0, 0x7f, 0x80, 0x1, 0xff,
    0x2, 0xff, 0x0, 0xf, 0xf8, 0x7, 0xfe, 0x0,
    0xbf, 0xc0, 0xf, 0xff, 0xff, 0xfe, 0x0, 0x2f,
    0xff, 0xff, 0xe0, 0x0, 0x2f, 0xff, 0xfd, 0x0,
    0x0, 0x1b, 0xfe, 0x40, 0x0, 0x0,

    /* U+004B "K" */
    0x0, 0x1f, 0x40, 0x2, 0xf4, 0x0, 0xff, 0x0,
    0x3f, 0xe0, 0xb, 0xf8, 0x3, 0xff, 0x0, 0x2f,
    0xe0, 0x3f, 0xf0, 0x0, 0xff, 0x43, 0xff, 0x0,
    0x3, 0xfc, 0x3f, 0xf0, 0x0, 0xf, 0xf3, 0xff,
    0x0, 0x0, 0x7f, 0xff, 0xf0, 0x0, 0x2, 0xff,
    0xff, 0x0, 0x0, 0xf, 0xff, 0xf4, 0x0, 0x0,
    0x3f, 0xff, 0xc0, 0x0, 0x0, 0xff, 0xff, 0x80,
    0x0, 0x7, 0xff, 0xff, 0x0, 0x0, 0x2f, 0xff,
    0xfd, 0x0, 0x0, 0xbf, 0x8f, 0xfc, 0x0, 0x3,
    0xfd, 0x2f, 0xf4, 0x0, 0xf, 0xf0, 0x3f, 0xf0,
    0x0, 0x7f, 0xc0, 0xbf, 0xd0, 0x1, 0xff, 0x0,
    0xff, 0x80, 0xb, 0xf8, 0x2, 0xff, 0x0, 0x3f,
    0xd0, 0x7, 0xfe, 0x0, 0xff, 0x0, 0xf, 0xf8,
    0x2, 0xf4, 0x0, 0xf, 0xc0, 0x0,

    /* U+004C "L" */
    0x0, 0x3f, 0x0, 0x0, 0x3, 0xfd, 0x0, 0x0,
    0xf, 0xf0, 0x0, 0x0, 0x3f, 0xc0, 0x0, 0x1,
    0xff, 0x0, 0x0, 0xb, 0xf8, 0x0, 0x0, 0x2f,
    0xd0, 0x0, 0x0, 0xff, 0x40, 0x0, 0x3, 0xfc,
    0x0, 0x0, 0x1f, 0xf0, 0x0, 0x0, 0x7f, 0x80,
    0x0, 0x2, 0xfe, 0x0, 0x0, 0xf, 0xf4, 0x0,
    0x0, 0x3f, 0xc0, 0x0, 0x0, 0xff, 0x0, 0x0,
    0x7, 0xfc, 0x0, 0x0, 0x2f, 0xe0, 0x0, 0x0,
    0xff, 0x40, 0x0, 0x3, 0xfe, 0x0, 0x0, 0xf,
    0xff, 0xff, 0xfd, 0x3f, 0xff, 0xff, 0xf8, 0xff,
    0xff, 0xff, 0xd1, 0xff, 0xff, 0xfe, 0x0,

    /* U+004D "M" */
    0x0, 0x2f, 0xd0, 0x2, 0xfc, 0x0, 0x3f, 0xfc,
    0x3, 0xff, 0x80, 0x1f, 0xff, 0x1, 0xff, 0xf0,
    0xb, 0xff, 0xc0, 0xff, 0xf8, 0x3, 0xff, 0xf0,
    0x7f, 0xfe, 0x0, 0xff, 0xfc, 0x2f, 0xff, 0x40,
    0x3f, 0xef, 0xf, 0xff, 0xc0, 0x1f, 0xeb, 0xc7,
    0xef, 0xf0, 0x7, 0xfa, 0xf7, 0xf7, 0xfc, 0x2,
    0xfd, 0xbe, 0xf9, 0xfe, 0x0, 0xff, 0x2f, 0xfd,
    0xbf, 0x40, 0x3f, 0xcb, 0xff, 0x2f, 0xc0, 0xf,
    0xf1, 0xff, 0x4f, 0xf0, 0x7, 0xf8, 0x7f, 0xc3,
    0xfc, 0x2, 0xfd, 0x1f, 0xe1, 0xfe, 0x0, 0xff,
    0x42, 0xe0, 0x7f, 0x40, 0x3f, 0xc0, 0x0, 0x2f,
    0xd0, 0xf, 0xf0, 0x0, 0xf, 0xf0, 0x7, 0xf8,
    0x0, 0x3, 0xfc, 0x2, 0xfe, 0x0, 0x0, 0xff,
    0x0, 0xbf, 0x40, 0x0, 0x7f, 0x80, 0x3f, 0xc0,
    0x0, 0x2f, 0xd0, 0x7, 0xd0, 0x0, 0x7, 0xe0,
    0x0,

    /* U+004E "N" */
    0x0, 0x2f, 0xd0, 0x0, 0xbd, 0x0, 0xbf, 0xf0,
    0x0, 0xfe, 0x0, 0xff, 0xf0, 0x1, 0xfe, 0x1,
    0xff, 0xf4, 0x2, 0xfd, 0x1, 0xff, 0xf8, 0x3,
    0xfc, 0x2, 0xff, 0xf8, 0x3, 0xfc, 0x3, 0xff,
    0xfc, 0x3, 0xfc, 0x3, 0xfd, 0xfc, 0x7, 0xf8,
    0x3, 0xfc, 0xfc, 0xb, 0xf4, 0x7, 0xf8, 0xfd,
    0xb, 0xf4, 0xb, 0xf4, 0xfe, 0xf, 0xf0, 0xb,
    0xf4, 0xbf, 0xf, 0xf0, 0xf, 0xf0, 0x7f, 0x1f,
    0xe0, 0xf, 0xf0, 0x7f, 0x1f, 0xe0, 0x1f, 0xe0,
    0x3f, 0x6f, 0xd0, 0x1f, 0xe0, 0x3f, 0xbf, 0xc0,
    0x2f, 0xd0, 0x2f, 0xbf, 0xc0, 0x3f, 0xc0, 0x2f,
    0xff, 0xc0, 0x3f, 0xc0, 0x1f, 0xff, 0x80, 0x3f,
    0xc0, 0xf, 0xff, 0x40, 0x7f, 0x80, 0xf, 0xff,
    0x0, 0xbf, 0x40, 0xb, 0xff, 0x0, 0x3e, 0x0,
    0x3, 0xf8, 0x0,

    /* U+004F "O" */
    0x0, 0x0, 0xbf, 0xe4, 0x0, 0x0, 0xbf, 0xff,
    0xe0, 0x0, 0x3f, 0xff, 0xff, 0x40, 0xb, 0xff,
    0xff, 0xfc, 0x1, 0xff, 0x80, 0xff, 0xc0, 0x3f,
    0xe0, 0x3, 0xfd, 0x7, 0xfc, 0x0, 0x3f, 0xd0,
    0xff, 0x80, 0x3, 0xfd, 0xf, 0xf0, 0x0, 0x3f,
    0xd1, 0xff, 0x0, 0x3, 0xfd, 0x2f, 0xe0, 0x0,
    0x3f, 0xc3, 0xfd, 0x0, 0x3, 0xfc, 0x3f, 0xc0,
    0x0, 0x7f, 0xc3, 0xfc, 0x0, 0xb, 0xf8, 0x3f,
    0xc0, 0x0, 0xff, 0x47, 0xfc, 0x0, 0x1f, 0xf0,
    0x7f, 0xc0, 0x3, 0xfe, 0x3, 0xfd, 0x0, 0x7f,
    0xc0, 0x3f, 0xf0, 0x2f, 0xf8, 0x2, 0xff, 0xff,
    0xff, 0x0, 0xf, 0xff, 0xff, 0xc0, 0x0, 0x7f,
    0xff, 0xe0, 0x0, 0x0, 0xbf, 0xe4, 0x0, 0x0,

    /* U+0050 "P" */
    0x0, 0xf, 0xff, 0xfe, 0x40, 0x0, 0x3f, 0xff,
    0xff, 0xe0, 0x0, 0xbf, 0xff, 0xff, 0xf8, 0x0,
    0xbf, 0xff, 0xff, 0xfc, 0x0, 0xff, 0x80, 0xb,
    0xfd, 0x0, 0xff, 0x0, 0x3, 0xfe, 0x1, 0xff,
    0x0, 0x3, 0xfd, 0x1, 0xfe, 0x0, 0x7, 0xfc,
    0x2, 0xfe, 0x0, 0x1f, 0xf8, 0x3, 0xff, 0xff,
    0xff, 0xf0, 0x3, 0xff, 0xff, 0xff, 0xc0, 0x3,
    0xff, 0xff, 0xfe, 0x0, 0x7, 0xff, 0xff, 0xe0,
    0x0, 0xb, 0xf8, 0x0, 0x0, 0x0, 0xb, 0xf4,
    0x0, 0x0, 0x0, 0xf, 0xf4, 0x0, 0x0, 0x0,
    0xf, 0xf0, 0x0, 0x0, 0x0, 0x1f, 0xf0, 0x0,
    0x0, 0x0, 0x1f, 0xe0, 0x0, 0x0, 0x0, 0x2f,
    0xe0, 0x0, 0x0, 0x0, 0x3f, 0xd0, 0x0, 0x0,
    0x0, 0x3f, 0xc0, 0x0, 0x0, 0x0, 0x2f, 0x40,
    0x0, 0x0, 0x0,

    /* U+0051 "Q" */
    0x0, 0x0, 0xbf, 0xe4, 0x0, 0x0, 0xbf, 0xff,
    0xe0, 0x0, 0x3f, 0xff, 0xff, 0x40, 0xb, 0xff,
    0xbf, 0xfc, 0x1, 0xff, 0x80, 0xbf, 0xc0, 0x3f,
    0xe0, 0x3, 0xfd, 0x7, 0xfc, 0x0, 0x3f, 0xd0,
    0xff, 0x40, 0x3, 0xfd, 0xf, 0xf0, 0x0, 0x3f,
    0xd1, 0xff, 0x0, 0x3, 0xfd, 0x2f, 0xe0, 0x0,
    0x3f, 0xd3, 0xfd, 0x0, 0x3, 0xfc, 0x3f, 0xc0,
    0x0, 0x7f, 0xc3, 0xfc, 0x0, 0xb, 0xf8, 0x3f,
    0xc0, 0x0, 0xff, 0x47, 0xfc, 0x0, 0x1f, 0xf0,
    0x7f, 0xc0, 0x3, 0xfe, 0x3, 0xfd, 0x0, 0x7f,
    0xc0, 0x3f, 0xf0, 0x1f, 0xf8, 0x2, 0xff, 0xef,
    0xff, 0x0, 0xf, 0xff, 0xff, 0xc0, 0x0, 0x7f,
    0xff, 0xe0, 0x0, 0x0, 0xbf, 0xe4, 0x0, 0x0,
    0x0, 0x0, 0x0, 0x0, 0x0, 0x0, 0x0, 0x0,
    0x0, 0x0, 0xfe, 0x40, 0x0, 0x0, 0x2f, 0xff,
    0x90, 0x0, 0x3, 0xff, 0xff, 0x0, 0x0, 0xb,
    0xff, 0xf0, 0x0, 0x0, 0x1, 0xbc, 0x0, 0x0,
    0x0, 0x0, 0x0, 0x0,

    /* U+0052 "R" */
    0x0, 0xf, 0xff, 0xfe, 0x40, 0x0, 0x3f, 0xff,
    0xff, 0xe0, 0x0, 0xbf, 0xff, 0xff, 0xf8, 0x0,
    0xbf, 0xff, 0xff, 0xfc, 0x0, 0xff, 0x80, 0xb,
    0xfd, 0x0, 0xff, 0x0, 0x3, 0xfe, 0x1, 0xff,
    0x0, 0x3, 0xfd, 0x1, 0xfe, 0x0, 0x7, 0xfc,
    0x2, 0xfe, 0x0, 0x1f, 0xf8, 0x3, 0xff, 0xff,
    0xff, 0xf0, 0x3, 0xff, 0xff, 0xff, 0xc0, 0x3,
    0xff, 0xff, 0xfe, 0x0, 0x7, 0xff, 0xff, 0xf0,
    0x0, 0xb, 0xf8, 0x2f, 0xf0, 0x0, 0xb, 0xf4,
    0x1f, 0xf0, 0x0, 0xf, 0xf4, 0xf, 0xf8, 0x0,
    0xf, 0xf0, 0xb, 0xfc, 0x0, 0x1f, 0xf0, 0x7,
    0xfc, 0x0, 0x1f, 0xe0, 0x3, 0xfd, 0x0, 0x2f,
    0xe0, 0x3, 0xff, 0x0, 0x3f, 0xd0, 0x2, 0xff,
    0x0, 0x3f, 0xc0, 0x0, 0xff, 0x0, 0x2f, 0x40,
    0x0, 0xbe, 0x0,

    /* U+0053 "S" */
    0x0, 0x1, 0xbf, 0xe4, 0x0, 0x1, 0xff, 0xff,
    0xf0, 0x0, 0x7f, 0xff, 0xff, 0x80, 0xf, 0xff,
    0xff, 0xfc, 0x2, 0xff, 0x40, 0x7f, 0xd0, 0x3f,
    0xd0, 0x2, 0xfc, 0x7, 0xfc, 0x0, 0x5, 0x0,
    0x7f, 0xc0, 0x0, 0x0, 0x7, 0xfe, 0x0, 0x0,
    0x0, 0x3f, 0xfe, 0x40, 0x0, 0x1, 0xff, 0xff,
    0xd0, 0x0, 0x7, 0xff, 0xff, 0x80, 0x0, 0x2,
    0xff, 0xfe, 0x0, 0x0, 0x0, 0x7f, 0xf0, 0x0,
    0x0, 0x1, 0xff, 0x0, 0x0, 0x0, 0xf, 0xf0,
    0x2e, 0x0, 0x0, 0xff, 0xb, 0xf8, 0x0, 0x2f,
    0xf0, 0xbf, 0xd0, 0xb, 0xfd, 0x7, 0xff, 0xff,
    0xff, 0xc0, 0x3f, 0xff, 0xff, 0xf0, 0x0, 0xff,
    0xff, 0xf8, 0x0, 0x1, 0xff, 0xf8, 0x0, 0x0,

    /* U+0054 "T" */
    0x2f, 0xff, 0xff, 0xff, 0x83, 0xff, 0xff, 0xff,
    0xfc, 0x7f, 0xff, 0xff, 0xff, 0xc3, 0xff, 0xff,
    0xff, 0xf0, 0x0, 0xb, 0xf4, 0x0, 0x0, 0x0,
    0xff, 0x40, 0x0, 0x0, 0xf, 0xf0, 0x0, 0x0,
    0x1, 0xff, 0x0, 0x0, 0x0, 0x1f, 0xf0, 0x0,
    0x0, 0x2, 0xfe, 0x0, 0x0, 0x0, 0x3f, 0xd0,
    0x0, 0x0, 0x3, 0xfc, 0x0, 0x0, 0x0, 0x3f,
    0xc0, 0x0, 0x0, 0x7, 0xfc, 0x0, 0x0, 0x0,
    0xbf, 0x80, 0x0, 0x0, 0xb, 0xf4, 0x0, 0x0,
    0x0, 0xff, 0x40, 0x0, 0x0, 0xf, 0xf0, 0x0,
    0x0, 0x1, 0xff, 0x0, 0x0, 0x0, 0x1f, 0xf0,
    0x0, 0x0, 0x2, 0xfe, 0x0, 0x0, 0x0, 0x3f,
    0xd0, 0x0, 0x0, 0x1, 0xf8, 0x0, 0x0, 0x0,

    /* U+0055 "U" */
    0x0, 0xbd, 0x0, 0x7, 0xf0, 0x7, 0xf8, 0x0,
    0x3f, 0xc0, 0x2f, 0xe0, 0x0, 0xff, 0x0, 0xff,
    0x40, 0x7, 0xfc, 0x3, 0xfc, 0x0, 0x1f, 0xe0,
    0xf, 0xf0, 0x0, 0xbf, 0x80, 0x7f, 0xc0, 0x3,
    0xfd, 0x2, 0xfe, 0x0, 0xf, 0xf0, 0xf, 0xf4,
    0x0, 0x3f, 0xc0, 0x3f, 0xd0, 0x1, 0xff, 0x0,
    0xff, 0x0, 0xb, 0xf8, 0x7, 0xfc, 0x0, 0x3f,
    0xd0, 0x2f, 0xe0, 0x0, 0xff, 0x40, 0xbf, 0x80,
    0x3, 0xfc, 0x3, 0xfd, 0x0, 0x1f, 0xf0, 0xf,
    0xf0, 0x0, 0xbf, 0x80, 0x3f, 0xc0, 0x3, 0xfd,
    0x1, 0xff, 0x0, 0x1f, 0xf0, 0x3, 0xfe, 0x1,
    0xff, 0x80, 0xf, 0xff, 0xff, 0xfc, 0x0, 0x1f,
    0xff, 0xff, 0xd0, 0x0, 0x2f, 0xff, 0xfc, 0x0,
    0x0, 0x1b, 0xfe, 0x40, 0x0, 0x0,

    /* U+0056 "V" */
    0x2f, 0x40, 0x0, 0xf, 0x83, 0xfc, 0x0, 0x3,
    0xfc, 0x3f, 0xc0, 0x0, 0x7f, 0x83, 0xfc, 0x0,
    0xf, 0xf0, 0x3f, 0xc0, 0x1, 0xfe, 0x3, 0xfc,
    0x0, 0x3f, 0xc0, 0x2f, 0xc0, 0x3, 0xfc, 0x2,
    0xfd, 0x0, 0xbf, 0x40, 0x2f, 0xd0, 0xf, 0xf0,
    0x1, 0xfd, 0x2, 0xfd, 0x0, 0x1f, 0xd0, 0x3f,
    0xc0, 0x1, 0xfe, 0x7, 0xf4, 0x0, 0xf, 0xe0,
    0xff, 0x0, 0x0, 0xfe, 0x1f, 0xe0, 0x0, 0xf,
    0xf3, 0xfc, 0x0, 0x0, 0xff, 0x7f, 0x80, 0x0,
    0xf, 0xff, 0xf0, 0x0, 0x0, 0xbf, 0xfe, 0x0,
    0x0, 0xb, 0xff, 0xc0, 0x0, 0x0, 0xbf, 0xfc,
    0x0, 0x0, 0x7, 0xff, 0x40, 0x0, 0x0, 0x7f,
    0xf0, 0x0, 0x0, 0x2, 0xf8, 0x0, 0x0, 0x0,

    /* U+0057 "W" */
    0x1, 0xf8, 0x0, 0x0, 0x1f, 0x40, 0xff, 0x0,
    0x0, 0xf, 0xe0, 0x3f, 0xc0, 0x0, 0x7, 0xf8,
    0xf, 0xe0, 0x0, 0x2, 0xfd, 0x7, 0xf8, 0x0,
    0x0, 0xff, 0x1, 0xfd, 0x7, 0xe0, 0x3f, 0x80,
    0xbf, 0x43, 0xfc, 0x1f, 0xd0, 0x2f, 0xc2, 0xff,
    0xb, 0xf0, 0xb, 0xf0, 0xff, 0xc3, 0xfc, 0x3,
    0xfc, 0x3f, 0xf0, 0xfe, 0x0, 0xff, 0x2f, 0xfc,
    0x7f, 0x40, 0x3f, 0xcf, 0xff, 0x2f, 0xc0, 0xf,
    0xe3, 0xef, 0xcf, 0xf0, 0x3, 0xfa, 0xf7, 0xf3,
    0xf8, 0x1, 0xfd, 0xfc, 0xfd, 0xfd, 0x0, 0x7f,
    0xbe, 0x3f, 0xbf, 0x0, 0x2f, 0xff, 0xf, 0xff,
    0xc0, 0xb, 0xff, 0xc3, 0xff, 0xe0, 0x2, 0xff,
    0xe0, 0xff, 0xf0, 0x0, 0xff, 0xf0, 0x3f, 0xfc,
    0x0, 0x3f, 0xfc, 0xf, 0xfe, 0x0, 0xf, 0xfd,
    0x3, 0xff, 0x40, 0x1, 0xfd, 0x0, 0x7f, 0x40,
    0x0,

    /* U+0058 "X" */
    0x0, 0x2f, 0x40, 0x0, 0xfc, 0x0, 0x7f, 0xc0,
    0x3, 0xfc, 0x0, 0x7f, 0xd0, 0xf, 0xf8, 0x0,
    0x3f, 0xe0, 0x2f, 0xf0, 0x0, 0x2f, 0xf0, 0x7f,
    0xd0, 0x0, 0xf, 0xf4, 0xff, 0x80, 0x0, 0xf,
    0xfe, 0xff, 0x0, 0x0, 0x7, 0xff, 0xfc, 0x0,
    0x0, 0x3, 0xff, 0xf4, 0x0, 0x0, 0x2, 0xff,
    0xe0, 0x0, 0x0, 0x1, 0xff, 0xc0, 0x0, 0x0,
    0x1, 0xff, 0x80, 0x0, 0x0, 0x3, 0xff, 0xc0,
    0x0, 0x0, 0xf, 0xff, 0xd0, 0x0, 0x0, 0x2f,
    0xff, 0xe0, 0x0, 0x0, 0x7f, 0xff, 0xf0, 0x0,
    0x0, 0xff, 0x8f, 0xf4, 0x0, 0x3, 0xff, 0xf,
    0xfc, 0x0, 0xb, 0xfc, 0x7, 0xfc, 0x0, 0x1f,
    0xf4, 0x3, 0xfd, 0x0, 0x3f, 0xe0, 0x2, 0xff,
    0x0, 0x7f, 0xc0, 0x1, 0xff, 0x0, 0x3e, 0x0,
    0x0, 0xbd, 0x0,

    /* U+0059 "Y" */
    0x1f, 0x40, 0x0, 0x1f, 0x83, 0xfc, 0x0, 0x3,
    0xfc, 0x3f, 0xd0, 0x0, 0xff, 0x83, 0xfe, 0x0,
    0x1f, 0xf0, 0x1f, 0xf0, 0x3, 0xfc, 0x0, 0xff,
    0x0, 0xbf, 0x80, 0xf, 0xf4, 0x1f, 0xf0, 0x0,
    0xbf, 0x83, 0xfd, 0x0, 0x7, 0xfc, 0xbf, 0x80,
    0x0, 0x3f, 0xdf, 0xf0, 0x0, 0x2, 0xff, 0xfd,
    0x0, 0x0, 0x1f, 0xff, 0x80, 0x0, 0x0, 0xff,
    0xf0, 0x0, 0x0, 0xf, 0xfd, 0x0, 0x0, 0x0,
    0xbf, 0xc0, 0x0, 0x0, 0xb, 0xf4, 0x0, 0x0,
    0x0, 0xff, 0x40, 0x0, 0x0, 0xf, 0xf0, 0x0,
    0x0, 0x1, 0xff, 0x0, 0x0, 0x0, 0x2f, 0xe0,
    0x0, 0x0, 0x2, 0xfe, 0x0, 0x0, 0x0, 0x3f,
    0xd0, 0x0, 0x0, 0x1, 0xf8, 0x0, 0x0, 0x0,

    /* U+005A "Z" */
    0x0, 0x7f, 0xff, 0xff, 0x80, 0xf, 0xff, 0xff,
    0xfd, 0x0, 0xff, 0xff, 0xff, 0xd0, 0xb, 0xff,
    0xff, 0xfc, 0x0, 0x0, 0x0, 0xff, 0x80, 0x0,
    0x0, 0x3f, 0xf0, 0x0, 0x0, 0xb, 0xfc, 0x0,
    0x0, 0x1, 0xff, 0x40, 0x0, 0x0, 0x3f, 0xe0,
    0x0, 0x0, 0xf, 0xfc, 0x0, 0x0, 0x2, 0xff,
    0x0, 0x0, 0x0, 0x7f, 0xd0, 0x0, 0x0, 0xf,
    0xf8, 0x0, 0x0, 0x3, 0xfe, 0x0, 0x0, 0x0,
    0xbf, 0xc0, 0x0, 0x0, 0x2f, 0xf0, 0x0, 0x0,
    0x7, 0xfd, 0x0, 0x0, 0x0, 0xff, 0x80, 0x0,
    0x0, 0x3f, 0xf0, 0x0, 0x0, 0x7, 0xff, 0xff,
    0xff, 0x0, 0xbf, 0xff, 0xff, 0xf8, 0xb, 0xff,
    0xff, 0xff, 0x40, 0x3f, 0xff, 0xff, 0xe0, 0x0,

    /* U+005B "[" */
    0x0, 0x0, 0x0, 0x0, 0x0, 0x1, 0xff, 0xff,
    0x80, 0x1, 0xff, 0xff, 0xf0, 0x0, 0xbf, 0xff,
    0xfc, 0x0, 0x3f, 0xff, 0xfc, 0x0, 0xf, 0xf8,
    0x0, 0x0, 0x3, 0xfc, 0x0, 0x0, 0x1, 0xff,
    0x0, 0x0, 0x0, 0xbf, 0x80, 0x0, 0x0, 0x2f,
    0xd0, 0x0, 0x0, 0xf, 0xf4, 0x0, 0x0, 0x3,
    0xfc, 0x0, 0x0, 0x1, 0xff, 0x0, 0x0, 0x0,
    0x7f, 0xc0, 0x0, 0x0, 0x2f, 0xe0, 0x0, 0x0,
    0xf, 0xf4, 0x0, 0x0, 0x3, 0xfc, 0x0, 0x0,
    0x0, 0xff, 0x0, 0x0, 0x0, 0x7f, 0xc0, 0x0,
    0x0, 0x2f, 0xe0, 0x0, 0x0, 0xb, 0xf8, 0x0,
    0x0, 0x3, 0xfd, 0x0, 0x0, 0x0, 0xff, 0x0,
    0x0, 0x0, 0x3f, 0xc0, 0x0, 0x0, 0x1f, 0xf0,
    0x0, 0x0, 0xb, 0xf8, 0x0, 0x0, 0x2, 0xfd,
    0x0, 0x0, 0x0, 0xff, 0x40, 0x0, 0x0, 0x3f,
    0xc0, 0x0, 0x0, 0x1f, 0xf0, 0x0, 0x0, 0x7,
    0xfc, 0x0, 0x0, 0x2, 0xff, 0xff, 0xd0, 0x0,
    0xff, 0xff, 0xf8, 0x0, 0x2f, 0xff, 0xfd, 0x0,
    0x3, 0xff, 0xfe, 0x0, 0x0,

    /* U+005C "\\" */
    0x2f, 0x0, 0x7, 0xf4, 0x0, 0x7f, 0x80, 0x3,
    0xfc, 0x0, 0x3f, 0xc0, 0x3, 0xfc, 0x0, 0x2f,
    0xd0, 0x1, 0xfe, 0x0, 0xf, 0xe0, 0x0, 0xff,
    0x0, 0xf, 0xf0, 0x0, 0xbf, 0x40, 0xb, 0xf4,
    0x0, 0x7f, 0x80, 0x3, 0xfc, 0x0, 0x3f, 0xc0,
    0x3, 0xfc, 0x0, 0x2f, 0xd0, 0x1, 0xfe, 0x0,
    0xf, 0xe0, 0x0, 0xff, 0x0, 0xf, 0xf0, 0x0,
    0xbf, 0x40, 0xb, 0xf4, 0x0, 0x7f, 0x80, 0x3,
    0xfc, 0x0, 0x3f, 0xc0, 0x3, 0xfc, 0x0, 0x2f,
    0xd0, 0x1, 0xfd, 0x0, 0xf, 0x80,

    /* U+005D "]" */
    0x0, 0x0, 0x0, 0x0, 0x0, 0x0, 0xbf, 0xff,
    0xc0, 0x0, 0x7f, 0xff, 0xf8, 0x0, 0x2f, 0xff,
    0xfe, 0x0, 0x7, 0xff, 0xff, 0x80, 0x0, 0x0,
    0x3f, 0xd0, 0x0, 0x0, 0xf, 0xf4, 0x0, 0x0,
    0x3, 0xfc, 0x0, 0x0, 0x1, 0xff, 0x0, 0x0,
    0x0, 0x7f, 0xc0, 0x0, 0x0, 0x2f, 0xe0, 0x0,
    0x0, 0xf, 0xf4, 0x0, 0x0, 0x3, 0xfc, 0x0,
    0x0, 0x0, 0xff, 0x0, 0x0, 0x0, 0x7f, 0xc0,
    0x0, 0x0, 0x2f, 0xe0, 0x0, 0x0, 0xb, 0xf8,
    0x0, 0x0, 0x3, 0xfd, 0x0, 0x0, 0x0, 0xff,
    0x0, 0x0, 0x0, 0x3f, 0xc0, 0x0, 0x0, 0x1f,
    0xf0, 0x0, 0x0, 0xb, 0xf8, 0x0, 0x0, 0x3,
    0xfd, 0x0, 0x0, 0x0, 0xff, 0x40, 0x0, 0x0,
    0x3f, 0xc0, 0x0, 0x0, 0x1f, 0xf0, 0x0, 0x0,
    0x7, 0xfc, 0x0, 0x0, 0x2, 0xfe, 0x0, 0x0,
    0x0, 0xff, 0x40, 0x0, 0x0, 0x3f, 0xc0, 0x0,
    0x0, 0x2f, 0xf0, 0x0, 0x3f, 0xff, 0xfc, 0x0,
    0x2f, 0xff, 0xfe, 0x0, 0xf, 0xff, 0xff, 0x0,
    0x2, 0xff, 0xff, 0x40, 0x0,

    /* U+005E "^" */
    0x0, 0x0, 0x0, 0x0, 0x0, 0x3f, 0x40, 0x0,
    0xf, 0xfc, 0x0, 0x3, 0xff, 0xe0, 0x0, 0xbf,
    0xff, 0x0, 0xf, 0xff, 0xf4, 0x3, 0xfd, 0xbf,
    0x80, 0xbf, 0x87, 0xfc, 0x1f, 0xf0, 0x3f, 0xd3,
    0xfd, 0x2, 0xfe, 0xbf, 0x80, 0x1f, 0xf7, 0xe0,
    0x0, 0xbd,

    /* U+005F "_" */
    0x1f, 0xff, 0xff, 0xfd, 0xf, 0xff, 0xff, 0xff,
    0xc7, 0xff, 0xff, 0xff, 0xf0, 0xff, 0xff, 0xff,
    0xf4,

    /* U+0060 "`" */
    0x5, 0x0, 0x2, 0xfc, 0x0, 0x7f, 0xe0, 0x7,
    0xff, 0x40, 0x2f, 0xfd, 0x0, 0xff, 0xf0, 0x3,
    0xff, 0xc0, 0x1f, 0xfc, 0x0, 0x7f, 0xc0, 0x2,
    0xe0,

    /* U+0061 "a" */
    0x0, 0x1, 0xbf, 0x43, 0xe0, 0x0, 0x2f, 0xff,
    0x7f, 0xc0, 0x3, 0xff, 0xff, 0xfe, 0x0, 0x3f,
    0xff, 0xff, 0xf4, 0x2, 0xff, 0x80, 0xff, 0xc0,
    0xf, 0xf8, 0x2, 0xfe, 0x0, 0xbf, 0xc0, 0xb,
    0xf4, 0x3, 0xfd, 0x0, 0x2f, 0xd0, 0x1f, 0xf0,
    0x0, 0xff, 0x0, 0x7f, 0x80, 0x3, 0xfc, 0x2,
    0xfe, 0x0, 0x1f, 0xf0, 0xf, 0xf4, 0x0, 0xff,
    0x80, 0x3f, 0xe0, 0xb, 0xfe, 0x0, 0xff, 0xc0,
    0xbf, 0xf8, 0x2, 0xff, 0xff, 0xff, 0xe0, 0x7,
    0xff, 0xfe, 0x7f, 0x80, 0xb, 0xff, 0xe1, 0xfe,
    0x0, 0x7, 0xfd, 0x2, 0xf0, 0x0,

    /* U+0062 "b" */
    0x0, 0x2f, 0x40, 0x0, 0x0, 0x7, 0xf8, 0x0,
    0x0, 0x0, 0xbf, 0x80, 0x0, 0x0, 0xf, 0xf4,
    0x0, 0x0, 0x0, 0xff, 0x0, 0x0, 0x0, 0xf,
    0xf0, 0xbf, 0x80, 0x1, 0xff, 0x7f, 0xff, 0x0,
    0x2f, 0xef, 0xff, 0xfc, 0x2, 0xff, 0xff, 0xff,
    0xd0, 0x3f, 0xfc, 0xb, 0xfe, 0x3, 0xff, 0x0,
    0x3f, 0xe0, 0x7f, 0xc0, 0x2, 0xfe, 0x7, 0xfc,
    0x0, 0x2f, 0xe0, 0xbf, 0x80, 0x3, 0xfd, 0xf,
    0xf4, 0x0, 0x3f, 0xd0, 0xff, 0x0, 0x3, 0xfc,
    0xf, 0xf0, 0x0, 0xbf, 0xc1, 0xff, 0x80, 0xf,
    0xf8, 0x2f, 0xfd, 0x3, 0xff, 0x3, 0xff, 0xff,
    0xff, 0xe0, 0x3f, 0xdf, 0xff, 0xfc, 0x3, 0xfc,
    0xbf, 0xff, 0x0, 0x2f, 0x42, 0xff, 0x40, 0x0,

    /* U+0063 "c" */
    0x0, 0x2, 0xff, 0xe0, 0x0, 0xb, 0xff, 0xff,
    0x40, 0xf, 0xff, 0xff, 0xf0, 0xf, 0xff, 0xff,
    0xfe, 0x7, 0xff, 0x40, 0xbf, 0x43, 0xff, 0x0,
    0xf, 0x81, 0xff, 0x0, 0x0, 0x0, 0xbf, 0x80,
    0x0, 0x0, 0x3f, 0xd0, 0x0, 0x0, 0xf, 0xf0,
    0x0, 0x0, 0x3, 0xfc, 0x0, 0x0, 0x0, 0xff,
    0x0, 0x0, 0x0, 0x3f, 0xe0, 0x0, 0x50, 0xf,
    0xfd, 0x1, 0xfd, 0x2, 0xff, 0xff, 0xff, 0x80,
    0x3f, 0xff, 0xff, 0xc0, 0x7, 0xff, 0xff, 0xc0,
    0x0, 0x1f, 0xfe, 0x40, 0x0,

    /* U+0064 "d" */
    0x0, 0x0, 0x0, 0x3, 0xf0, 0x0, 0x0, 0x0,
    0x3f, 0xd0, 0x0, 0x0, 0x0, 0xff, 0x0, 0x0,
    0x0, 0x7, 0xfc, 0x0, 0x0, 0x0, 0x1f, 0xf0,
    0x0, 0x2f, 0xf4, 0xbf, 0x80, 0x7, 0xff, 0xf3,
    0xfd, 0x0, 0x7f, 0xff, 0xef, 0xf0, 0x3, 0xff,
    0xff, 0xff, 0xc0, 0x3f, 0xf4, 0x1f, 0xff, 0x0,
    0xff, 0x40, 0x1f, 0xf8, 0xb, 0xfc, 0x0, 0x3f,
    0xd0, 0x3f, 0xd0, 0x0, 0xff, 0x0, 0xff, 0x0,
    0x3, 0xfc, 0x7, 0xfc, 0x0, 0x1f, 0xf0, 0x1f,
    0xf0, 0x0, 0xbf, 0x80, 0xbf, 0xc0, 0x3, 0xfd,
    0x2, 0xff, 0x0, 0x2f, 0xf4, 0xb, 0xfe, 0x2,
    0xff, 0xc0, 0x1f, 0xff, 0xff, 0xff, 0x0, 0x3f,
    0xff, 0xf7, 0xfc, 0x0, 0xbf, 0xff, 0xf, 0xf0,
    0x0, 0x7f, 0xe0, 0x1f, 0x80, 0x0,

    /* U+0065 "e" */
    0x0, 0x1, 0xbf, 0xe0, 0x0, 0x7, 0xff, 0xff,
    0x80, 0xb, 0xff, 0xff, 0xf4, 0xb, 0xff, 0xef,
    0xfe, 0x7, 0xfe, 0x0, 0x3f, 0xc3, 0xfd, 0x0,
    0xf, 0xf0, 0xff, 0x0, 0x1f, 0xf8, 0x7f, 0xff,
    0xff, 0xfc, 0x2f, 0xff, 0xff, 0xfd, 0xf, 0xff,
    0xff, 0xe4, 0x3, 0xfc, 0x0, 0x0, 0x0, 0xff,
    0x0, 0x0, 0x0, 0x3f, 0xc0, 0x0, 0x40, 0xb,
    0xfc, 0x1, 0xfc, 0x1, 0xff, 0xff, 0xff, 0x40,
    0x3f, 0xff, 0xff, 0xd0, 0x3, 0xff, 0xff, 0xd0,
    0x0, 0x1f, 0xfe, 0x40, 0x0,

    /* U+0066 "f" */
    0x0, 0x0, 0x0, 0x2, 0xff, 0xc0, 0x0, 0x0,
    0x2, 0xff, 0xfd, 0x0, 0x0, 0x0, 0xbf, 0xff,
    0xc0, 0x0, 0x0, 0xf, 0xff, 0xf4, 0x0, 0x0,
    0x2, 0xff, 0x0, 0x0, 0x0, 0x0, 0x3f, 0xd0,
    0x0, 0x0, 0x0, 0x3, 0xfc, 0x0, 0x0, 0x0,
    0x0, 0x7f, 0xc0, 0x0, 0x0, 0x1f, 0xff, 0xff,
    0xff, 0x80, 0x3, 0xff, 0xff, 0xff, 0xfc, 0x0,
    0x7f, 0xff, 0xff, 0xff, 0xc0, 0x3, 0xff, 0xff,
    0xff, 0xf0, 0x0, 0x0, 0xf, 0xf0, 0x0, 0x0,
    0x0, 0x1, 0xff, 0x0, 0x0, 0x0, 0x0, 0x1f,
    0xf0, 0x0, 0x0, 0x0, 0x2, 0xfe, 0x0, 0x0,
    0x0, 0x0, 0x3f, 0xd0, 0x0, 0x0, 0x0, 0x3,
    0xfd, 0x0, 0x0, 0x0, 0x0, 0x3f, 0xc0, 0x0,
    0x0, 0x0, 0x7, 0xfc, 0x0, 0x0, 0x0, 0x0,
    0x7f, 0x80, 0x0, 0x0, 0x0, 0xb, 0xf8, 0x0,
    0x0, 0x0, 0x0, 0xff, 0x40, 0x0, 0x0, 0x0,
    0xf, 0xf0, 0x0, 0x0, 0x0, 0x1, 0xff, 0x0,
    0x0, 0x0, 0x0, 0x2f, 0xe0, 0x0, 0x0, 0x0,
    0xb, 0xfd, 0x0, 0x0, 0x0, 0xff, 0xff, 0xc0,
    0x0, 0x0, 0x2f, 0xff, 0xf0, 0x0, 0x0, 0x3,
    0xff, 0xfc, 0x0, 0x0, 0x0, 0x1f, 0xe9, 0x0,
    0x0, 0x0, 0x0,

    /* U+0067 "g" */
    0x0, 0x0, 0xbf, 0xd0, 0xfc, 0x0, 0x7, 0xff,
    0xf2, 0xfc, 0x0, 0x1f, 0xff, 0xfb, 0xfc, 0x0,
    0x3f, 0xff, 0xff, 0xfc, 0x0, 0xbf, 0xe0, 0x3f,
    0xf8, 0x0, 0xff, 0x40, 0xf, 0xf8, 0x2, 0xff,
    0x0, 0xf, 0xf4, 0x3, 0xfd, 0x0, 0xf, 0xf0,
    0x3, 0xfc, 0x0, 0xf, 0xf0, 0x7, 0xfc, 0x0,
    0xf, 0xf0, 0x7, 0xfc, 0x0, 0x1f, 0xe0, 0x7,
    0xfc, 0x0, 0x2f, 0xd0, 0x7, 0xfc, 0x0, 0xbf,
    0xd0, 0x7, 0xff, 0x47, 0xff, 0xc0, 0x3, 0xff,
    0xff, 0xff, 0xc0, 0x3, 0xff, 0xff, 0xbf, 0x80,
    0x0, 0xff, 0xfe, 0x7f, 0x80, 0x0, 0x2f, 0xe4,
    0xbf, 0x40, 0x0, 0x0, 0x0, 0xbf, 0x0, 0x1,
    0x0, 0x0, 0xff, 0x0, 0x1f, 0xc0, 0x2, 0xfe,
    0x0, 0x3f, 0xf4, 0xb, 0xfc, 0x0, 0x3f, 0xff,
    0xff, 0xf8, 0x0, 0x2f, 0xff, 0xff, 0xe0, 0x0,
    0xb, 0xff, 0xff, 0x80, 0x0, 0x0, 0xbf, 0xf8,
    0x0, 0x0,

    /* U+0068 "h" */
    0x0, 0x2f, 0x40, 0x0, 0x0, 0x7, 0xf8, 0x0,
    0x0, 0x0, 0xbf, 0x80, 0x0, 0x0, 0xb, 0xf4,
    0x0, 0x0, 0x0, 0xff, 0x0, 0x0, 0x0, 0xf,
    0xf0, 0xbf, 0x80, 0x1, 0xff, 0x3f, 0xff, 0x40,
    0x1f, 0xef, 0xff, 0xfc, 0x2, 0xff, 0xff, 0xff,
    0xd0, 0x3f, 0xfd, 0xb, 0xfd, 0x3, 0xff, 0x0,
    0x3f, 0xd0, 0x3f, 0xc0, 0x3, 0xfd, 0x7, 0xfc,
    0x0, 0x3f, 0xc0, 0xbf, 0x80, 0x3, 0xfc, 0xf,
    0xf4, 0x0, 0x7f, 0xc0, 0xff, 0x40, 0xb, 0xf8,
    0xf, 0xf0, 0x0, 0xff, 0x41, 0xff, 0x0, 0xf,
    0xf4, 0x2f, 0xe0, 0x0, 0xff, 0x2, 0xfe, 0x0,
    0x1f, 0xf0, 0x3f, 0xd0, 0x1, 0xfe, 0x3, 0xfc,
    0x0, 0x2f, 0xd0, 0x2f, 0x40, 0x1, 0xf8, 0x0,

    /* U+0069 "i" */
    0x0, 0x0, 0x2f, 0x40, 0x0, 0x0, 0xff, 0xc0,
    0x0, 0x0, 0xff, 0xc0, 0x0, 0x0, 0xff, 0x80,
    0x0, 0x0, 0x69, 0x0, 0x0, 0x0, 0x0, 0x0,
    0x0, 0x0, 0x0, 0x0, 0x0, 0x6, 0x90, 0x0,
    0x6, 0xff, 0xf4, 0x0, 0x3f, 0xff, 0xf8, 0x0,
    0x3f, 0xff, 0xf8, 0x0, 0x3f, 0xff, 0xf4, 0x0,
    0xa, 0x4f, 0xf0, 0x0, 0x0, 0xf, 0xf0, 0x0,
    0x0, 0x1f, 0xe0, 0x0, 0x0, 0x2f, 0xd0, 0x0,
    0x0, 0x3f, 0xc0, 0x0, 0x0, 0x3f, 0xc0, 0x0,
    0x0, 0x7f, 0x80, 0x0, 0x0, 0xbf, 0x40, 0xbc,
    0x0, 0xff, 0x82, 0xfd, 0x0, 0xff, 0xff, 0xfc,
    0x0, 0xbf, 0xff, 0xf4, 0x0, 0x3f, 0xff, 0xd0,
    0x0, 0xb, 0xfe, 0x0,

    /* U+006A "j" */
    0x0, 0x0, 0x0, 0x2, 0xf8, 0x0, 0x0, 0x0,
    0xb, 0xfd, 0x0, 0x0, 0x0, 0xf, 0xfd, 0x0,
    0x0, 0x0, 0xf, 0xfc, 0x0, 0x0, 0x0, 0x2,
    0xa0, 0x0, 0x0, 0x0, 0x0, 0x0, 0x0, 0x0,
    0x0, 0x0, 0x0, 0x0, 0x0, 0x0, 0x1a, 0x40,
    0x0, 0x0, 0x1b, 0xff, 0xe0, 0x0, 0x0, 0xbf,
    0xff, 0xf0, 0x0, 0x0, 0xff, 0xff, 0xf0, 0x0,
    0x0, 0xbf, 0xff, 0xe0, 0x0, 0x0, 0x25, 0x3f,
    0xd0, 0x0, 0x0, 0x0, 0x3f, 0xd0, 0x0, 0x0,
    0x0, 0x3f, 0xc0, 0x0, 0x0, 0x0, 0x3f, 0xc0,
    0x0, 0x0, 0x0, 0x7f, 0x80, 0x0, 0x0, 0x0,
    0xbf, 0x80, 0x0, 0x0, 0x0, 0xff, 0x40, 0x0,
    0x0, 0x0, 0xff, 0x0, 0x0, 0x0, 0x0, 0xff,
    0x0, 0x0, 0x0, 0x1, 0xff, 0x0, 0x0, 0x0,
    0x2, 0xfe, 0x0, 0x0, 0x0, 0x2, 0xfd, 0x0,
    0x0, 0x0, 0x3, 0xfd, 0x0, 0x0, 0x0, 0x3,
    0xfc, 0x0, 0x6, 0x0, 0x7, 0xfc, 0x0, 0x1f,
    0xc0, 0xf, 0xf8, 0x0, 0x3f, 0xf0, 0x3f, 0xf0,
    0x0, 0x3f, 0xff, 0xff, 0xf0, 0x0, 0x1f, 0xff,
    0xff, 0xc0, 0x0, 0xb, 0xff, 0xff, 0x40, 0x0,
    0x0, 0xbf, 0xe4, 0x0, 0x0,

    /* U+006B "k" */
    0x0, 0x2f, 0x40, 0x0, 0x0, 0x1f, 0xe0, 0x0,
    0x0, 0xb, 0xf4, 0x0, 0x0, 0x3, 0xfc, 0x0,
    0x0, 0x0, 0xff, 0x0, 0x0, 0x0, 0x7f, 0xcb,
    0xfe, 0x0, 0x1f, 0xff, 0xff, 0xf0, 0xb, 0xff,
    0xff, 0xfd, 0x3, 0xff, 0xff, 0xff, 0x80, 0xff,
    0xf9, 0x7f, 0xe0, 0x3f, 0xe0, 0xf, 0xf8, 0x1f,
    0xe0, 0x7, 0xfc, 0xb, 0xf8, 0x1f, 0xff, 0x3,
    0xff, 0xff, 0xff, 0x0, 0xff, 0xff, 0xff, 0x0,
    0x3f, 0xff, 0xfe, 0x0, 0x1f, 0xff, 0xff, 0x0,
    0xb, 0xf8, 0x7f, 0xf0, 0x2, 0xfe, 0xb, 0xfe,
    0x0, 0xff, 0x40, 0xff, 0xd0, 0x3f, 0xc0, 0xf,
    0xfc, 0xf, 0xf0, 0x1, 0xff, 0x82, 0xf0, 0x0,
    0x1f, 0xe0,

    /* U+006C "l" */
    0x0, 0x0, 0x0, 0xbf, 0x80, 0x0, 0x0, 0x2f,
    0xff, 0xc0, 0x0, 0x2, 0xff, 0xff, 0x40, 0x0,
    0x1f, 0xff, 0xfe, 0x0, 0x0, 0xff, 0xcb, 0xf8,
    0x0, 0x7, 0xfc, 0x1f, 0xe0, 0x0, 0x2f, 0xe0,
    0xbf, 0x40, 0x0, 0xff, 0x3, 0xfc, 0x0, 0x3,
    0xfc, 0x1f, 0xe0, 0x0, 0x1f, 0xe0, 0xff, 0x0,
    0x0, 0xbf, 0x47, 0xf8, 0x0, 0x3, 0xfc, 0x7f,
    0xc0, 0x0, 0xf, 0xf7, 0xfd, 0x0, 0x0, 0x3f,
    0xff, 0xd0, 0x0, 0x1, 0xff, 0xfd, 0x0, 0x0,
    0x1f, 0xff, 0xc0, 0x0, 0x7, 0xff, 0xf8, 0x0,
    0x0, 0xff, 0xff, 0x40, 0xb8, 0x3, 0xff, 0xfe,
    0xb, 0xf4, 0xf, 0xeb, 0xff, 0xff, 0xc0, 0x4,
    0xf, 0xff, 0xfd, 0x0, 0x0, 0x2f, 0xff, 0xc0,
    0x0, 0x0, 0x1f, 0xf4, 0x0, 0x0,

    /* U+006D "m" */
    0x1, 0xf4, 0x3f, 0x42, 0xf8, 0x2, 0xfd, 0xff,
    0xdf, 0xfe, 0x2, 0xff, 0xff, 0xff, 0xff, 0x3,
    0xff, 0xbf, 0xfb, 0xff, 0x3, 0xfc, 0x2f, 0xd1,
    0xfe, 0x3, 0xfc, 0x2f, 0xc1, 0xfd, 0x7, 0xf8,
    0x3f, 0xc2, 0xfd, 0x7, 0xf4, 0x3f, 0xc3, 0xfc,
    0xb, 0xf4, 0x3f, 0x83, 0xfc, 0xf, 0xf0, 0x7f,
    0x43, 0xfc, 0xf, 0xf0, 0xbf, 0x7, 0xf8, 0xf,
    0xe0, 0xff, 0xb, 0xf4, 0x1f, 0xe0, 0xff, 0xb,
    0xf0, 0x2f, 0xd0, 0xfe, 0xf, 0xf0, 0x2f, 0xc1,
    0xfe, 0xf, 0xf0, 0x3f, 0xc1, 0xfd, 0xf, 0xe0,
    0x3f, 0xc2, 0xfc, 0x1f, 0xd0, 0x2f, 0x1, 0xf4,
    0xf, 0x80,

    /* U+006E "n" */
    0x1, 0xf4, 0xb, 0xf8, 0x0, 0x3f, 0xc3, 0xff,
    0xf4, 0x2, 0xfe, 0xff, 0xff, 0xc0, 0x2f, 0xff,
    0xff, 0xfd, 0x3, 0xff, 0xd0, 0xbf, 0xd0, 0x3f,
    0xf0, 0x3, 0xfd, 0x7, 0xfc, 0x0, 0x3f, 0xd0,
    0x7f, 0xc0, 0x3, 0xfc, 0xb, 0xf8, 0x0, 0x3f,
    0xc0, 0xff, 0x40, 0x7, 0xfc, 0xf, 0xf4, 0x0,
    0xbf, 0x80, 0xff, 0x0, 0xf, 0xf4, 0x1f, 0xf0,
    0x0, 0xff, 0x42, 0xfe, 0x0, 0xf, 0xf0, 0x2f,
    0xe0, 0x1, 0xff, 0x3, 0xfd, 0x0, 0x1f, 0xe0,
    0x3f, 0xc0, 0x2, 0xfd, 0x2, 0xf4, 0x0, 0x1f,
    0x80,

    /* U+006F "o" */
    0x0, 0x2, 0xff, 0x90, 0x0, 0xb, 0xff, 0xfe,
    0x0, 0xf, 0xff, 0xff, 0xd0, 0xf, 0xff, 0xbf,
    0xfc, 0x7, 0xfd, 0x2, 0xff, 0x3, 0xfe, 0x0,
    0x3f, 0xd1, 0xff, 0x0, 0xf, 0xf4, 0xbf, 0x80,
    0x3, 0xfd, 0x3f, 0xd0, 0x0, 0xff, 0x4f, 0xf0,
    0x0, 0x3f, 0xc3, 0xfc, 0x0, 0x1f, 0xf1, 0xff,
    0x0, 0xf, 0xf8, 0x3f, 0xc0, 0x7, 0xfc, 0xf,
    0xf8, 0x7, 0xfe, 0x2, 0xff, 0xef, 0xff, 0x0,
    0x3f, 0xff, 0xff, 0x0, 0x7, 0xff, 0xfe, 0x0,
    0x0, 0x2f, 0xf9, 0x0, 0x0,

    /* U+0070 "p" */
    0x0, 0x7d, 0x2, 0xff, 0x40, 0x3, 0xfc, 0x3f,
    0xff, 0x80, 0xf, 0xf7, 0xff, 0xff, 0x40, 0x3f,
    0xff, 0xff, 0xfe, 0x0, 0xff, 0xf4, 0x1f, 0xfc,
    0x3, 0xff, 0x0, 0x3f, 0xf0, 0x1f, 0xf0, 0x0,
    0xbf, 0xc0, 0x7f, 0x80, 0x2, 0xfe, 0x2, 0xfe,
    0x0, 0xb, 0xf8, 0xf, 0xf4, 0x0, 0x3f, 0xd0,
    0x3f, 0xc0, 0x0, 0xff, 0x0, 0xff, 0x40, 0xb,
    0xfc, 0x7, 0xfe, 0x0, 0x3f, 0xd0, 0x2f, 0xfd,
    0x7, 0xff, 0x0, 0xbf, 0xff, 0xff, 0xf4, 0x3,
    0xfe, 0xff, 0xff, 0x80, 0xf, 0xf3, 0xff, 0xf4,
    0x0, 0x7f, 0xc2, 0xfe, 0x0, 0x1, 0xfe, 0x0,
    0x0, 0x0, 0xb, 0xf8, 0x0, 0x0, 0x0, 0x3f,
    0xd0, 0x0, 0x0, 0x0, 0xff, 0x0, 0x0, 0x0,
    0x3, 0xfc, 0x0, 0x0, 0x0, 0xb, 0xd0, 0x0,
    0x0, 0x0,

    /* U+0071 "q" */
    0x0, 0x1b, 0xf8, 0xf, 0xc0, 0xb, 0xff, 0xf3,
    0xfd, 0x3, 0xff, 0xff, 0x7f, 0xc0, 0x7f, 0xff,
    0xff, 0xfc, 0xf, 0xfd, 0x7, 0xff, 0xc1, 0xff,
    0x0, 0x1f, 0xf8, 0x2f, 0xe0, 0x0, 0xff, 0x43,
    0xfd, 0x0, 0xf, 0xf4, 0x3f, 0xc0, 0x0, 0xff,
    0x7, 0xfc, 0x0, 0x1f, 0xf0, 0x7f, 0xc0, 0x2,
    0xff, 0x7, 0xfc, 0x0, 0x3f, 0xe0, 0x7f, 0xc0,
    0xb, 0xfd, 0x7, 0xfe, 0x2, 0xff, 0xc0, 0x3f,
    0xff, 0xff, 0xfc, 0x2, 0xff, 0xff, 0xbf, 0xc0,
    0xf, 0xff, 0xdb, 0xf8, 0x0, 0x2f, 0xe4, 0xff,
    0x80, 0x0, 0x0, 0xf, 0xf4, 0x0, 0x0, 0x0,
    0xff, 0x0, 0x0, 0x0, 0x1f, 0xf0, 0x0, 0x0,
    0x1, 0xff, 0x0, 0x0, 0x0, 0x2f, 0xe0, 0x0,
    0x0, 0x0, 0xf8, 0x0,

    /* U+0072 "r" */
    0x0, 0xfc, 0x7, 0xfe, 0x0, 0x2f, 0xd7, 0xff,
    0xf8, 0x3, 0xfd, 0xff, 0xff, 0xc0, 0x3f, 0xff,
    0xff, 0xfd, 0x7, 0xff, 0x80, 0x7f, 0xd0, 0x7f,
    0xd0, 0x3, 0xfd, 0xb, 0xf8, 0x0, 0x3f, 0xc0,
    0xff, 0x40, 0x3, 0xfc, 0xf, 0xf0, 0x0, 0x2e,
    0x0, 0xff, 0x0, 0x0, 0x0, 0x1f, 0xe0, 0x0,
    0x0, 0x2, 0xfe, 0x0, 0x0, 0x0, 0x2f, 0xd0,
    0x0, 0x0, 0x3, 0xfc, 0x0, 0x0, 0x0, 0x3f,
    0xc0, 0x0, 0x0, 0x7, 0xfc, 0x0, 0x0, 0x0,
    0x7f, 0x80, 0x0, 0x0, 0x3, 0xf0, 0x0, 0x0,
    0x0,

    /* U+0073 "s" */
    0x0, 0x6, 0xff, 0xe0, 0x0, 0x1f, 0xff, 0xff,
    0x40, 0x1f, 0xff, 0xff, 0xf0, 0xf, 0xff, 0xff,
    0xfd, 0x7, 0xfd, 0x0, 0xbf, 0x1, 0xff, 0x0,
    0x6, 0x40, 0x7f, 0xd0, 0x0, 0x0, 0xf, 0xff,
    0xe4, 0x0, 0x2, 0xff, 0xff, 0xd0, 0x0, 0x1f,
    0xff, 0xfe, 0x0, 0x0, 0x1b, 0xff, 0xd0, 0x0,
    0x0, 0x1f, 0xf4, 0x3e, 0x0, 0x3, 0xfd, 0x1f,
    0xf4, 0x1, 0xff, 0xb, 0xff, 0xff, 0xff, 0xc0,
    0xff, 0xff, 0xff, 0xc0, 0x1f, 0xff, 0xff, 0xc0,
    0x0, 0xbf, 0xfe, 0x40, 0x0,

    /* U+0074 "t" */
    0x0, 0x2, 0xf0, 0x0, 0x0, 0x1, 0xfe, 0x0,
    0x0, 0x0, 0xff, 0x40, 0x0, 0x0, 0x3f, 0xd0,
    0x0, 0x0, 0xf, 0xf0, 0x0, 0x0, 0x7, 0xfc,
    0x0, 0x2, 0xff, 0xff, 0xff, 0xf1, 0xff, 0xff,
    0xff, 0xfc, 0xbf, 0xff, 0xff, 0xff, 0xf, 0xff,
    0xff, 0xff, 0x40, 0x7, 0xfc, 0x0, 0x0, 0x2,
    0xfe, 0x0, 0x0, 0x0, 0xbf, 0x40, 0x0, 0x0,
    0x3f, 0xd0, 0x0, 0x0, 0xf, 0xf0, 0x0, 0x0,
    0x7, 0xfc, 0x0, 0x0, 0x2, 0xfe, 0x0, 0x0,
    0x0, 0xbf, 0x80, 0xb8, 0x0, 0x3f, 0xf0, 0xbf,
    0x0, 0xf, 0xff, 0xff, 0xc0, 0x2, 0xff, 0xff,
    0xd0, 0x0, 0x3f, 0xff, 0xd0, 0x0, 0x2, 0xff,
    0x80, 0x0,

    /* U+0075 "u" */
    0x2, 0xf4, 0x0, 0x1f, 0x80, 0x7f, 0xc0, 0x3,
    0xfc, 0xb, 0xf8, 0x0, 0x3f, 0xc0, 0xbf, 0x40,
    0x7, 0xfc, 0xf, 0xf4, 0x0, 0xbf, 0x80, 0xff,
    0x0, 0xb, 0xf8, 0x1f, 0xf0, 0x0, 0xff, 0x41,
    0xff, 0x0, 0xf, 0xf0, 0x2f, 0xe0, 0x1, 0xff,
    0x3, 0xfd, 0x0, 0x1f, 0xf0, 0x3f, 0xc0, 0x2,
    0xfe, 0x3, 0xfc, 0x0, 0x3f, 0xd0, 0x7f, 0xd0,
    0xb, 0xfc, 0x7, 0xff, 0x3, 0xff, 0xc0, 0x3f,
    0xff, 0xff, 0xfc, 0x3, 0xff, 0xff, 0x7f, 0xc0,
    0xf, 0xff, 0xd3, 0xfc, 0x0, 0x2f, 0xe0, 0x1f,
    0x80,

    /* U+0076 "v" */
    0x3e, 0x0, 0x0, 0x7d, 0xff, 0x0, 0x0, 0xfe,
    0xff, 0x40, 0x2, 0xfd, 0xbf, 0x40, 0x3, 0xfc,
    0x7f, 0x80, 0xb, 0xf4, 0x3f, 0xc0, 0xf, 0xf0,
    0x3f, 0xc0, 0x2f, 0xd0, 0x3f, 0xc0, 0x3f, 0xc0,
    0x2f, 0xd0, 0xbf, 0x40, 0x2f, 0xe1, 0xff, 0x0,
    0x1f, 0xe3, 0xfd, 0x0, 0xf, 0xff, 0xfc, 0x0,
    0xf, 0xff, 0xf0, 0x0, 0xf, 0xff, 0xe0, 0x0,
    0xb, 0xff, 0xc0, 0x0, 0x7, 0xff, 0x40, 0x0,
    0x3, 0xfe, 0x0, 0x0, 0x2, 0xf8, 0x0, 0x0,

    /* U+0077 "w" */
    0x7, 0xd0, 0x0, 0x0, 0x7d, 0xf, 0xf0, 0x0,
    0x0, 0xfe, 0xf, 0xf0, 0x0, 0x1, 0xfe, 0xf,
    0xf0, 0x19, 0x1, 0xfd, 0xf, 0xe0, 0xbf, 0x42,
    0xfd, 0x1f, 0xe0, 0xff, 0x42, 0xfc, 0x1f, 0xe1,
    0xff, 0x43, 0xfc, 0x1f, 0xd3, 0xff, 0x83, 0xf8,
    0x1f, 0xd7, 0xff, 0x8b, 0xf4, 0x2f, 0xdb, 0xff,
    0x8f, 0xf0, 0x2f, 0xdf, 0xdf, 0xcf, 0xe0, 0x2f,
    0xef, 0x9f, 0xef, 0xd0, 0x2f, 0xff, 0xf, 0xff,
    0xc0, 0x3f, 0xfe, 0xf, 0xff, 0x80, 0x3f, 0xfd,
    0xf, 0xff, 0x0, 0x3f, 0xfc, 0xf, 0xfe, 0x0,
    0x3f, 0xf4, 0xf, 0xfc, 0x0, 0xf, 0xd0, 0x7,
    0xf0, 0x0,

    /* U+0078 "x" */
    0x2, 0xfe, 0x0, 0xb, 0xc0, 0xff, 0xfc, 0x3,
    0xfd, 0x1f, 0xff, 0xe0, 0xff, 0xc1, 0xff, 0xff,
    0x2f, 0xf0, 0x6, 0x7, 0xff, 0xfc, 0x0, 0x0,
    0x3f, 0xff, 0x40, 0x0, 0x3, 0xff, 0xd0, 0x0,
    0x0, 0x2f, 0xf8, 0x0, 0x0, 0x3, 0xfe, 0x0,
    0x0, 0x0, 0xff, 0xe0, 0x0, 0x0, 0x2f, 0xff,
    0x0, 0x0, 0xb, 0xff, 0xf0, 0x0, 0x1, 0xff,
    0xbf, 0x40, 0x0, 0x7f, 0xd3, 0xf8, 0x18, 0x1f,
    0xf8, 0x2f, 0xff, 0xe3, 0xfe, 0x1, 0xff, 0xfe,
    0xbf, 0xc0, 0xb, 0xff, 0xd7, 0xe0, 0x0, 0x1f,
    0xf0,

    /* U+0079 "y" */
    0x0, 0xf, 0xc0, 0x0, 0xfc, 0x0, 0x3f, 0xc0,
    0x2, 0xfd, 0x0, 0x3f, 0xc0, 0x3, 0xfd, 0x0,
    0x7f, 0xc0, 0x3, 0xfc, 0x0, 0xbf, 0x80, 0x7,
    0xfc, 0x0, 0xbf, 0x80, 0x7, 0xfc, 0x0, 0xff,
    0x40, 0xb, 0xf8, 0x0, 0xff, 0x0, 0xf, 0xf4,
    0x1, 0xff, 0x0, 0xf, 0xf0, 0x1, 0xfe, 0x0,
    0xf, 0xf0, 0x2, 0xfe, 0x0, 0x1f, 0xf0, 0x3,
    0xfd, 0x0, 0x3f, 0xe0, 0x3, 0xfe, 0x0, 0x7f,
    0xe0, 0x3, 0xff, 0x42, 0xff, 0xd0, 0x3, 0xff,
    0xff, 0xff, 0xc0, 0x1, 0xff, 0xff, 0xbf, 0xc0,
    0x0, 0xbf, 0xfe, 0x7f, 0xc0, 0x0, 0x1f, 0xf4,
    0x7f, 0x80, 0x0, 0x0, 0x0, 0xbf, 0x40, 0x1,
    0x0, 0x0, 0xff, 0x0, 0x1f, 0xc0, 0x2, 0xff,
    0x0, 0x3f, 0xf4, 0xb, 0xfd, 0x0, 0x3f, 0xff,
    0xff, 0xfc, 0x0, 0x2f, 0xff, 0xff, 0xf0, 0x0,
    0xb, 0xff, 0xff, 0xc0, 0x0, 0x0, 0xbf, 0xf9,
    0x0, 0x0,

    /* U+007A "z" */
    0x1, 0xff, 0xff, 0xff, 0x0, 0xff, 0xff, 0xff,
    0xe0, 0x3f, 0xff, 0xff, 0xf8, 0xb, 0xff, 0xff,
    0xfc, 0x0, 0x0, 0x7, 0xfe, 0x0, 0x0, 0x7,
    0xfe, 0x0, 0x0, 0x7, 0xfd, 0x0, 0x0, 0x7,
    0xfd, 0x0, 0x0, 0xb, 0xfd, 0x0, 0x0, 0xb,
    0xfd, 0x0, 0x0, 0xb, 0xfd, 0x0, 0x0, 0xb,
    0xfd, 0x0, 0x0, 0xb, 0xfc, 0x0, 0x0, 0xb,
    0xfc, 0x0, 0x0, 0x7, 0xff, 0xff, 0xff, 0x2,
    0xff, 0xff, 0xff, 0xe0, 0xbf, 0xff, 0xff, 0xf4,
    0x1f, 0xff, 0xff, 0xf8, 0x0,

    /* U+007B "{" */
    0x0, 0x0, 0x0, 0x5b, 0xd0, 0x0, 0x0, 0x7f,
    0xff, 0x0, 0x0, 0x2f, 0xff, 0xe0, 0x0, 0xb,
    0xff, 0xfc, 0x0, 0x0, 0xff, 0xe4, 0x0, 0x0,
    0x1f, 0xf4, 0x0, 0x0, 0x1, 0xff, 0x0, 0x0,
    0x0, 0x2f, 0xe0, 0x0, 0x0, 0x2, 0xfd, 0x0,
    0x0, 0x0, 0x2f, 0xd0, 0x0, 0x0, 0x3, 0xfd,
    0x0, 0x0, 0x0, 0x3f, 0xd0, 0x0, 0x0, 0x3,
    0xfc, 0x0, 0x0, 0x0, 0xbf, 0xc0, 0x0, 0x0,
    0x6f, 0xf4, 0x0, 0x1, 0xff, 0xfd, 0x0, 0x0,
    0x3f, 0xfe, 0x0, 0x0, 0x3, 0xff, 0xf4, 0x0,
    0x0, 0x2f, 0xff, 0xc0, 0x0, 0x0, 0x7, 0xfe,
    0x0, 0x0, 0x0, 0x3f, 0xe0, 0x0, 0x0, 0x2,
    0xfe, 0x0, 0x0, 0x0, 0x3f, 0xd0, 0x0, 0x0,
    0x3, 0xfc, 0x0, 0x0, 0x0, 0x7f, 0xc0, 0x0,
    0x0, 0xb, 0xf8, 0x0, 0x0, 0x0, 0xff, 0x0,
    0x0, 0x0, 0xf, 0xf0, 0x0, 0x0, 0x1, 0xff,
    0x0, 0x0, 0x0, 0x1f, 0xfd, 0x0, 0x0, 0x1,
    0xff, 0xff, 0x0, 0x0, 0xf, 0xff, 0xf4, 0x0,
    0x0, 0x7f, 0xff, 0x40, 0x0, 0x1, 0xff, 0xf0,
    0x0, 0x0, 0x0, 0x54, 0x0, 0x0,

    /* U+007C "|" */
    0x0, 0x5, 0x40, 0x1, 0xfd, 0x0, 0x3f, 0xd0,
    0x3, 0xfc, 0x0, 0x3f, 0xc0, 0x7, 0xfc, 0x0,
    0xbf, 0x80, 0xb, 0xf8, 0x0, 0xff, 0x40, 0xf,
    0xf0, 0x0, 0xff, 0x0, 0x1f, 0xf0, 0x2, 0xfe,
    0x0, 0x3f, 0xd0, 0x3, 0xfd, 0x0, 0x3f, 0xc0,
    0x7, 0xfc, 0x0, 0x7f, 0xc0, 0xb, 0xf8, 0x0,
    0xff, 0x40, 0xf, 0xf0, 0x0, 0xff, 0x0, 0x1f,
    0xf0, 0x2, 0xfe, 0x0, 0x2f, 0xe0, 0x3, 0xfd,
    0x0, 0x3f, 0xc0, 0x3, 0xfc, 0x0, 0x7f, 0xc0,
    0x7, 0xf8, 0x0, 0x3e, 0x0, 0x0,

    /* U+007D "}" */
    0x0, 0xb, 0xe4, 0x0, 0x0, 0x0, 0xff, 0xfc,
    0x0, 0x0, 0x1f, 0xff, 0xf0, 0x0, 0x0, 0xff,
    0xff, 0x40, 0x0, 0x0, 0x7f, 0xf8, 0x0, 0x0,
    0x0, 0xff, 0x80, 0x0, 0x0, 0xf, 0xf4, 0x0,
    0x0, 0x0, 0xff, 0x0, 0x0, 0x0, 0x1f, 0xf0,
    0x0, 0x0, 0x2, 0xfe, 0x0, 0x0, 0x0, 0x3f,
    0xc0, 0x0, 0x0, 0x3, 0xfc, 0x0, 0x0, 0x0,
    0x7f, 0xc0, 0x0, 0x0, 0xb, 0xfc, 0x0, 0x0,
    0x0, 0x7f, 0xe4, 0x0, 0x0, 0x3, 0xff, 0xfc,
    0x0, 0x0, 0xb, 0xff, 0xc0, 0x0, 0x1, 0xff,
    0xfc, 0x0, 0x0, 0xbf, 0xff, 0x40, 0x0, 0x1f,
    0xf8, 0x0, 0x0, 0x3, 0xfe, 0x0, 0x0, 0x0,
    0x3f, 0xc0, 0x0, 0x0, 0x3, 0xfc, 0x0, 0x0,
    0x0, 0x3f, 0xc0, 0x0, 0x0, 0x7, 0xfc, 0x0,
    0x0, 0x0, 0x7f, 0xc0, 0x0, 0x0, 0x7, 0xf8,
    0x0, 0x0, 0x0, 0xbf, 0x80, 0x0, 0x0, 0xf,
    0xf4, 0x0, 0x0, 0x7, 0xff, 0x0, 0x0, 0x2f,
    0xff, 0xf0, 0x0, 0xb, 0xff, 0xfc, 0x0, 0x0,
    0xbf, 0xff, 0x0, 0x0, 0xb, 0xff, 0x80, 0x0,
    0x0, 0x15, 0x0, 0x0, 0x0, 0x0,

    /* U+007E "~" */
    0x0, 0xbf, 0x80, 0xb, 0x80, 0x7f, 0xfe, 0x1,
    0xfc, 0xf, 0xff, 0xf4, 0x2f, 0xc2, 0xff, 0xff,
    0xc3, 0xfc, 0x3f, 0xc3, 0xff, 0xff, 0x83, 0xf8,
    0x2f, 0xff, 0xf0, 0x3f, 0x40, 0xff, 0xfd, 0x3,
    0xe0, 0x2, 0xfe, 0x0,

    /* U+4E00 "一" */
    0x1, 0x55, 0x55, 0x55, 0x55, 0x55, 0x55, 0x50,
    0x7f, 0xff, 0xff, 0xff, 0xff, 0xff, 0xff, 0xe3,
    0xff, 0xff, 0xff, 0xff, 0xff, 0xff, 0xff, 0x8f,
    0xff, 0xff, 0xff, 0xff, 0xff, 0xff, 0xfd, 0x1f,
    0xff, 0xff, 0xff, 0xff, 0xff, 0xff, 0xe0,

    /* U+4E03 "七" */
    0x0, 0x0, 0x0, 0x14, 0x0, 0x0, 0x0, 0x0,
    0x0, 0x0, 0x3, 0xf8, 0x0, 0x0, 0x0, 0x0,
    0x0, 0x0, 0x2f, 0xe0, 0x0, 0x0, 0x0, 0x0,
    0x0, 0x0, 0xff, 0x80, 0x0, 0x0, 0x0, 0x0,
    0x0, 0x3, 0xfd, 0x0, 0x0, 0x0, 0x0, 0x0,
    0x0, 0xf, 0xf0, 0x0, 0x0, 0x0, 0x0, 0x0,
    0x0, 0x7f, 0xc0, 0x0, 0x0, 0x0, 0x0, 0x0,
    0x2, 0xff, 0x0, 0x0, 0x0, 0x0, 0x0, 0x0,
    0xf, 0xf8, 0x0, 0x5, 0xaf, 0xf0, 0x0, 0x0,
    0x3f, 0xe1, 0xaf, 0xff, 0xff, 0xd0, 0x0, 0x1,
    0xff, 0xff, 0xff, 0xff, 0xff, 0x1, 0x6b, 0xff,
    0xff, 0xff, 0xff, 0xff, 0xf4, 0x2f, 0xff, 0xff,
    0xff, 0xff, 0xfe, 0x94, 0x1, 0xff, 0xff, 0xff,
    0xfe, 0x94, 0x0, 0x0, 0x7, 0xff, 0xff, 0xfe,
    0x0, 0x0, 0x0, 0x0, 0xb, 0x94, 0xf, 0xf4,
    0x0, 0x0, 0x0, 0x0, 0x0, 0x0, 0x3f, 0xc0,
    0x0, 0x0, 0x0, 0x0, 0x0, 0x1, 0xff, 0x0,
    0x0, 0x0, 0x0, 0x0, 0x0, 0xb, 0xfc, 0x0,
    0x0, 0x0, 0x0, 0x0, 0x0, 0x2f, 0xe0, 0x0,
    0x0, 0x9, 0x0, 0x0, 0x0, 0xff, 0x80, 0x0,
    0x0, 0xfe, 0x0, 0x0, 0x3, 0xfd, 0x0, 0x0,
    0xb, 0xf8, 0x0, 0x0, 0xf, 0xf0, 0x0, 0x0,
    0x3f, 0xd0, 0x0, 0x0, 0x7f, 0xc0, 0x0, 0x1,
    0xff, 0x0, 0x0, 0x1, 0xff, 0x40, 0x0, 0x1f,
    0xf8, 0x0, 0x0, 0x7, 0xff, 0xff, 0xff, 0xff,
    0xd0, 0x0, 0x0, 0x1f, 0xff, 0xff, 0xff, 0xfe,
    0x0, 0x0, 0x0, 0x3f, 0xff, 0xff, 0xff, 0xf0,
    0x0, 0x0, 0x0, 0x1f, 0xff, 0xff, 0xf9, 0x0,
    0x0,

    /* U+4E09 "三" */
    0x0, 0x0, 0x0, 0x0, 0x0, 0x0, 0x0, 0x0,
    0x0, 0xb, 0xff, 0xff, 0xff, 0xff, 0xff, 0xd0,
    0x0, 0xbf, 0xff, 0xff, 0xff, 0xff, 0xff, 0xc0,
    0x2, 0xff, 0xff, 0xff, 0xff, 0xff, 0xfe, 0x0,
    0x3, 0xff, 0xff, 0xff, 0xff, 0xff, 0xe0, 0x0,
    0x0, 0x0, 0x0, 0x0, 0x0, 0x0, 0x0, 0x0,
    0x0, 0x0, 0x0, 0x0, 0x0, 0x0, 0x0, 0x0,
    0x0, 0x0, 0x0, 0x0, 0x0, 0x0, 0x0, 0x0,
    0x0, 0x0, 0x0, 0x0, 0x0, 0x0, 0x0, 0x0,
    0x0, 0x0, 0x0, 0x0, 0x0, 0x0, 0x0, 0x0,
    0x0, 0x0, 0x0, 0x0, 0x0, 0x0, 0x0, 0x3f,
    0xff, 0xff, 0xff, 0xf8, 0x0, 0x0, 0x3, 0xff,
    0xff, 0xff, 0xff, 0xf4, 0x0, 0x0, 0xf, 0xff,
    0xff, 0xff, 0xff, 0xc0, 0x0, 0x0, 0x3f, 0xff,
    0xff, 0xff, 0xfd, 0x0, 0x0, 0x0, 0x0, 0x0,
    0x0, 0x0, 0x0, 0x0, 0x0, 0x0, 0x0, 0x0,
    0x0, 0x0, 0x0, 0x0, 0x0, 0x0, 0x0, 0x0,
    0x0, 0x0, 0x0, 0x0, 0x0, 0x0, 0x0, 0x0,
    0x0, 0x0, 0x0, 0x0, 0x0, 0x0, 0x0, 0x0,
    0x0, 0x0, 0x0, 0x0, 0x0, 0x0, 0x0, 0x0,
    0x0, 0x0, 0x0, 0x0, 0x0, 0x0, 0x0, 0x0,
    0x0, 0x0, 0x1, 0xff, 0xff, 0xff, 0xff, 0xff,
    0xff, 0xf4, 0xf, 0xff, 0xff, 0xff, 0xff, 0xff,
    0xff, 0xe0, 0x3f, 0xff, 0xff, 0xff, 0xff, 0xff,
    0xff, 0x80, 0xbf, 0xff, 0xff, 0xff, 0xff, 0xff,
    0xf8, 0x0, 0x0, 0x0, 0x0, 0x0, 0x0, 0x0,
    0x0, 0x0,

    /* U+4E0E "与" */
    0x0, 0x0, 0x2, 0x80, 0x0, 0x0, 0x0, 0x0,
    0x0, 0x0, 0xfe, 0x0, 0x0, 0x0, 0x0, 0x0,
    0x0, 0x2f, 0xe0, 0x0, 0x0, 0x0, 0x0, 0x0,
    0x3, 0xfd, 0x0, 0x0, 0x0, 0x0, 0x0, 0x0,
    0x3f, 0xff, 0xff, 0xff, 0xff, 0xe0, 0x0, 0xb,
    0xff, 0xff, 0xff, 0xff, 0xff, 0x0, 0x0, 0xff,
    0xff, 0xff, 0xff, 0xff, 0xe0, 0x0, 0x1f, 0xfa,
    0xaa, 0xaa, 0xaa, 0xa4, 0x0, 0x2, 0xfd, 0x0,
    0x0, 0x0, 0x0, 0x0, 0x0, 0x3f, 0xc0, 0x0,
    0x0, 0x0, 0x0, 0x0, 0x7, 0xf8, 0x0, 0x0,
    0x0, 0x0, 0x0, 0x0, 0xff, 0xaa, 0xaa, 0xaa,
    0xaa, 0xa4, 0x0, 0x1f, 0xff, 0xff, 0xff, 0xff,
    0xff, 0xd0, 0x1, 0xff, 0xff, 0xff, 0xff, 0xff,
    0xfd, 0x0, 0xf, 0xbf, 0xff, 0xff, 0xff, 0xff,
    0xc0, 0x0, 0x0, 0x0, 0x0, 0x0, 0xb, 0xf8,
    0x0, 0x0, 0x0, 0x0, 0x0, 0x0, 0xbf, 0x40,
    0x0, 0x0, 0x0, 0x0, 0x0, 0xf, 0xf0, 0x1a,
    0xaa, 0xaa, 0xaa, 0xa9, 0x1, 0xff, 0x7, 0xff,
    0xff, 0xff, 0xff, 0xf0, 0x2f, 0xe0, 0xbf, 0xff,
    0xff, 0xff, 0xff, 0x3, 0xfc, 0x7, 0xff, 0xff,
    0xff, 0xff, 0xe0, 0x3f, 0xc0, 0x0, 0x0, 0x0,
    0x0, 0x0, 0xb, 0xf8, 0x0, 0x0, 0x0, 0x0,
    0x0, 0x0, 0xff, 0x0, 0x0, 0x0, 0x0, 0x0,
    0x0, 0x2f, 0xf0, 0x0, 0x0, 0x0, 0x0, 0x0,
    0x7, 0xfd, 0x0, 0x0, 0x0, 0x0, 0xb, 0xff,
    0xff, 0xc0, 0x0, 0x0, 0x0, 0x2, 0xff, 0xff,
    0xf0, 0x0, 0x0, 0x0, 0x0, 0x2f, 0xff, 0xfd,
    0x0, 0x0, 0x0, 0x0, 0x0, 0xff, 0xfd, 0x0,
    0x0,

    /* U+4E2D "中" */
    0x0, 0x0, 0x0, 0x0, 0x10, 0x0, 0x0, 0x0,
    0x0, 0x0, 0x0, 0x1f, 0xc0, 0x0, 0x0, 0x0,
    0x0, 0x0, 0x3, 0xfc, 0x0, 0x0, 0x0, 0x0,
    0x0, 0x0, 0x7f, 0xc0, 0x0, 0x0, 0x0, 0x0,
    0x0, 0x7, 0xfc, 0x0, 0x0, 0x0, 0x0, 0x0,
    0x0, 0xbf, 0x80, 0x0, 0x0, 0x0, 0xbf, 0xff,
    0xff, 0xff, 0xff, 0xff, 0x80, 0x3f, 0xff, 0xff,
    0xff, 0xff, 0xff, 0xfd, 0x3, 0xff, 0xff, 0xff,
    0xff, 0xff, 0xff, 0xd0, 0x7f, 0xff, 0xff, 0xff,
    0xff, 0xff, 0xfc, 0xb, 0xf8, 0x0, 0x2f, 0xf0,
    0x0, 0x7f, 0xc0, 0xbf, 0x40, 0x2, 0xfe, 0x0,
    0x7, 0xfc, 0xf, 0xf0, 0x0, 0x3f, 0xd0, 0x0,
    0xbf, 0x80, 0xff, 0x0, 0x3, 0xfc, 0x0, 0xb,
    0xf4, 0xf, 0xf0, 0x0, 0x3f, 0xc0, 0x0, 0xff,
    0x41, 0xfe, 0x0, 0x7, 0xfc, 0x0, 0xf, 0xf0,
    0x2f, 0xd0, 0x0, 0xbf, 0x80, 0x1, 0xff, 0x3,
    0xff, 0xff, 0xff, 0xff, 0xff, 0xff, 0xf0, 0x3f,
    0xff, 0xff, 0xff, 0xff, 0xff, 0xfe, 0x3, 0xff,
    0xff, 0xff, 0xff, 0xff, 0xff, 0xd0, 0x7f, 0xff,
    0xff, 0xff, 0xff, 0xff, 0xfc, 0x3, 0xf4, 0x0,
    0x1f, 0xf0, 0x0, 0x3f, 0xc0, 0x19, 0x0, 0x2,
    0xfe, 0x0, 0x0, 0x50, 0x0, 0x0, 0x0, 0x3f,
    0xd0, 0x0, 0x0, 0x0, 0x0, 0x0, 0x3, 0xfd,
    0x0, 0x0, 0x0, 0x0, 0x0, 0x0, 0x3f, 0xc0,
    0x0, 0x0, 0x0, 0x0, 0x0, 0x7, 0xfc, 0x0,
    0x0, 0x0, 0x0, 0x0, 0x0, 0x7f, 0xc0, 0x0,
    0x0, 0x0, 0x0, 0x0, 0xb, 0xf8, 0x0, 0x0,
    0x0, 0x0, 0x0, 0x0, 0xbf, 0x40, 0x0, 0x0,
    0x0, 0x0, 0x0, 0x3, 0xd0, 0x0, 0x0, 0x0,
    0x0,

    /* U+4E5D "九" */
    0x0, 0x0, 0x0, 0x2, 0x40, 0x0, 0x0, 0x0,
    0x0, 0x0, 0x0, 0x7f, 0x40, 0x0, 0x0, 0x0,
    0x0, 0x0, 0x3, 0xfe, 0x0, 0x0, 0x0, 0x0,
    0x0, 0x0, 0xf, 0xf4, 0x0, 0x0, 0x0, 0x0,
    0x0, 0x0, 0x3f, 0xc0, 0x0, 0x0, 0x0, 0x0,
    0x0, 0x1, 0xff, 0x0, 0x0, 0x0, 0x0, 0x0,
    0x0, 0xb, 0xfc, 0x0, 0x0, 0x0, 0x0, 0x0,
    0x0, 0x3f, 0xe0, 0x0, 0x40, 0x0, 0x0, 0x3f,
    0xff, 0xff, 0xff, 0xff, 0xd0, 0x0, 0x3, 0xff,
    0xff, 0xff, 0xff, 0xff, 0xc0, 0x0, 0xf, 0xff,
    0xff, 0xff, 0xff, 0xfe, 0x0, 0x0, 0x1f, 0xff,
    0xff, 0xff, 0xff, 0xf4, 0x0, 0x0, 0x0, 0x3,
    0xfd, 0x0, 0x3f, 0xc0, 0x0, 0x0, 0x0, 0x1f,
    0xf0, 0x0, 0xff, 0x0, 0x0, 0x0, 0x0, 0xbf,
    0x80, 0x7, 0xfc, 0x0, 0x0, 0x0, 0x3, 0xfd,
    0x0, 0x1f, 0xe0, 0x0, 0x0, 0x0, 0x1f, 0xf0,
    0x0, 0xbf, 0x80, 0x0, 0x0, 0x0, 0xff, 0x80,
    0x3, 0xfd, 0x0, 0x0, 0x0, 0x7, 0xfc, 0x0,
    0xf, 0xf0, 0x0, 0x0, 0x0, 0x3f, 0xe0, 0x0,
    0x3f, 0xc0, 0x0, 0x0, 0x2, 0xff, 0x0, 0x1,
    0xff, 0x0, 0x0, 0x0, 0x1f, 0xf4, 0x0, 0xb,
    0xf8, 0x0, 0x0, 0x1, 0xff, 0xc0, 0x0, 0x2f,
    0xe0, 0xa, 0x0, 0x1f, 0xfc, 0x0, 0x0, 0xff,
    0x40, 0xbe, 0x2, 0xff, 0xc0, 0x0, 0x3, 0xfc,
    0x3, 0xf8, 0x3f, 0xfd, 0x0, 0x0, 0xf, 0xf0,
    0x1f, 0xd3, 0xff, 0xc0, 0x0, 0x0, 0x7f, 0xff,
    0xff, 0x1f, 0xfc, 0x0, 0x0, 0x1, 0xff, 0xff,
    0xf8, 0x3f, 0x80, 0x0, 0x0, 0x3, 0xff, 0xff,
    0xc0, 0x10, 0x0, 0x0, 0x0, 0x7, 0xff, 0xf8,
    0x0,

    /* U+4E8C "二" */
    0x0, 0x1, 0xff, 0xff, 0xff, 0xff, 0xff, 0xd0,
    0x0, 0xf, 0xff, 0xff, 0xff, 0xff, 0xff, 0xc0,
    0x0, 0x7f, 0xff, 0xff, 0xff, 0xff, 0xff, 0x0,
    0x0, 0xff, 0xff, 0xff, 0xff, 0xff, 0xf4, 0x0,
    0x0, 0x55, 0x55, 0x55, 0x55, 0x55, 0x0, 0x0,
    0x0, 0x0, 0x0, 0x0, 0x0, 0x0, 0x0, 0x0,
    0x0, 0x0, 0x0, 0x0, 0x0, 0x0, 0x0, 0x0,
    0x0, 0x0, 0x0, 0x0, 0x0, 0x0, 0x0, 0x0,
    0x0, 0x0, 0x0, 0x0, 0x0, 0x0, 0x0, 0x0,
    0x0, 0x0, 0x0, 0x0, 0x0, 0x0, 0x0, 0x0,
    0x0, 0x0, 0x0, 0x0, 0x0, 0x0, 0x0, 0x0,
    0x0, 0x0, 0x0, 0x0, 0x0, 0x0, 0x0, 0x0,
    0x0, 0x0, 0x0, 0x0, 0x0, 0x0, 0x0, 0x0,
    0x0, 0x0, 0x0, 0x0, 0x0, 0x0, 0x0, 0x0,
    0x0, 0x0, 0x0, 0x0, 0x0, 0x0, 0x0, 0x0,
    0x0, 0x0, 0x0, 0x0, 0x0, 0x0, 0x0, 0x0,
    0x0, 0x0, 0x0, 0x0, 0x0, 0x0, 0x0, 0x0,
    0x0, 0x0, 0x0, 0x0, 0x6a, 0xaa, 0xaa, 0xaa,
    0xaa, 0xaa, 0xa4, 0xb, 0xff, 0xff, 0xff, 0xff,
    0xff, 0xff, 0xf0, 0x3f, 0xff, 0xff, 0xff, 0xff,
    0xff, 0xff, 0xd1, 0xff, 0xff, 0xff, 0xff, 0xff,
    0xff, 0xff, 0x3, 0xff, 0xff, 0xff, 0xff, 0xff,
    0xff, 0xf4, 0x0, 0x0, 0x0, 0x0, 0x0, 0x0,
    0x0, 0x0,

    /* U+4E91 "云" */
    0x0, 0x0, 0x0, 0x0, 0x0, 0x0, 0x0, 0x0,
    0x0, 0x7f, 0xff, 0xff, 0xff, 0xff, 0xe0, 0x0,
    0xf, 0xff, 0xff, 0xff, 0xff, 0xff, 0x0, 0x0,
    0xff, 0xff, 0xff, 0xff, 0xff, 0xe0, 0x0, 0xb,
    0xff, 0xff, 0xff, 0xff, 0xf8, 0x0, 0x0, 0x0,
    0x0, 0x0, 0x0, 0x0, 0x0, 0x0, 0x0, 0x0,
    0x0, 0x0, 0x0, 0x0, 0x0, 0x0, 0x0, 0x0,
    0x0, 0x0, 0x0, 0x0, 0x0, 0x0, 0x0, 0x0,
    0x0, 0x0, 0x0, 0x0, 0x0, 0x0, 0x0, 0x0,
    0x0, 0x0, 0x0, 0x2f, 0xff, 0xff, 0xff, 0xff,
    0xff, 0xff, 0xd7, 0xff, 0xff, 0xff, 0xff, 0xff,
    0xff, 0xfe, 0x7f, 0xff, 0xff, 0xff, 0xff, 0xff,
    0xff, 0xd2, 0xff, 0xff, 0xff, 0xff, 0xff, 0xff,
    0xf8, 0x0, 0x0, 0xbf, 0xf0, 0x0, 0x0, 0x0,
    0x0, 0x0, 0x1f, 0xfd, 0x0, 0x0, 0x0, 0x0,
    0x0, 0x3, 0xff, 0x80, 0x1, 0x90, 0x0, 0x0,
    0x0, 0xff, 0xe0, 0x0, 0xbf, 0x40, 0x0, 0x0,
    0x2f, 0xfc, 0x0, 0xf, 0xfc, 0x0, 0x0, 0xb,
    0xff, 0x0, 0x0, 0xff, 0xd0, 0x0, 0x1, 0xff,
    0xc0, 0x0, 0x7, 0xff, 0x0, 0x0, 0x7f, 0xf0,
    0x0, 0x0, 0x3f, 0xf4, 0x0, 0x1f, 0xfd, 0x56,
    0xab, 0xff, 0xff, 0xc0, 0x7, 0xff, 0xff, 0xff,
    0xff, 0xff, 0xfd, 0x0, 0xbf, 0xff, 0xff, 0xff,
    0xff, 0xff, 0xe0, 0xb, 0xff, 0xff, 0xff, 0xff,
    0xff, 0xff, 0x0, 0x3f, 0xff, 0xfa, 0x95, 0x0,
    0x2f, 0xf0, 0x0, 0x50, 0x0, 0x0, 0x0, 0x0,
    0xfc, 0x0, 0x0, 0x0, 0x0, 0x0, 0x0, 0x0,
    0x0, 0x0,

    /* U+4E94 "五" */
    0x0, 0x0, 0x55, 0x55, 0x55, 0x55, 0x55, 0x50,
    0x0, 0x7, 0xff, 0xff, 0xff, 0xff, 0xff, 0xf8,
    0x0, 0xf, 0xff, 0xff, 0xff, 0xff, 0xff, 0xfc,
    0x0, 0xf, 0xff, 0xff, 0xff, 0xff, 0xff, 0xf8,
    0x0, 0x2, 0xaa, 0xaf, 0xfe, 0xaa, 0xaa, 0x90,
    0x0, 0x0, 0x0, 0xf, 0xf8, 0x0, 0x0, 0x0,
    0x0, 0x0, 0x0, 0x1f, 0xf0, 0x0, 0x0, 0x0,
    0x0, 0x0, 0x0, 0x2f, 0xf0, 0x0, 0x0, 0x0,
    0x0, 0x0, 0x0, 0x3f, 0xe0, 0x0, 0x0, 0x0,
    0x0, 0x0, 0x0, 0x7f, 0xd0, 0x0, 0x0, 0x0,
    0x0, 0x2, 0xff, 0xff, 0xff, 0xff, 0xe0, 0x0,
    0x0, 0xb, 0xff, 0xff, 0xff, 0xff, 0xf0, 0x0,
    0x0, 0xb, 0xff, 0xff, 0xff, 0xff, 0xf0, 0x0,
    0x0, 0x3, 0xff, 0xff, 0xff, 0xff, 0xf0, 0x0,
    0x0, 0x0, 0x3, 0xfd, 0x0, 0x3f, 0xe0, 0x0,
    0x0, 0x0, 0x3, 0xfc, 0x0, 0x3f, 0xd0, 0x0,
    0x0, 0x0, 0xb, 0xfc, 0x0, 0x7f, 0xc0, 0x0,
    0x0, 0x0, 0xf, 0xf4, 0x0, 0xbf, 0x80, 0x0,
    0x0, 0x0, 0x1f, 0xf0, 0x0, 0xff, 0x40, 0x0,
    0x0, 0x0, 0x2f, 0xe0, 0x0, 0xff, 0x0, 0x0,
    0x0, 0x0, 0x3f, 0xd0, 0x1, 0xff, 0x0, 0x0,
    0x0, 0x0, 0x7f, 0xc0, 0x2, 0xfe, 0x0, 0x0,
    0xa, 0xaa, 0xff, 0xea, 0xab, 0xff, 0xaa, 0x0,
    0x3f, 0xff, 0xff, 0xff, 0xff, 0xff, 0xff, 0xc0,
    0xbf, 0xff, 0xff, 0xff, 0xff, 0xff, 0xff, 0xc0,
    0x7f, 0xff, 0xff, 0xff, 0xff, 0xff, 0xff, 0x80,
    0x15, 0x55, 0x55, 0x55, 0x55, 0x55, 0x55, 0x0,

    /* U+4EAC "京" */
    0x0, 0x0, 0x0, 0x0, 0x0, 0x0, 0x0, 0x0,
    0x0, 0x0, 0x0, 0x0, 0x7, 0xe0, 0x0, 0x0,
    0x0, 0x0, 0x0, 0x0, 0x3, 0xfc, 0x0, 0x0,
    0x0, 0x0, 0x0, 0x0, 0x1, 0xff, 0x40, 0x0,
    0x0, 0x0, 0x2f, 0xff, 0xff, 0xff, 0xff, 0xff,
    0xfe, 0x0, 0x1f, 0xff, 0xff, 0xff, 0xff, 0xff,
    0xff, 0xe0, 0xb, 0xff, 0xff, 0xff, 0xff, 0xff,
    0xff, 0xf4, 0x1, 0xff, 0xff, 0xff, 0xff, 0xff,
    0xff, 0xf8, 0x0, 0x0, 0x0, 0x0, 0x0, 0x0,
    0x0, 0x0, 0x0, 0x0, 0x0, 0x0, 0x0, 0x0,
    0x0, 0x0, 0x0, 0x0, 0x1f, 0xff, 0xff, 0xff,
    0xff, 0xf0, 0x0, 0x0, 0xf, 0xff, 0xff, 0xff,
    0xff, 0xfd, 0x0, 0x0, 0x3, 0xff, 0xff, 0xff,
    0xff, 0xff, 0x0, 0x0, 0x1, 0xfe, 0x0, 0x0,
    0x0, 0x7f, 0xc0, 0x0, 0x0, 0xbf, 0x40, 0x0,
    0x0, 0x1f, 0xf0, 0x0, 0x0, 0x2f, 0xc0, 0x0,
    0x0, 0xb, 0xf8, 0x0, 0x0, 0xf, 0xf9, 0x55,
    0x55, 0x57, 0xfd, 0x0, 0x0, 0x3, 0xff, 0xff,
    0xff, 0xff, 0xff, 0x40, 0x0, 0x0, 0xff, 0xff,
    0xff, 0xff, 0xff, 0xc0, 0x0, 0x0, 0x2f, 0xff,
    0xff, 0xff, 0xff, 0xc0, 0x0, 0x0, 0x0, 0x0,
    0xf, 0xf0, 0x0, 0x0, 0x0, 0x0, 0x0, 0x0,
    0x3, 0xfc, 0x0, 0x0, 0x0, 0x0, 0x1, 0xf4,
    0x1, 0xff, 0x0, 0xbc, 0x0, 0x0, 0x1, 0xff,
    0x0, 0xbf, 0x80, 0x3f, 0xc0, 0x0, 0x1, 0xff,
    0x80, 0x2f, 0xe0, 0x1f, 0xf8, 0x0, 0x1, 0xff,
    0x80, 0xf, 0xf4, 0x3, 0xff, 0x40, 0x1, 0xff,
    0x80, 0x3, 0xfc, 0x0, 0x3f, 0xf0, 0x0, 0xff,
    0x80, 0x6f, 0xff, 0x0, 0xb, 0xfc, 0x0, 0x3f,
    0x40, 0x7f, 0xff, 0x80, 0x0, 0xfe, 0x0, 0x1,
    0x0, 0x1f, 0xff, 0xc0, 0x0, 0x4, 0x0, 0x0,
    0x0, 0x3, 0xff, 0x40, 0x0, 0x0, 0x0, 0x0,
    0x0, 0x0, 0x0, 0x0, 0x0, 0x0, 0x0, 0x0,

    /* U+4F4D "位" */
    0x0, 0x0, 0x0, 0x0, 0x0, 0x10, 0x0, 0x0,
    0x0, 0x0, 0x90, 0x0, 0xf, 0xc0, 0x0, 0x0,
    0x0, 0x7f, 0x0, 0x1, 0xfe, 0x0, 0x0, 0x0,
    0xf, 0xf0, 0x0, 0x2f, 0xe0, 0x0, 0x0, 0x2,
    0xff, 0x0, 0x1, 0xfd, 0x0, 0x0, 0x0, 0x3f,
    0xc0, 0x0, 0x6, 0x40, 0x0, 0x0, 0xf, 0xf4,
    0x3f, 0xff, 0xff, 0xff, 0xc0, 0x2, 0xff, 0xf,
    0xff, 0xff, 0xff, 0xfe, 0x0, 0xbf, 0xc0, 0xff,
    0xff, 0xff, 0xff, 0xe0, 0x1f, 0xfc, 0xb, 0xff,
    0xff, 0xff, 0xf8, 0x7, 0xff, 0xc0, 0x0, 0x0,
    0x0, 0x0, 0x1, 0xff, 0xf8, 0x0, 0x60, 0x0,
    0x7, 0x80, 0x3f, 0xff, 0x40, 0x1f, 0x80, 0x1,
    0xfd, 0x7, 0xff, 0xf4, 0x3, 0xfc, 0x0, 0x3f,
    0xd0, 0x3f, 0xff, 0x0, 0x3f, 0xc0, 0x3, 0xfc,
    0x0, 0x4f, 0xf0, 0x3, 0xfc, 0x0, 0x7f, 0x80,
    0x0, 0xff, 0x0, 0x3f, 0xc0, 0xf, 0xf0, 0x0,
    0x1f, 0xe0, 0x3, 0xfc, 0x0, 0xff, 0x0, 0x2,
    0xfd, 0x0, 0x3f, 0xc0, 0x1f, 0xd0, 0x0, 0x3f,
    0xd0, 0x3, 0xfc, 0x3, 0xfc, 0x0, 0x3, 0xfc,
    0x0, 0x3f, 0xc0, 0x3f, 0x80, 0x0, 0x3f, 0xc0,
    0x3, 0xfc, 0xb, 0xf4, 0x0, 0x7, 0xfc, 0x0,
    0x3f, 0xc0, 0xff, 0x0, 0x0, 0x7f, 0x80, 0x3,
    0xf4, 0x1f, 0xd0, 0x0, 0xb, 0xf4, 0x0, 0x4,
    0x2, 0xfc, 0x0, 0x0, 0xff, 0x0, 0x0, 0x0,
    0x3f, 0x80, 0x0, 0xf, 0xf0, 0xff, 0xff, 0xff,
    0xff, 0xfc, 0x0, 0xff, 0x2f, 0xff, 0xff, 0xff,
    0xff, 0xd0, 0x1f, 0xe3, 0xff, 0xff, 0xff, 0xff,
    0xfc, 0x1, 0xfd, 0xf, 0xff, 0xff, 0xff, 0xfe,
    0x0, 0xf, 0x80, 0x0, 0x0, 0x0, 0x0, 0x0,
    0x0,

    /* U+4F4E "低" */
    0x0, 0x0, 0x0, 0x0, 0x0, 0x0, 0x0, 0x0,
    0x0, 0x1, 0x80, 0x0, 0x0, 0x1, 0xbc, 0x0,
    0x0, 0xfe, 0x0, 0x0, 0x1b, 0xff, 0xf0, 0x0,
    0x1f, 0xe0, 0x6, 0xff, 0xff, 0xfe, 0x0, 0x3,
    0xfc, 0xf, 0xff, 0xff, 0xff, 0x80, 0x0, 0xbf,
    0x83, 0xff, 0xff, 0xfd, 0x40, 0x0, 0x1f, 0xf0,
    0x7f, 0xfe, 0xbf, 0xc0, 0x0, 0x3, 0xfd, 0xf,
    0xf0, 0x3, 0xfc, 0x0, 0x0, 0xbf, 0xc0, 0xfe,
    0x0, 0x3f, 0xc0, 0x0, 0x1f, 0xf8, 0xf, 0xe0,
    0x3, 0xf8, 0x0, 0x7, 0xff, 0x41, 0xfd, 0x0,
    0x7f, 0x80, 0x0, 0xff, 0xf4, 0x2f, 0xc0, 0x7,
    0xf4, 0x0, 0x3f, 0xff, 0x2, 0xfe, 0xaa, 0xff,
    0xea, 0x4b, 0xff, 0xf0, 0x3f, 0xff, 0xff, 0xff,
    0xfe, 0xbf, 0xff, 0x3, 0xff, 0xff, 0xff, 0xff,
    0xe7, 0xef, 0xe0, 0x7f, 0xff, 0xff, 0xff, 0xf8,
    0x1, 0xfd, 0x7, 0xf4, 0x0, 0xff, 0x0, 0x0,
    0x2f, 0xd0, 0xbf, 0x0, 0xf, 0xf0, 0x0, 0x3,
    0xfc, 0xf, 0xf0, 0x0, 0xff, 0x0, 0x0, 0x3f,
    0xc0, 0xff, 0x0, 0xf, 0xf0, 0x0, 0x3, 0xf8,
    0xf, 0xe0, 0x0, 0xff, 0x0, 0x0, 0x7f, 0x81,
    0xfd, 0x0, 0xf, 0xf0, 0x0, 0x7, 0xf4, 0x2f,
    0xd0, 0x0, 0xff, 0x0, 0x0, 0xbf, 0x2, 0xfc,
    0x7, 0x4f, 0xf0, 0x0, 0xf, 0xf0, 0x3f, 0xc0,
    0xfc, 0xff, 0x7, 0x40, 0xff, 0x3, 0xf8, 0xf,
    0xdb, 0xf7, 0xf4, 0xf, 0xe0, 0x3f, 0xe4, 0xfe,
    0xbf, 0xff, 0x1, 0xfe, 0xb, 0xff, 0xdb, 0xf7,
    0xff, 0xd0, 0x2f, 0xd0, 0xff, 0xfc, 0x7e, 0x3f,
    0xfc, 0x2, 0xfc, 0x1f, 0xff, 0x42, 0xc1, 0xff,
    0x0, 0xf, 0x40, 0xfe, 0x40, 0x0, 0x6, 0x80,
    0x0,

    /* U+516B "八" */
    0x0, 0x0, 0x0, 0x0, 0x0, 0xb, 0x40, 0x0,
    0x0, 0x0, 0xf, 0xc0, 0x2, 0xfc, 0x0, 0x0,
    0x0, 0x2, 0xfe, 0x0, 0x3f, 0xc0, 0x0, 0x0,
    0x0, 0x3f, 0xd0, 0x3, 0xfc, 0x0, 0x0, 0x0,
    0x7, 0xfc, 0x0, 0x3f, 0xc0, 0x0, 0x0, 0x0,
    0xbf, 0xc0, 0x3, 0xfc, 0x0, 0x0, 0x0, 0xf,
    0xf8, 0x0, 0x3f, 0xc0, 0x0, 0x0, 0x0, 0xff,
    0x0, 0x3, 0xfc, 0x0, 0x0, 0x0, 0x1f, 0xf0,
    0x0, 0x3f, 0xc0, 0x0, 0x0, 0x3, 0xfe, 0x0,
    0x3, 0xfc, 0x0, 0x0, 0x0, 0x3f, 0xc0, 0x0,
    0x3f, 0xc0, 0x0, 0x0, 0xb, 0xfc, 0x0, 0x3,
    0xfc, 0x0, 0x0, 0x0, 0xff, 0x40, 0x0, 0x3f,
    0xc0, 0x0, 0x0, 0x1f, 0xf0, 0x0, 0x3, 0xfd,
    0x0, 0x0, 0x3, 0xfe, 0x0, 0x0, 0x3f, 0xe0,
    0x0, 0x0, 0x7f, 0xc0, 0x0, 0x3, 0xfe, 0x0,
    0x0, 0xf, 0xf8, 0x0, 0x0, 0x2f, 0xf0, 0x0,
    0x1, 0xff, 0x0, 0x0, 0x1, 0xff, 0x0, 0x0,
    0x3f, 0xe0, 0x0, 0x0, 0xf, 0xf8, 0x0, 0xb,
    0xfc, 0x0, 0x0, 0x0, 0xff, 0xc0, 0x1, 0xff,
    0x40, 0x0, 0x0, 0xb, 0xfd, 0x0, 0x3f, 0xf0,
    0x0, 0x0, 0x0, 0x7f, 0xf0, 0xf, 0xfc, 0x0,
    0x0, 0x0, 0x3, 0xff, 0x43, 0xff, 0x40, 0x0,
    0x0, 0x0, 0x2f, 0xfc, 0x7f, 0xd0, 0x0, 0x0,
    0x0, 0x0, 0xff, 0xcb, 0xf4, 0x0, 0x0, 0x0,
    0x0, 0x7, 0xf4, 0x3d, 0x0, 0x0, 0x0, 0x0,
    0x0, 0x19, 0x0,

    /* U+516D "六" */
    0x0, 0x0, 0x0, 0x0, 0x1a, 0x0, 0x0, 0x0,
    0x0, 0x0, 0x0, 0x0, 0x2f, 0xd0, 0x0, 0x0,
    0x0, 0x0, 0x0, 0x0, 0xf, 0xfc, 0x0, 0x0,
    0x0, 0x0, 0x0, 0x0, 0x3, 0xff, 0x0, 0x0,
    0x0, 0x0, 0x0, 0x0, 0x0, 0xbf, 0xd0, 0x0,
    0x0, 0x0, 0x0, 0x0, 0x0, 0x1f, 0xf4, 0x0,
    0x0, 0x0, 0x0, 0x0, 0x0, 0x3, 0xf8, 0x0,
    0x0, 0x0, 0x0, 0x0, 0x0, 0x0, 0x54, 0x0,
    0x0, 0x0, 0x0, 0xff, 0xff, 0xff, 0xff, 0xff,
    0xff, 0xff, 0x0, 0xbf, 0xff, 0xff, 0xff, 0xff,
    0xff, 0xff, 0xd0, 0x3f, 0xff, 0xff, 0xff, 0xff,
    0xff, 0xff, 0xf0, 0x7, 0xff, 0xff, 0xff, 0xff,
    0xff, 0xff, 0xf4, 0x0, 0x0, 0x0, 0x0, 0x0,
    0x0, 0x0, 0x0, 0x0, 0x0, 0x0, 0x0, 0x0,
    0x0, 0x0, 0x0, 0x0, 0x0, 0x0, 0x0, 0x0,
    0x0, 0x0, 0x0, 0x0, 0x0, 0x0, 0x7d, 0x0,
    0x1, 0xf4, 0x0, 0x0, 0x0, 0x0, 0x3f, 0xc0,
    0x1, 0xff, 0x0, 0x0, 0x0, 0x0, 0x3f, 0xf0,
    0x0, 0xbf, 0xd0, 0x0, 0x0, 0x0, 0x2f, 0xf8,
    0x0, 0x1f, 0xfc, 0x0, 0x0, 0x0, 0x1f, 0xfc,
    0x0, 0x3, 0xff, 0x80, 0x0, 0x0, 0x1f, 0xfc,
    0x0, 0x0, 0x7f, 0xf0, 0x0, 0x0, 0xf, 0xfd,
    0x0, 0x0, 0xf, 0xfe, 0x0, 0x0, 0xf, 0xfe,
    0x0, 0x0, 0x1, 0xff, 0xc0, 0x0, 0xf, 0xff,
    0x0, 0x0, 0x0, 0x3f, 0xf8, 0x0, 0xb, 0xff,
    0x0, 0x0, 0x0, 0xb, 0xff, 0x0, 0xb, 0xff,
    0x0, 0x0, 0x0, 0x0, 0xff, 0xd0, 0x3, 0xff,
    0x0, 0x0, 0x0, 0x0, 0x2f, 0xf4, 0x0, 0xff,
    0x40, 0x0, 0x0, 0x0, 0x7, 0xfc, 0x0, 0xa,
    0x40, 0x0, 0x0, 0x0, 0x0, 0x64, 0x0, 0x0,

    /* U+5185 "内" */
    0x0, 0x0, 0x0, 0x0, 0x0, 0x0, 0x0, 0x0,
    0x0, 0x0, 0x0, 0x0, 0xfc, 0x0, 0x0, 0x0,
    0x0, 0x0, 0x0, 0xf, 0xf0, 0x0, 0x0, 0x0,
    0x0, 0x0, 0x0, 0x3f, 0xc0, 0x0, 0x0, 0x0,
    0x0, 0x0, 0x1, 0xff, 0x0, 0x0, 0x0, 0x0,
    0x0, 0x0, 0x7, 0xf8, 0x0, 0x0, 0x0, 0x2,
    0xff, 0xff, 0xff, 0xff, 0xff, 0xff, 0x0, 0x3f,
    0xff, 0xff, 0xff, 0xff, 0xff, 0xfd, 0x0, 0xff,
    0xff, 0xff, 0xff, 0xff, 0xff, 0xf4, 0x7, 0xff,
    0xff, 0xff, 0xff, 0xff, 0xff, 0xc0, 0x1f, 0xe0,
    0x0, 0x7f, 0xc0, 0x0, 0xff, 0x0, 0xbf, 0x40,
    0x2, 0xfd, 0x0, 0x3, 0xfc, 0x3, 0xfc, 0x0,
    0xf, 0xf0, 0x0, 0x1f, 0xe0, 0xf, 0xf0, 0x0,
    0x7f, 0xc0, 0x0, 0x7f, 0x40, 0x3f, 0xc0, 0x2,
    0xff, 0x80, 0x2, 0xfd, 0x1, 0xfe, 0x0, 0x1f,
    0xff, 0x80, 0xf, 0xf0, 0xb, 0xf4, 0x0, 0xff,
    0xff, 0x40, 0x3f, 0xc0, 0x2f, 0xd0, 0xf, 0xff,
    0xff, 0x40, 0xff, 0x0, 0xff, 0x0, 0xbf, 0xc7,
    0xff, 0x7, 0xf8, 0x3, 0xfc, 0xf, 0xfd, 0xb,
    0xff, 0x2f, 0xd0, 0xf, 0xf1, 0xff, 0xd0, 0xf,
    0xfd, 0xbf, 0x40, 0x7f, 0x8f, 0xfd, 0x0, 0xf,
    0xf7, 0xfc, 0x2, 0xfd, 0x7f, 0xd0, 0x0, 0x1f,
    0x8f, 0xf0, 0xf, 0xf4, 0xf8, 0x0, 0x0, 0x0,
    0x3f, 0x80, 0x3f, 0xc0, 0x0, 0x0, 0x0, 0x1,
    0xfe, 0x0, 0xff, 0x0, 0x0, 0x0, 0x0, 0xb,
    0xf4, 0x7, 0xf8, 0x0, 0x0, 0x0, 0x0, 0x3f,
    0xc0, 0x1f, 0xe0, 0x0, 0x0, 0x0, 0xbf, 0xff,
    0x0, 0xbf, 0x40, 0x0, 0x0, 0xb, 0xff, 0xf8,
    0x2, 0xfc, 0x0, 0x0, 0x0, 0x2f, 0xff, 0xc0,
    0x3, 0xd0, 0x0, 0x0, 0x0, 0x3f, 0xe4, 0x0,
    0x0,

    /* U+51B0 "冰" */
    0x0, 0x0, 0x0, 0x0, 0x0, 0x2e, 0x0, 0x0,
    0x0, 0x0, 0x0, 0x0, 0x3, 0xfc, 0x0, 0x0,
    0x0, 0x0, 0x0, 0x0, 0xf, 0xf0, 0x0, 0x0,
    0x3f, 0x40, 0x0, 0x0, 0x3f, 0xc0, 0x0, 0x1,
    0xff, 0x80, 0x0, 0x1, 0xfe, 0x0, 0x0, 0x7,
    0xff, 0xc0, 0x0, 0xb, 0xf8, 0x0, 0x0, 0xb,
    0xff, 0x0, 0x0, 0x3f, 0xd0, 0xa, 0x0, 0x7,
    0xf4, 0x0, 0x0, 0xff, 0x80, 0xfe, 0x0, 0x1,
    0xb, 0xff, 0xe3, 0xfe, 0xf, 0xf8, 0x0, 0x0,
    0x7f, 0xff, 0xdf, 0xf8, 0xff, 0xc0, 0x0, 0x2,
    0xff, 0xff, 0x7f, 0xff, 0xfc, 0x0, 0x0, 0x2,
    0xaf, 0xf6, 0xff, 0xff, 0xc0, 0x0, 0x0, 0x0,
    0x3f, 0xcf, 0xff, 0xf8, 0x0, 0x0, 0x0, 0x0,
    0xfe, 0x3f, 0xff, 0x80, 0x0, 0x0, 0x0, 0xb,
    0xf4, 0xff, 0xf8, 0x0, 0x0, 0xb, 0x80, 0x3f,
    0xc7, 0xff, 0xf0, 0x0, 0x0, 0xbf, 0x2, 0xfd,
    0x2f, 0xff, 0xd0, 0x0, 0x7, 0xfc, 0x1f, 0xf0,
    0xbf, 0x7f, 0x80, 0x0, 0x3f, 0xd0, 0xff, 0x43,
    0xfc, 0xff, 0x0, 0x3, 0xfe, 0xb, 0xf8, 0xf,
    0xf2, 0xff, 0x0, 0x2f, 0xf0, 0x7f, 0xc0, 0x7f,
    0xc3, 0xfe, 0x1, 0xff, 0x47, 0xfd, 0x1, 0xfe,
    0xb, 0xfe, 0xf, 0xf8, 0x3f, 0xe0, 0xb, 0xf8,
    0xf, 0xfc, 0x3f, 0xc2, 0xff, 0x0, 0x3f, 0xd0,
    0x2f, 0xf0, 0x78, 0xb, 0xf0, 0x0, 0xff, 0x0,
    0x3f, 0x0, 0x0, 0xa, 0x0, 0x3, 0xfc, 0x0,
    0x0, 0x0, 0x0, 0x0, 0x3, 0xff, 0xf0, 0x0,
    0x0, 0x0, 0x0, 0x0, 0x2f, 0xff, 0x40, 0x0,
    0x0, 0x0, 0x0, 0x0, 0xff, 0xf8, 0x0, 0x0,
    0x0, 0x0, 0x0, 0x1, 0xfe, 0x40, 0x0, 0x0,
    0x0, 0x0, 0x0, 0x0, 0x0, 0x0, 0x0, 0x0,
    0x0,

    /* U+521D "初" */
    0x0, 0x0, 0x78, 0x0, 0x0, 0x0, 0x0, 0x0,
    0x0, 0x0, 0xfd, 0x0, 0x0, 0x0, 0x0, 0x0,
    0x0, 0x1, 0xfe, 0x0, 0x6f, 0xff, 0xff, 0xf8,
    0x0, 0x0, 0xfe, 0x1, 0xff, 0xff, 0xff, 0xfe,
    0x0, 0x0, 0x7c, 0x2, 0xff, 0xff, 0xff, 0xfe,
    0x0, 0xbf, 0xff, 0xd0, 0xff, 0xff, 0xff, 0xfd,
    0x3, 0xff, 0xff, 0xf0, 0x3, 0xfc, 0x3, 0xfc,
    0x3, 0xff, 0xff, 0xf0, 0x7, 0xfc, 0x3, 0xfc,
    0x1, 0xff, 0xff, 0xd0, 0x7, 0xf8, 0x3, 0xf8,
    0x0, 0x0, 0x7f, 0xc0, 0xb, 0xf4, 0x7, 0xf8,
    0x0, 0x0, 0xff, 0x0, 0xf, 0xf0, 0xb, 0xf4,
    0x0, 0x3, 0xfd, 0x0, 0xf, 0xf0, 0xf, 0xf0,
    0x0, 0xf, 0xf8, 0x60, 0x1f, 0xe0, 0xf, 0xf0,
    0x0, 0x2f, 0xf2, 0xf0, 0x3f, 0xd0, 0xf, 0xe0,
    0x0, 0xff, 0xfb, 0xf0, 0x3f, 0xc0, 0x1f, 0xe0,
    0x3, 0xff, 0xff, 0x80, 0x7f, 0x80, 0x2f, 0xd0,
    0x1f, 0xff, 0xff, 0x0, 0xff, 0x40, 0x3f, 0xc0,
    0x3f, 0xff, 0xff, 0x80, 0xff, 0x0, 0x3f, 0xc0,
    0x7f, 0xff, 0xff, 0xc2, 0xfe, 0x0, 0x3f, 0x80,
    0x7f, 0xbf, 0x9f, 0xc3, 0xfc, 0x0, 0x7f, 0x40,
    0x14, 0xbf, 0x8a, 0x4b, 0xf8, 0x0, 0xbf, 0x0,
    0x0, 0xff, 0x40, 0x1f, 0xf0, 0x0, 0xff, 0x0,
    0x0, 0xff, 0x0, 0x3f, 0xe0, 0x0, 0xff, 0x0,
    0x0, 0xff, 0x0, 0xff, 0xc0, 0x2, 0xfd, 0x0,
    0x1, 0xff, 0x2, 0xff, 0x40, 0x3, 0xfc, 0x0,
    0x1, 0xfe, 0xb, 0xfe, 0x0, 0x7, 0xfc, 0x0,
    0x2, 0xfd, 0xf, 0xf8, 0x2, 0xaf, 0xf4, 0x0,
    0x3, 0xfd, 0xf, 0xf0, 0xf, 0xff, 0xf0, 0x0,
    0x3, 0xfc, 0x7, 0x80, 0xf, 0xff, 0xc0, 0x0,
    0x2, 0xf4, 0x0, 0x0, 0xb, 0xfe, 0x0, 0x0,
    0x0, 0x0, 0x0, 0x0, 0x0, 0x0, 0x0, 0x0,

    /* U+529F "功" */
    0x0, 0x0, 0x0, 0x0, 0x0, 0xb, 0x80, 0x0,
    0x0, 0x0, 0x0, 0x0, 0x0, 0xb, 0xf4, 0x0,
    0x0, 0x0, 0x0, 0x0, 0x0, 0x3, 0xfd, 0x0,
    0x0, 0x0, 0xbf, 0xff, 0xf0, 0x0, 0xff, 0x0,
    0x0, 0x0, 0xff, 0xff, 0xff, 0x0, 0x3f, 0xc0,
    0x0, 0x0, 0x3f, 0xff, 0xff, 0x80, 0x1f, 0xe0,
    0x0, 0x0, 0x6, 0xff, 0xfe, 0x42, 0xaf, 0xfe,
    0xaa, 0x90, 0x0, 0xb, 0xf4, 0x3, 0xff, 0xff,
    0xff, 0xfc, 0x0, 0x3, 0xfc, 0x0, 0xff, 0xff,
    0xff, 0xff, 0x0, 0x0, 0xff, 0x0, 0x3f, 0xff,
    0xff, 0xff, 0xc0, 0x0, 0x3f, 0xc0, 0x0, 0x2f,
    0xe0, 0x1f, 0xe0, 0x0, 0x1f, 0xe0, 0x0, 0xb,
    0xf4, 0xb, 0xf4, 0x0, 0x7, 0xf8, 0x0, 0x3,
    0xfc, 0x2, 0xfc, 0x0, 0x2, 0xfd, 0x0, 0x0,
    0xff, 0x0, 0xff, 0x0, 0x0, 0xff, 0x0, 0x0,
    0xbf, 0x40, 0x3f, 0xc0, 0x0, 0x3f, 0xc0, 0x0,
    0x3f, 0xc0, 0x1f, 0xe0, 0x0, 0xf, 0xf0, 0x0,
    0x1f, 0xf0, 0xb, 0xf4, 0x0, 0x7, 0xf8, 0x0,
    0xf, 0xf4, 0x3, 0xfc, 0x0, 0x1, 0xff, 0xfe,
    0x7, 0xfc, 0x0, 0xff, 0x0, 0x1, 0xff, 0xff,
    0xc3, 0xfd, 0x0, 0x3f, 0x80, 0xf, 0xff, 0xff,
    0xe2, 0xff, 0x0, 0x1f, 0xd0, 0xf, 0xff, 0xff,
    0xe1, 0xff, 0x40, 0xb, 0xf4, 0x7, 0xff, 0xfe,
    0x0, 0xff, 0x80, 0x3, 0xfc, 0x0, 0xff, 0x90,
    0x0, 0xff, 0xc0, 0x1, 0xfe, 0x0, 0x4, 0x0,
    0x1, 0xff, 0xd0, 0x0, 0xbf, 0x40, 0x0, 0x0,
    0x2, 0xff, 0xd0, 0x0, 0x3f, 0xc0, 0x0, 0x0,
    0x0, 0xff, 0xd0, 0xb, 0xff, 0xe0, 0x0, 0x0,
    0x0, 0x3f, 0xc0, 0xb, 0xff, 0xf0, 0x0, 0x0,
    0x0, 0xb, 0x80, 0x3, 0xff, 0xf4, 0x0, 0x0,
    0x0, 0x0, 0x0, 0x0, 0x7f, 0xe0, 0x0, 0x0,
    0x0, 0x0, 0x0, 0x0, 0x0, 0x0, 0x0, 0x0,

    /* U+5316 "化" */
    0x0, 0x0, 0x0, 0x0, 0x0, 0x0, 0x0, 0x0,
    0x0, 0x0, 0x2e, 0x0, 0x0, 0x0, 0x0, 0x0,
    0x0, 0x2, 0xfd, 0x0, 0xfc, 0x0, 0x0, 0x0,
    0x0, 0x1f, 0xf0, 0xf, 0xf4, 0x0, 0x0, 0x0,
    0x0, 0xff, 0x80, 0x3f, 0xc0, 0x0, 0x0, 0x0,
    0xf, 0xfc, 0x1, 0xff, 0x0, 0x0, 0x0, 0x0,
    0xbf, 0xd0, 0x7, 0xfc, 0x0, 0xbe, 0x0, 0x7,
    0xfe, 0x0, 0x2f, 0xe0, 0xb, 0xfc, 0x0, 0x7f,
    0xf0, 0x0, 0xff, 0x80, 0xbf, 0xf0, 0x7, 0xff,
    0xc0, 0x3, 0xfd, 0xb, 0xff, 0x0, 0x7f, 0xfe,
    0x0, 0xf, 0xf0, 0xbf, 0xf0, 0x7, 0xff, 0xf8,
    0x0, 0x7f, 0xcf, 0xff, 0x0, 0x3f, 0xff, 0xd0,
    0x2, 0xff, 0xff, 0xf0, 0x0, 0xff, 0xff, 0x0,
    0xb, 0xff, 0xff, 0x0, 0x2, 0xfb, 0xfc, 0x0,
    0x3f, 0xff, 0xe0, 0x0, 0x1, 0x1f, 0xf0, 0x0,
    0xff, 0xfd, 0x0, 0x0, 0x0, 0xbf, 0x80, 0xb,
    0xff, 0xc0, 0x0, 0x0, 0x3, 0xfd, 0x2, 0xff,
    0xf8, 0x0, 0x0, 0x0, 0xf, 0xf4, 0x7f, 0xff,
    0x80, 0x0, 0x0, 0x0, 0x3f, 0xcb, 0xff, 0xfe,
    0x0, 0x0, 0x0, 0x1, 0xff, 0x3f, 0xff, 0xf4,
    0x0, 0x0, 0x0, 0x7, 0xfc, 0xff, 0x7f, 0xc0,
    0x0, 0x10, 0x0, 0x2f, 0xe0, 0x51, 0xff, 0x0,
    0x3, 0xf0, 0x0, 0xff, 0x40, 0x7, 0xfc, 0x0,
    0x1f, 0xd0, 0x3, 0xfc, 0x0, 0x2f, 0xe0, 0x0,
    0xff, 0x40, 0xf, 0xf0, 0x0, 0xff, 0x80, 0x3,
    0xfc, 0x0, 0x7f, 0xc0, 0x3, 0xfe, 0x0, 0x2f,
    0xe0, 0x2, 0xfe, 0x0, 0xf, 0xff, 0xff, 0xff,
    0x40, 0xb, 0xf4, 0x0, 0x3f, 0xff, 0xff, 0xfc,
    0x0, 0x3f, 0xc0, 0x0, 0xbf, 0xff, 0xff, 0xc0,
    0x0, 0x7d, 0x0, 0x0, 0xbf, 0xff, 0xf8, 0x0,
    0x0,

    /* U+5317 "北" */
    0x0, 0x0, 0x0, 0x2e, 0x0, 0x1f, 0x0, 0x0,
    0x0, 0x0, 0x0, 0x7f, 0x40, 0x7f, 0x40, 0x0,
    0x0, 0x0, 0x0, 0xff, 0x40, 0xbf, 0x40, 0x0,
    0x0, 0x0, 0x0, 0xff, 0x0, 0xff, 0x40, 0x0,
    0x0, 0x0, 0x0, 0xff, 0x0, 0xff, 0x0, 0x0,
    0x0, 0x0, 0x1, 0xff, 0x0, 0xff, 0x0, 0x0,
    0x0, 0x0, 0x1, 0xfe, 0x1, 0xff, 0x0, 0xbd,
    0x0, 0x7f, 0xff, 0xfe, 0x2, 0xfe, 0x3, 0xff,
    0x1, 0xff, 0xff, 0xfd, 0x2, 0xfd, 0x2f, 0xfe,
    0x1, 0xff, 0xff, 0xfc, 0x3, 0xfe, 0xff, 0xfc,
    0x0, 0xff, 0xff, 0xfc, 0x3, 0xff, 0xff, 0xd0,
    0x0, 0x0, 0x7, 0xfc, 0x7, 0xff, 0xfe, 0x0,
    0x0, 0x0, 0xb, 0xf8, 0x7, 0xff, 0xe0, 0x0,
    0x0, 0x0, 0xb, 0xf4, 0xb, 0xfe, 0x0, 0x0,
    0x0, 0x0, 0xf, 0xf4, 0xf, 0xf4, 0x0, 0x0,
    0x0, 0x0, 0xf, 0xf0, 0xf, 0xf4, 0x0, 0x0,
    0x0, 0x0, 0xf, 0xf0, 0xf, 0xf0, 0x0, 0x0,
    0x0, 0x0, 0x1f, 0xf0, 0x1f, 0xf0, 0x0, 0x0,
    0x0, 0x0, 0x2f, 0xe0, 0x1f, 0xe0, 0x0, 0x0,
    0x0, 0x0, 0x3f, 0xd0, 0x2f, 0xe0, 0x0, 0x0,
    0x0, 0x7, 0xff, 0xd0, 0x3f, 0xd0, 0x0, 0x0,
    0x1, 0xff, 0xff, 0xc0, 0x3f, 0xc0, 0x1, 0xf4,
    0x2f, 0xff, 0xff, 0xc0, 0x3f, 0xc0, 0x3, 0xfc,
    0x3f, 0xff, 0xff, 0xc0, 0x7f, 0xc0, 0x7, 0xf8,
    0x7f, 0xf8, 0xbf, 0x80, 0x7f, 0x80, 0xb, 0xf4,
    0x2f, 0x40, 0xff, 0x40, 0xbf, 0xc0, 0xf, 0xf0,
    0x0, 0x0, 0xff, 0x0, 0xbf, 0xff, 0xff, 0xe0,
    0x0, 0x0, 0xff, 0x0, 0xbf, 0xff, 0xff, 0xc0,
    0x0, 0x0, 0xff, 0x0, 0x3f, 0xff, 0xff, 0x40,
    0x0, 0x0, 0xb8, 0x0, 0x1f, 0xff, 0xfd, 0x0,

    /* U+5341 "十" */
    0x0, 0x0, 0x0, 0x0, 0x10, 0x0, 0x0, 0x0,
    0x0, 0x0, 0x0, 0x1f, 0xc0, 0x0, 0x0, 0x0,
    0x0, 0x0, 0x3, 0xfd, 0x0, 0x0, 0x0, 0x0,
    0x0, 0x0, 0x3f, 0xc0, 0x0, 0x0, 0x0, 0x0,
    0x0, 0x7, 0xfc, 0x0, 0x0, 0x0, 0x0, 0x0,
    0x0, 0xbf, 0xc0, 0x0, 0x0, 0x0, 0x0, 0x0,
    0xb, 0xf8, 0x0, 0x0, 0x0, 0x0, 0x0, 0x0,
    0xff, 0x40, 0x0, 0x0, 0x0, 0x0, 0x0, 0xf,
    0xf4, 0x0, 0x0, 0x0, 0x0, 0x0, 0x1, 0xff,
    0x0, 0x0, 0x0, 0x0, 0x0, 0x0, 0x1f, 0xf0,
    0x0, 0x0, 0x0, 0x0, 0x0, 0x2, 0xff, 0x0,
    0x0, 0x0, 0x1f, 0xff, 0xff, 0xff, 0xff, 0xff,
    0xff, 0xd3, 0xff, 0xff, 0xff, 0xff, 0xff, 0xff,
    0xff, 0x7f, 0xff, 0xff, 0xff, 0xff, 0xff, 0xff,
    0xe3, 0xff, 0xff, 0xff, 0xff, 0xff, 0xff, 0xfc,
    0x1, 0x55, 0x55, 0xbf, 0xd5, 0x55, 0x54, 0x0,
    0x0, 0x0, 0xb, 0xf8, 0x0, 0x0, 0x0, 0x0,
    0x0, 0x0, 0xff, 0x80, 0x0, 0x0, 0x0, 0x0,
    0x0, 0xf, 0xf4, 0x0, 0x0, 0x0, 0x0, 0x0,
    0x0, 0xff, 0x0, 0x0, 0x0, 0x0, 0x0, 0x0,
    0x1f, 0xf0, 0x0, 0x0, 0x0, 0x0, 0x0, 0x2,
    0xff, 0x0, 0x0, 0x0, 0x0, 0x0, 0x0, 0x2f,
    0xe0, 0x0, 0x0, 0x0, 0x0, 0x0, 0x3, 0xfe,
    0x0, 0x0, 0x0, 0x0, 0x0, 0x0, 0x3f, 0xd0,
    0x0, 0x0, 0x0, 0x0, 0x0, 0x3, 0xfc, 0x0,
    0x0, 0x0, 0x0, 0x0, 0x0, 0x7f, 0xc0, 0x0,
    0x0, 0x0, 0x0, 0x0, 0xb, 0xfc, 0x0, 0x0,
    0x0, 0x0, 0x0, 0x0, 0xbf, 0x80, 0x0, 0x0,
    0x0, 0x0, 0x0, 0x3, 0xe0, 0x0, 0x0, 0x0,
    0x0,

    /* U+5347 "升" */
    0x0, 0x0, 0x0, 0x0, 0x14, 0x0, 0xb8, 0x0,
    0x0, 0x0, 0x0, 0x6, 0xfe, 0x2, 0xfd, 0x0,
    0x0, 0x0, 0x0, 0xbf, 0xff, 0x3, 0xfc, 0x0,
    0x0, 0x0, 0x6f, 0xff, 0xfd, 0x3, 0xfc, 0x0,
    0x0, 0xb, 0xff, 0xff, 0xe0, 0x3, 0xfc, 0x0,
    0x0, 0x3f, 0xff, 0xfd, 0x0, 0x7, 0xf8, 0x0,
    0x0, 0x7f, 0xff, 0xf4, 0x0, 0xb, 0xf4, 0x0,
    0x0, 0x2e, 0x4f, 0xf4, 0x0, 0xf, 0xf4, 0x0,
    0x0, 0x0, 0xf, 0xf0, 0x0, 0xf, 0xf0, 0x0,
    0x0, 0x0, 0xf, 0xf0, 0x0, 0xf, 0xf0, 0x0,
    0x0, 0x0, 0x1f, 0xe0, 0x0, 0x1f, 0xf0, 0x0,
    0x0, 0x0, 0x1f, 0xe0, 0x0, 0x1f, 0xe0, 0x0,
    0x1, 0xff, 0xff, 0xff, 0xff, 0xff, 0xff, 0xf8,
    0xb, 0xff, 0xff, 0xff, 0xff, 0xff, 0xff, 0xfe,
    0xf, 0xff, 0xff, 0xff, 0xff, 0xff, 0xff, 0xfd,
    0x7, 0xff, 0xff, 0xff, 0xff, 0xff, 0xff, 0xf8,
    0x0, 0x0, 0xbf, 0x80, 0x0, 0x7f, 0xc0, 0x0,
    0x0, 0x0, 0xff, 0x40, 0x0, 0xbf, 0x80, 0x0,
    0x0, 0x0, 0xff, 0x0, 0x0, 0xbf, 0x40, 0x0,
    0x0, 0x2, 0xfe, 0x0, 0x0, 0xff, 0x0, 0x0,
    0x0, 0x3, 0xfc, 0x0, 0x0, 0xff, 0x0, 0x0,
    0x0, 0xf, 0xf8, 0x0, 0x0, 0xff, 0x0, 0x0,
    0x0, 0x2f, 0xf0, 0x0, 0x1, 0xfe, 0x0, 0x0,
    0x0, 0xbf, 0xd0, 0x0, 0x2, 0xfe, 0x0, 0x0,
    0x3, 0xff, 0x80, 0x0, 0x2, 0xfd, 0x0, 0x0,
    0xf, 0xff, 0x0, 0x0, 0x3, 0xfc, 0x0, 0x0,
    0x3f, 0xf8, 0x0, 0x0, 0x3, 0xfc, 0x0, 0x0,
    0x3f, 0xe0, 0x0, 0x0, 0x7, 0xfc, 0x0, 0x0,
    0x2f, 0x40, 0x0, 0x0, 0x7, 0xf8, 0x0, 0x0,
    0x0, 0x0, 0x0, 0x0, 0x2, 0xe0, 0x0, 0x0,

    /* U+5357 "南" */
    0x0, 0x0, 0x0, 0x0, 0x0, 0x0, 0x0, 0x0,
    0x0, 0x0, 0x0, 0x0, 0x3e, 0x0, 0x0, 0x0,
    0x0, 0x0, 0x0, 0x0, 0xff, 0x40, 0x0, 0x0,
    0x0, 0x6a, 0xaa, 0xab, 0xff, 0xea, 0xaa, 0xa8,
    0x1, 0xff, 0xff, 0xff, 0xff, 0xff, 0xff, 0xff,
    0x2, 0xff, 0xff, 0xff, 0xff, 0xff, 0xff, 0xfe,
    0x0, 0xff, 0xff, 0xff, 0xff, 0xff, 0xff, 0xfc,
    0x0, 0x0, 0x0, 0x3, 0xfe, 0x0, 0x0, 0x0,
    0x0, 0x0, 0x0, 0x3, 0xfd, 0x0, 0x0, 0x0,
    0x0, 0x2a, 0xaa, 0xab, 0xfe, 0xaa, 0xaa, 0x80,
    0x0, 0xff, 0xff, 0xff, 0xff, 0xff, 0xff, 0xe0,
    0x2, 0xff, 0xff, 0xff, 0xff, 0xff, 0xff, 0xe0,
    0x2, 0xff, 0xff, 0xff, 0xff, 0xff, 0xff, 0xd0,
    0x3, 0xfc, 0x1, 0xe0, 0x1, 0x80, 0x3f, 0xd0,
    0x3, 0xfc, 0x3, 0xf0, 0xb, 0xd0, 0x3f, 0xc0,
    0x3, 0xfc, 0x7, 0xf0, 0xf, 0xc0, 0x3f, 0xc0,
    0x7, 0xf8, 0x3, 0xe0, 0x1f, 0x80, 0x7f, 0xc0,
    0xb, 0xf4, 0x1a, 0xaa, 0xaf, 0x90, 0xbf, 0x80,
    0xf, 0xf4, 0xbf, 0xff, 0xff, 0xf4, 0xbf, 0x40,
    0xf, 0xf0, 0xff, 0xff, 0xff, 0xf0, 0xff, 0x40,
    0xf, 0xf0, 0x1a, 0xbf, 0xea, 0x40, 0xff, 0x0,
    0x1f, 0xe0, 0x0, 0x3f, 0x80, 0x0, 0xff, 0x0,
    0x1f, 0xe1, 0xff, 0xff, 0xff, 0xe1, 0xfe, 0x0,
    0x2f, 0xd7, 0xff, 0xff, 0xff, 0xf2, 0xfe, 0x0,
    0x3f, 0xc3, 0xff, 0xff, 0xff, 0xe2, 0xfd, 0x0,
    0x3f, 0xc0, 0x55, 0xff, 0x55, 0x3, 0xfc, 0x0,
    0x3f, 0xc0, 0x0, 0xfe, 0x0, 0x3, 0xfc, 0x0,
    0x7f, 0x80, 0x1, 0xfd, 0x0, 0x5b, 0xfc, 0x0,
    0xbf, 0x80, 0x1, 0xfc, 0x3, 0xff, 0xf8, 0x0,
    0xbf, 0x0, 0x0, 0xa0, 0x7, 0xff, 0xf0, 0x0,
    0x3d, 0x0, 0x0, 0x0, 0x3, 0xfe, 0x40, 0x0,

    /* U+53D6 "取" */
    0x0, 0x2f, 0xff, 0xff, 0xf4, 0x0, 0x0, 0x0,
    0x0, 0x2f, 0xff, 0xff, 0xff, 0x0, 0x0, 0x0,
    0x0, 0xb, 0xff, 0xff, 0xff, 0x8b, 0xff, 0xff,
    0xf0, 0x0, 0xbf, 0xea, 0xff, 0x4f, 0xff, 0xff,
    0xfe, 0x0, 0x1f, 0xd0, 0x3f, 0x83, 0xff, 0xff,
    0xff, 0x80, 0xb, 0xf0, 0x1f, 0xe0, 0x7f, 0xff,
    0xff, 0xc0, 0x3, 0xfd, 0x5b, 0xf4, 0xf, 0xc0,
    0xf, 0xf0, 0x0, 0xff, 0xff, 0xfc, 0x7, 0xf0,
    0x3, 0xf8, 0x0, 0x3f, 0xff, 0xff, 0x1, 0xfc,
    0x2, 0xfc, 0x0, 0x1f, 0xff, 0xff, 0xc0, 0x7f,
    0x0, 0xff, 0x0, 0x7, 0xf4, 0x1f, 0xe0, 0x1f,
    0xd0, 0x7f, 0x40, 0x2, 0xfc, 0x7, 0xf4, 0x7,
    0xf4, 0x3f, 0xc0, 0x0, 0xff, 0x2, 0xfd, 0x0,
    0xfd, 0x1f, 0xe0, 0x0, 0x3f, 0xd5, 0xff, 0x0,
    0x3f, 0x8f, 0xf0, 0x0, 0xf, 0xff, 0xff, 0xc0,
    0xf, 0xf7, 0xf8, 0x0, 0x7, 0xff, 0xff, 0xf0,
    0x3, 0xff, 0xfc, 0x0, 0x2, 0xff, 0xff, 0xf8,
    0x0, 0xbf, 0xfe, 0x0, 0x0, 0xbf, 0x2, 0xfd,
    0x0, 0x1f, 0xff, 0x0, 0x0, 0x3f, 0xc0, 0xbf,
    0x0, 0x3, 0xff, 0x40, 0x0, 0xf, 0xf0, 0x3f,
    0xe4, 0x0, 0xff, 0x80, 0x0, 0x3, 0xfe, 0xff,
    0xff, 0x40, 0xbf, 0xe0, 0x0, 0x7, 0xff, 0xff,
    0xff, 0xc0, 0x7f, 0xfd, 0x0, 0x3, 0xff, 0xff,
    0xff, 0x80, 0x7f, 0xff, 0xc0, 0x1, 0xff, 0xfe,
    0xff, 0x40, 0xbf, 0xff, 0xf8, 0x0, 0x1a, 0x40,
    0x2f, 0xc0, 0xbf, 0xe3, 0xff, 0x80, 0x0, 0x0,
    0xf, 0xf0, 0xbf, 0xe0, 0x3f, 0xf0, 0x0, 0x0,
    0x3, 0xfc, 0x3f, 0xd0, 0x7, 0xf8, 0x0, 0x0,
    0x0, 0xfe, 0xf, 0xc0, 0x0, 0xbc, 0x0, 0x0,
    0x0, 0x2e, 0x0, 0x0, 0x0, 0x0, 0x0, 0x0,

    /* U+5468 "周" */
    0x0, 0x0, 0xa6, 0xaa, 0xaa, 0xaa, 0xaa, 0xa8,
    0x0, 0x3, 0xff, 0xff, 0xff, 0xff, 0xff, 0xff,
    0x0, 0x3, 0xff, 0xff, 0xff, 0xff, 0xff, 0xff,
    0x0, 0x7, 0xff, 0xff, 0xff, 0xff, 0xff, 0xfe,
    0x0, 0xb, 0xf4, 0x0, 0x4, 0x0, 0x2, 0xfd,
    0x0, 0xf, 0xf0, 0x0, 0x3f, 0x0, 0x3, 0xfc,
    0x0, 0xf, 0xf0, 0x5, 0xbf, 0x54, 0x3, 0xfc,
    0x0, 0xf, 0xf0, 0xff, 0xff, 0xff, 0x83, 0xfc,
    0x0, 0x1f, 0xe2, 0xff, 0xff, 0xff, 0x87, 0xf8,
    0x0, 0x1f, 0xe0, 0xbf, 0xff, 0xfe, 0xb, 0xf8,
    0x0, 0x2f, 0xd0, 0x1, 0xfd, 0x0, 0xb, 0xf4,
    0x0, 0x3f, 0xc2, 0xab, 0xff, 0xaa, 0xf, 0xf0,
    0x0, 0x3f, 0xcf, 0xff, 0xff, 0xff, 0x8f, 0xf0,
    0x0, 0x3f, 0xcf, 0xff, 0xff, 0xff, 0x4f, 0xf0,
    0x0, 0x7f, 0x81, 0xaa, 0xaa, 0xa4, 0x1f, 0xe0,
    0x0, 0xbf, 0x40, 0x0, 0x0, 0x0, 0x2f, 0xd0,
    0x0, 0xff, 0x2, 0xef, 0xff, 0xe0, 0x2f, 0xd0,
    0x0, 0xff, 0xb, 0xff, 0xff, 0xf4, 0x3f, 0xc0,
    0x1, 0xfd, 0xf, 0xff, 0xff, 0xf4, 0x3f, 0xc0,
    0x3, 0xfc, 0xf, 0xe0, 0xb, 0xf0, 0x3f, 0xc0,
    0x3, 0xfc, 0x1f, 0xd0, 0xb, 0xf0, 0x7f, 0x80,
    0xb, 0xf4, 0x1f, 0xc0, 0xf, 0xf0, 0xbf, 0x40,
    0xf, 0xf0, 0x2f, 0xff, 0xff, 0xe0, 0xff, 0x0,
    0x2f, 0xe0, 0x3f, 0xff, 0xff, 0xd0, 0xff, 0x0,
    0x7f, 0xc0, 0x3f, 0xff, 0xff, 0x80, 0xff, 0x0,
    0xbf, 0x80, 0x3f, 0x40, 0x0, 0x2b, 0xfe, 0x0,
    0xff, 0x0, 0x2e, 0x0, 0x1, 0xff, 0xfd, 0x0,
    0x7c, 0x0, 0x0, 0x0, 0x2, 0xff, 0xf8, 0x0,
    0x0, 0x0, 0x0, 0x0, 0x0, 0xff, 0x90, 0x0,
    0x0, 0x0, 0x0, 0x0, 0x0, 0x0, 0x0, 0x0,

    /* U+56DB "四" */
    0x0, 0x2f, 0xff, 0xff, 0xff, 0xff, 0xff, 0xf4,
    0x0, 0xbf, 0xff, 0xff, 0xff, 0xff, 0xff, 0xfc,
    0x0, 0xff, 0xff, 0xff, 0xff, 0xff, 0xff, 0xfc,
    0x0, 0xff, 0xff, 0xff, 0xff, 0xff, 0xff, 0xfc,
    0x1, 0xfe, 0x1, 0xfe, 0x3, 0xf0, 0xb, 0xfc,
    0x2, 0xfe, 0x2, 0xfd, 0xb, 0xf0, 0xb, 0xf8,
    0x2, 0xfd, 0x2, 0xfc, 0xf, 0xf0, 0xf, 0xf4,
    0x3, 0xfc, 0x3, 0xfc, 0xf, 0xf0, 0xf, 0xf4,
    0x3, 0xfc, 0x3, 0xf8, 0xf, 0xe0, 0xf, 0xf0,
    0x3, 0xfc, 0x7, 0xf4, 0x1f, 0xd0, 0x1f, 0xf0,
    0x7, 0xf8, 0xf, 0xf0, 0x1f, 0xd0, 0x2f, 0xe0,
    0xb, 0xf4, 0xf, 0xf0, 0x2f, 0xc0, 0x2f, 0xe0,
    0xf, 0xf4, 0x3f, 0xd0, 0x3f, 0xc0, 0x3f, 0xd0,
    0xf, 0xf0, 0xbf, 0xc0, 0x3f, 0xc0, 0x3f, 0xc0,
    0xf, 0xf1, 0xff, 0x40, 0x3f, 0xff, 0xbf, 0xc0,
    0x1f, 0xf3, 0xfe, 0x0, 0x3f, 0xff, 0xff, 0xc0,
    0x1f, 0xeb, 0xfc, 0x0, 0x1f, 0xff, 0xff, 0x80,
    0x2f, 0xd7, 0xe0, 0x0, 0x1, 0x55, 0xff, 0x80,
    0x3f, 0xd1, 0x40, 0x0, 0x0, 0x0, 0xff, 0x40,
    0x3f, 0xc0, 0x0, 0x0, 0x0, 0x0, 0xff, 0x0,
    0x3f, 0xc0, 0x0, 0x0, 0x0, 0x1, 0xff, 0x0,
    0x7f, 0xff, 0xff, 0xff, 0xff, 0xff, 0xff, 0x0,
    0xbf, 0xff, 0xff, 0xff, 0xff, 0xff, 0xfe, 0x0,
    0xbf, 0xff, 0xff, 0xff, 0xff, 0xff, 0xfd, 0x0,
    0xff, 0xff, 0xff, 0xff, 0xff, 0xff, 0xfd, 0x0,
    0xff, 0x0, 0x0, 0x0, 0x0, 0x3, 0xfc, 0x0,
    0x7c, 0x0, 0x0, 0x0, 0x0, 0x0, 0xa0, 0x0,

    /* U+56DE "回" */
    0x0, 0x0, 0x0, 0x0, 0x0, 0x0, 0x0, 0x0,
    0x0, 0x3, 0xff, 0xff, 0xff, 0xff, 0xff, 0xff,
    0xd0, 0x2, 0xff, 0xff, 0xff, 0xff, 0xff, 0xff,
    0xf8, 0x0, 0xff, 0xff, 0xff, 0xff, 0xff, 0xff,
    0xfe, 0x0, 0x3f, 0xff, 0xff, 0xff, 0xff, 0xff,
    0xff, 0x40, 0x1f, 0xf0, 0x0, 0x0, 0x0, 0x0,
    0x3f, 0xc0, 0x7, 0xf8, 0x0, 0x0, 0x0, 0x0,
    0x1f, 0xf0, 0x2, 0xfd, 0x0, 0x0, 0x0, 0x0,
    0x7, 0xfc, 0x0, 0xff, 0x40, 0x55, 0x55, 0x54,
    0x2, 0xfe, 0x0, 0x3f, 0xc0, 0xbf, 0xff, 0xff,
    0xc0, 0xff, 0x80, 0xf, 0xf0, 0x3f, 0xff, 0xff,
    0xf0, 0x3f, 0xd0, 0x7, 0xfc, 0x1f, 0xff, 0xff,
    0xfc, 0xf, 0xf0, 0x2, 0xfe, 0xb, 0xf4, 0x1,
    0xfe, 0x7, 0xfc, 0x0, 0xbf, 0x42, 0xfc, 0x0,
    0xbf, 0x82, 0xff, 0x0, 0x3f, 0xc0, 0xff, 0x0,
    0x2f, 0xd0, 0xbf, 0x80, 0xf, 0xf0, 0x3f, 0x80,
    0xf, 0xf0, 0x3f, 0xd0, 0x7, 0xfc, 0xf, 0xe0,
    0x3, 0xfc, 0xf, 0xf4, 0x1, 0xfe, 0x7, 0xfa,
    0xaa, 0xff, 0x3, 0xfc, 0x0, 0xbf, 0x82, 0xff,
    0xff, 0xff, 0x81, 0xff, 0x0, 0x3f, 0xd0, 0xbf,
    0xff, 0xff, 0xd0, 0xbf, 0xc0, 0xf, 0xf0, 0xf,
    0xff, 0xff, 0xd0, 0x3f, 0xe0, 0x3, 0xfc, 0x0,
    0x0, 0x0, 0x0, 0xf, 0xf4, 0x1, 0xff, 0x0,
    0x0, 0x0, 0x0, 0x3, 0xfc, 0x0, 0x7f, 0x80,
    0x0, 0x0, 0x0, 0x1, 0xff, 0x0, 0x2f, 0xfa,
    0xaa, 0xaa, 0xaa, 0xaa, 0xff, 0xc0, 0xf, 0xff,
    0xff, 0xff, 0xff, 0xff, 0xff, 0xe0, 0x3, 0xff,
    0xff, 0xff, 0xff, 0xff, 0xff, 0xf8, 0x0, 0xff,
    0xff, 0xff, 0xff, 0xff, 0xff, 0xfd, 0x0, 0x7f,
    0x80, 0x0, 0x0, 0x0, 0x0, 0xff, 0x0, 0xb,
    0x80, 0x0, 0x0, 0x0, 0x0, 0x2f, 0x40, 0x0,

    /* U+5728 "在" */
    0x0, 0x0, 0x0, 0x7, 0x80, 0x0, 0x0, 0x0,
    0x0, 0x0, 0x0, 0x2f, 0xd0, 0x0, 0x0, 0x0,
    0x0, 0x0, 0x0, 0x3f, 0xd0, 0x0, 0x0, 0x0,
    0x0, 0x0, 0x0, 0xbf, 0xc0, 0x0, 0x0, 0x0,
    0x0, 0xbf, 0xff, 0xff, 0xff, 0xff, 0xff, 0xf8,
    0x2, 0xff, 0xff, 0xff, 0xff, 0xff, 0xff, 0xfe,
    0x3, 0xff, 0xff, 0xff, 0xff, 0xff, 0xff, 0xfd,
    0x1, 0xff, 0xff, 0xff, 0xff, 0xff, 0xff, 0xf8,
    0x0, 0x0, 0x3f, 0xf0, 0x0, 0x0, 0x0, 0x0,
    0x0, 0x0, 0xbf, 0xc0, 0x0, 0xb4, 0x0, 0x0,
    0x0, 0x1, 0xff, 0x40, 0x2, 0xfc, 0x0, 0x0,
    0x0, 0x3, 0xfe, 0x0, 0x3, 0xfc, 0x0, 0x0,
    0x0, 0xf, 0xfc, 0x0, 0x3, 0xfc, 0x0, 0x0,
    0x0, 0x3f, 0xf0, 0x0, 0x7, 0xf8, 0x0, 0x0,
    0x1, 0xff, 0xd0, 0x2a, 0xaf, 0xfe, 0xa9, 0x0,
    0xb, 0xff, 0xc0, 0xff, 0xff, 0xff, 0xff, 0x40,
    0x2f, 0xff, 0xc1, 0xff, 0xff, 0xff, 0xff, 0x40,
    0x3f, 0xff, 0x80, 0xbf, 0xff, 0xff, 0xfe, 0x0,
    0x7f, 0xff, 0x80, 0x0, 0x1f, 0xf0, 0x0, 0x0,
    0x2e, 0xbf, 0x40, 0x0, 0x1f, 0xe0, 0x0, 0x0,
    0x0, 0xff, 0x0, 0x0, 0x2f, 0xd0, 0x0, 0x0,
    0x0, 0xff, 0x0, 0x0, 0x3f, 0xd0, 0x0, 0x0,
    0x0, 0xff, 0x0, 0x0, 0x3f, 0xc0, 0x0, 0x0,
    0x1, 0xfe, 0x0, 0x0, 0x3f, 0xc0, 0x0, 0x0,
    0x2, 0xfe, 0x0, 0x0, 0x7f, 0xc0, 0x0, 0x0,
    0x2, 0xfd, 0xb, 0xff, 0xff, 0xff, 0xf8, 0x0,
    0x3, 0xfc, 0x3f, 0xff, 0xff, 0xff, 0xfe, 0x0,
    0x3, 0xfc, 0x7f, 0xff, 0xff, 0xff, 0xff, 0x0,
    0x3, 0xf8, 0x7f, 0xff, 0xff, 0xff, 0xfd, 0x0,
    0x2, 0xe0, 0x2f, 0xff, 0xff, 0xff, 0xf8, 0x0,

    /* U+5883 "境" */
    0x0, 0x0, 0x0, 0x0, 0x0, 0x0, 0x0, 0x0,
    0x0, 0x0, 0x19, 0x0, 0x0, 0x1, 0xfc, 0x0,
    0x0, 0x0, 0x1f, 0xc0, 0x0, 0x55, 0xff, 0x55,
    0x40, 0x0, 0xb, 0xf0, 0x3, 0xff, 0xff, 0xff,
    0xfc, 0x0, 0x3, 0xfc, 0x1, 0xff, 0xff, 0xff,
    0xff, 0x0, 0x0, 0xff, 0x0, 0x3f, 0xff, 0xff,
    0xff, 0x0, 0x0, 0x7f, 0x80, 0x0, 0x78, 0x0,
    0xb4, 0x0, 0x0, 0x1f, 0xd0, 0x0, 0x7f, 0x0,
    0xbe, 0x0, 0x0, 0x1f, 0xf9, 0x1, 0x6f, 0xd5,
    0x7f, 0x94, 0x0, 0xbf, 0xff, 0xd3, 0xff, 0xff,
    0xff, 0xff, 0x80, 0x3f, 0xff, 0xf9, 0xff, 0xff,
    0xff, 0xff, 0xe0, 0xf, 0xff, 0xfc, 0x3f, 0xff,
    0xff, 0xff, 0xe0, 0x0, 0x6f, 0xe4, 0x0, 0x0,
    0x0, 0x0, 0x0, 0x0, 0x7, 0xf4, 0x0, 0xff,
    0xff, 0xff, 0xf0, 0x0, 0x2, 0xfd, 0x0, 0xff,
    0xff, 0xff, 0xfd, 0x0, 0x0, 0xff, 0x0, 0x3f,
    0x95, 0x55, 0xff, 0x40, 0x0, 0x3f, 0xc0, 0x1f,
    0xe5, 0x55, 0x7f, 0xc0, 0x0, 0xf, 0xe0, 0x7,
    0xff, 0xff, 0xff, 0xf0, 0x0, 0x7, 0xf8, 0x2,
    0xff, 0xff, 0xff, 0xfc, 0x0, 0x2, 0xfd, 0x0,
    0xff, 0x0, 0x0, 0xfe, 0x0, 0x0, 0xbf, 0xb8,
    0x3f, 0xea, 0xaa, 0xff, 0x40, 0x0, 0x3f, 0xff,
    0x4f, 0xff, 0xff, 0xff, 0xc0, 0x0, 0xbf, 0xff,
    0xc1, 0xff, 0xff, 0xff, 0x80, 0x0, 0xff, 0xff,
    0xd0, 0xf, 0xe0, 0xfe, 0x0, 0x0, 0xbf, 0xfe,
    0x40, 0xb, 0xf4, 0x3f, 0x80, 0x0, 0x1f, 0xf4,
    0x0, 0x7, 0xfc, 0x1f, 0xd0, 0x0, 0x1, 0x40,
    0x0, 0xb, 0xfc, 0x7, 0xf4, 0x3d, 0x0, 0x0,
    0x0, 0x2f, 0xfd, 0x2, 0xfc, 0x2f, 0x40, 0x0,
    0x0, 0x3f, 0xfd, 0x0, 0xbf, 0xff, 0xd0, 0x0,
    0x0, 0xf, 0xf8, 0x0, 0x2f, 0xff, 0xf0, 0x0,
    0x0, 0x2, 0xe0, 0x0, 0x2, 0xff, 0xe0, 0x0,

    /* U+591A "多" */
    0x0, 0x0, 0x0, 0x0, 0x0, 0x0, 0x0, 0x0,
    0x0, 0x0, 0x0, 0x2, 0xf4, 0x0, 0x0, 0x0,
    0x0, 0x0, 0x0, 0x3f, 0xf0, 0x0, 0x0, 0x0,
    0x0, 0x0, 0x7, 0xff, 0xea, 0x96, 0x40, 0x0,
    0x0, 0x0, 0xbf, 0xff, 0xff, 0xff, 0x0, 0x0,
    0x0, 0x2f, 0xff, 0xff, 0xff, 0xfd, 0x0, 0x0,
    0xb, 0xff, 0xff, 0xff, 0xff, 0xe0, 0x0, 0x0,
    0xff, 0xf4, 0x0, 0x7, 0xff, 0x0, 0x0, 0xb,
    0xfe, 0x10, 0x0, 0xbf, 0xe0, 0x0, 0x0, 0x1f,
    0x83, 0xf8, 0x1f, 0xfe, 0x0, 0x0, 0x0, 0x0,
    0xf, 0xfb, 0xff, 0xd0, 0x0, 0x0, 0x0, 0x0,
    0x3f, 0xff, 0xf8, 0x0, 0x0, 0x0, 0x0, 0x2,
    0xff, 0xff, 0xa4, 0x0, 0x0, 0x0, 0x6, 0xff,
    0xff, 0xdb, 0xf0, 0x0, 0x0, 0x7, 0xff, 0xff,
    0xe4, 0xff, 0xc0, 0x0, 0x0, 0x3f, 0xff, 0xf4,
    0x1f, 0xff, 0xaa, 0x64, 0x0, 0xff, 0xe4, 0x3,
    0xff, 0xff, 0xff, 0xf4, 0x1, 0x90, 0x0, 0xbf,
    0xff, 0xff, 0xff, 0xd0, 0x0, 0x0, 0x6f, 0xff,
    0xbf, 0xff, 0xff, 0x0, 0x0, 0x1f, 0xff, 0xe0,
    0x0, 0x3f, 0xf4, 0x0, 0x2, 0xff, 0xf8, 0x0,
    0x3, 0xff, 0x40, 0x0, 0xf, 0xfe, 0x1f, 0x0,
    0x7f, 0xf4, 0x0, 0x0, 0x2f, 0x40, 0xff, 0x4f,
    0xff, 0x40, 0x0, 0x0, 0x0, 0x3, 0xff, 0xff,
    0xf0, 0x0, 0x0, 0x0, 0x0, 0xb, 0xff, 0xfe,
    0x0, 0x0, 0x0, 0x0, 0x6, 0xff, 0xff, 0xc0,
    0x0, 0x0, 0x0, 0x6b, 0xff, 0xff, 0xf4, 0x0,
    0x0, 0x2, 0xff, 0xff, 0xff, 0xf9, 0x0, 0x0,
    0x0, 0x3f, 0xff, 0xff, 0xf9, 0x0, 0x0, 0x0,
    0x0, 0xff, 0xff, 0xe9, 0x0, 0x0, 0x0, 0x0,
    0x1, 0xfa, 0x50, 0x0, 0x0, 0x0, 0x0, 0x0,
    0x0,

    /* U+5927 "大" */
    0x0, 0x0, 0x0, 0x0, 0x14, 0x0, 0x0, 0x0,
    0x0, 0x0, 0x0, 0x2, 0xfc, 0x0, 0x0, 0x0,
    0x0, 0x0, 0x0, 0xf, 0xf0, 0x0, 0x0, 0x0,
    0x0, 0x0, 0x0, 0x7f, 0xc0, 0x0, 0x0, 0x0,
    0x0, 0x0, 0x2, 0xff, 0x0, 0x0, 0x0, 0x0,
    0x0, 0x0, 0xf, 0xf8, 0x0, 0x0, 0x0, 0x0,
    0x0, 0x0, 0x3f, 0xd0, 0x0, 0x0, 0x0, 0x0,
    0x0, 0x1, 0xff, 0x0, 0x0, 0x0, 0x0, 0x0,
    0x0, 0xb, 0xfc, 0x0, 0x0, 0x0, 0x7, 0xff,
    0xff, 0xff, 0xff, 0xff, 0xff, 0xd0, 0x7f, 0xff,
    0xff, 0xff, 0xff, 0xff, 0xff, 0xc2, 0xff, 0xff,
    0xff, 0xff, 0xff, 0xff, 0xff, 0x7, 0xff, 0xff,
    0xff, 0xff, 0xff, 0xff, 0xf0, 0x1, 0x55, 0x55,
    0xff, 0xf5, 0x55, 0x54, 0x0, 0x0, 0x0, 0xb,
    0xff, 0xd0, 0x0, 0x0, 0x0, 0x0, 0x0, 0x3f,
    0xff, 0x40, 0x0, 0x0, 0x0, 0x0, 0x2, 0xff,
    0xfe, 0x0, 0x0, 0x0, 0x0, 0x0, 0x1f, 0xff,
    0xfc, 0x0, 0x0, 0x0, 0x0, 0x0, 0xff, 0xdf,
    0xf4, 0x0, 0x0, 0x0, 0x0, 0xb, 0xfd, 0x3f,
    0xe0, 0x0, 0x0, 0x0, 0x0, 0xbf, 0xe0, 0xff,
    0xc0, 0x0, 0x0, 0x0, 0x7, 0xff, 0x1, 0xff,
    0x80, 0x0, 0x0, 0x0, 0xbf, 0xf0, 0x3, 0xff,
    0x40, 0x0, 0x0, 0xb, 0xff, 0x40, 0xb, 0xff,
    0x0, 0x0, 0x1, 0xff, 0xf4, 0x0, 0xf, 0xff,
    0x0, 0x0, 0x2f, 0xff, 0x40, 0x0, 0x2f, 0xff,
    0x0, 0x3, 0xff, 0xf0, 0x0, 0x0, 0x3f, 0xff,
    0x40, 0x2f, 0xfe, 0x0, 0x0, 0x0, 0x3f, 0xff,
    0x0, 0xbf, 0xd0, 0x0, 0x0, 0x0, 0x3f, 0xfd,
    0x0, 0xf4, 0x0, 0x0, 0x0, 0x0, 0x3f, 0xf0,
    0x0, 0x0, 0x0, 0x0, 0x0, 0x0, 0x2f, 0x0,
    0x0,

    /* U+5929 "天" */
    0x0, 0x0, 0x0, 0x0, 0x0, 0x0, 0x0, 0x0,
    0x0, 0x3, 0xff, 0xff, 0xff, 0xff, 0xff, 0xfc,
    0x0, 0xf, 0xff, 0xff, 0xff, 0xff, 0xff, 0xfd,
    0x0, 0xf, 0xff, 0xff, 0xff, 0xff, 0xff, 0xfc,
    0x0, 0xb, 0xff, 0xff, 0xff, 0xff, 0xff, 0xf4,
    0x0, 0x0, 0x0, 0x0, 0xff, 0x0, 0x0, 0x0,
    0x0, 0x0, 0x0, 0x1, 0xff, 0x0, 0x0, 0x0,
    0x0, 0x0, 0x0, 0x2, 0xff, 0x0, 0x0, 0x0,
    0x0, 0x0, 0x0, 0x2, 0xfe, 0x0, 0x0, 0x0,
    0x0, 0x0, 0x0, 0x3, 0xfd, 0x0, 0x0, 0x0,
    0x0, 0x15, 0x55, 0x57, 0xfd, 0x55, 0x55, 0x40,
    0x1, 0xff, 0xff, 0xff, 0xff, 0xff, 0xff, 0xf8,
    0x3, 0xff, 0xff, 0xff, 0xff, 0xff, 0xff, 0xfc,
    0x3, 0xff, 0xff, 0xff, 0xff, 0xff, 0xff, 0xf8,
    0x1, 0xff, 0xff, 0xff, 0xff, 0xff, 0xff, 0xe0,
    0x0, 0x0, 0x0, 0x3f, 0xff, 0x0, 0x0, 0x0,
    0x0, 0x0, 0x0, 0xbf, 0xff, 0x0, 0x0, 0x0,
    0x0, 0x0, 0x1, 0xff, 0xff, 0x80, 0x0, 0x0,
    0x0, 0x0, 0x7, 0xff, 0xbf, 0xc0, 0x0, 0x0,
    0x0, 0x0, 0x1f, 0xfc, 0x3f, 0xf0, 0x0, 0x0,
    0x0, 0x0, 0x7f, 0xf4, 0x2f, 0xf8, 0x0, 0x0,
    0x0, 0x2, 0xff, 0xd0, 0xf, 0xfe, 0x0, 0x0,
    0x0, 0x1f, 0xff, 0x40, 0xb, 0xff, 0xc0, 0x0,
    0x0, 0xbf, 0xfd, 0x0, 0x3, 0xff, 0xf8, 0x0,
    0xb, 0xff, 0xf0, 0x0, 0x0, 0xff, 0xff, 0x0,
    0x3f, 0xff, 0x80, 0x0, 0x0, 0x3f, 0xff, 0x80,
    0x3f, 0xf8, 0x0, 0x0, 0x0, 0xb, 0xff, 0x40,
    0x3f, 0x80, 0x0, 0x0, 0x0, 0x0, 0xbe, 0x0,
    0x0, 0x0, 0x0, 0x0, 0x0, 0x0, 0x0, 0x0,

    /* U+5931 "失" */
    0x0, 0x0, 0x0, 0x0, 0x0, 0x0, 0x0, 0x0,
    0x0, 0x0, 0x5, 0x0, 0x1f, 0x80, 0x0, 0x0,
    0x0, 0x0, 0x2f, 0xc0, 0x3f, 0xc0, 0x0, 0x0,
    0x0, 0x0, 0x7f, 0xc0, 0x7f, 0xc0, 0x0, 0x0,
    0x0, 0x0, 0xff, 0x80, 0x7f, 0xc0, 0x0, 0x0,
    0x0, 0x1, 0xff, 0x40, 0xbf, 0x80, 0x0, 0x0,
    0x0, 0x3, 0xff, 0xff, 0xff, 0xff, 0xff, 0xe0,
    0x0, 0xb, 0xff, 0xff, 0xff, 0xff, 0xff, 0xf0,
    0x0, 0x1f, 0xff, 0xff, 0xff, 0xff, 0xff, 0xe0,
    0x0, 0x3f, 0xff, 0xff, 0xff, 0xff, 0xff, 0x80,
    0x0, 0xbf, 0xc0, 0x2, 0xfe, 0x0, 0x0, 0x0,
    0x0, 0xff, 0x40, 0x2, 0xfe, 0x0, 0x0, 0x0,
    0x0, 0xbd, 0x0, 0x3, 0xfd, 0x0, 0x0, 0x0,
    0x0, 0x0, 0x0, 0x3, 0xfc, 0x0, 0x0, 0x0,
    0x0, 0x0, 0x0, 0x7, 0xfc, 0x0, 0x0, 0x0,
    0x3, 0xff, 0xff, 0xff, 0xff, 0xff, 0xff, 0xf8,
    0xb, 0xff, 0xff, 0xff, 0xff, 0xff, 0xff, 0xfc,
    0xf, 0xff, 0xff, 0xff, 0xff, 0xff, 0xff, 0xfc,
    0x7, 0xff, 0xff, 0xff, 0xff, 0xff, 0xff, 0xf0,
    0x0, 0x0, 0x0, 0xbf, 0xff, 0x0, 0x0, 0x0,
    0x0, 0x0, 0x1, 0xff, 0xff, 0x40, 0x0, 0x0,
    0x0, 0x0, 0x7, 0xff, 0xff, 0xc0, 0x0, 0x0,
    0x0, 0x0, 0x1f, 0xfc, 0x7f, 0xe0, 0x0, 0x0,
    0x0, 0x0, 0xbf, 0xf4, 0x3f, 0xf8, 0x0, 0x0,
    0x0, 0x7, 0xff, 0xd0, 0x1f, 0xff, 0x0, 0x0,
    0x0, 0x7f, 0xff, 0x40, 0xb, 0xff, 0xe0, 0x0,
    0xb, 0xff, 0xfc, 0x0, 0x3, 0xff, 0xfe, 0x0,
    0x2f, 0xff, 0xe0, 0x0, 0x0, 0xbf, 0xff, 0x80,
    0x3f, 0xfe, 0x0, 0x0, 0x0, 0x1f, 0xff, 0x40,
    0x3f, 0xe0, 0x0, 0x0, 0x0, 0x2, 0xff, 0x0,
    0x5, 0x0, 0x0, 0x0, 0x0, 0x0, 0x14, 0x0,

    /* U+5939 "夹" */
    0x0, 0x0, 0x0, 0x0, 0x1, 0x0, 0x0, 0x0,
    0x0, 0x0, 0x0, 0x0, 0x1f, 0xc0, 0x0, 0x0,
    0x0, 0x0, 0x0, 0x0, 0x3f, 0xd0, 0x0, 0x0,
    0x0, 0x0, 0x0, 0x0, 0x3f, 0xd0, 0x0, 0x0,
    0x0, 0x0, 0x0, 0x0, 0x7f, 0xc0, 0x0, 0x0,
    0x0, 0xb, 0xff, 0xff, 0xff, 0xff, 0xff, 0xf8,
    0x0, 0x2f, 0xff, 0xff, 0xff, 0xff, 0xff, 0xfd,
    0x0, 0x3f, 0xff, 0xff, 0xff, 0xff, 0xff, 0xfd,
    0x0, 0x1f, 0xff, 0xff, 0xff, 0xff, 0xff, 0xf4,
    0x0, 0x0, 0x10, 0x1, 0xff, 0x0, 0x14, 0x0,
    0x0, 0x0, 0xfc, 0x1, 0xff, 0x0, 0xbd, 0x0,
    0x0, 0x1, 0xfd, 0x2, 0xfe, 0x2, 0xfd, 0x0,
    0x0, 0x1, 0xfe, 0x3, 0xfd, 0x3, 0xfc, 0x0,
    0x0, 0x0, 0xfe, 0x3, 0xfc, 0xb, 0xf0, 0x0,
    0x0, 0x0, 0xbc, 0xb, 0xfc, 0xb, 0xd0, 0x0,
    0x0, 0x55, 0x55, 0x5f, 0xf9, 0x56, 0x95, 0x50,
    0x7, 0xff, 0xff, 0xff, 0xff, 0xff, 0xff, 0xf8,
    0xf, 0xff, 0xff, 0xff, 0xff, 0xff, 0xff, 0xfc,
    0xf, 0xff, 0xff, 0xff, 0xff, 0xff, 0xff, 0xf8,
    0x6, 0xff, 0xff, 0xff, 0xff, 0xff, 0xff, 0xe0,
    0x0, 0x0, 0x2, 0xff, 0xff, 0x40, 0x0, 0x0,
    0x0, 0x0, 0x7, 0xfe, 0xff, 0xc0, 0x0, 0x0,
    0x0, 0x0, 0x1f, 0xfc, 0xbf, 0xe0, 0x0, 0x0,
    0x0, 0x0, 0xbf, 0xf0, 0x3f, 0xf4, 0x0, 0x0,
    0x0, 0x7, 0xff, 0xd0, 0x2f, 0xfe, 0x0, 0x0,
    0x0, 0x7f, 0xff, 0x40, 0xf, 0xff, 0xd0, 0x0,
    0xb, 0xff, 0xfc, 0x0, 0x3, 0xff, 0xfd, 0x0,
    0x2f, 0xff, 0xd0, 0x0, 0x0, 0xff, 0xff, 0x0,
    0x3f, 0xfe, 0x0, 0x0, 0x0, 0x2f, 0xff, 0x0,
    0x1f, 0xd0, 0x0, 0x0, 0x0, 0x2, 0xfd, 0x0,
    0x0, 0x0, 0x0, 0x0, 0x0, 0x0, 0x10, 0x0,

    /* U+59CB "始" */
    0x0, 0x0, 0x78, 0x0, 0x0, 0x6, 0x80, 0x0,
    0x0, 0x0, 0x7f, 0x0, 0x0, 0xb, 0xf4, 0x0,
    0x0, 0x0, 0x3f, 0xc0, 0x0, 0x3, 0xfc, 0x0,
    0x0, 0x0, 0xf, 0xe0, 0x0, 0x2, 0xfe, 0x0,
    0x0, 0x0, 0x7, 0xf4, 0x0, 0x1, 0xff, 0x0,
    0x0, 0x0, 0x2, 0xfc, 0x0, 0x0, 0xff, 0x40,
    0xf8, 0x0, 0xb, 0xff, 0xee, 0x0, 0xbf, 0x80,
    0xbf, 0x0, 0xb, 0xff, 0xff, 0xd0, 0x7f, 0xc0,
    0x2f, 0xe0, 0x3, 0xff, 0xff, 0xf4, 0x3f, 0xc0,
    0x7, 0xfc, 0x0, 0x3f, 0xff, 0xfc, 0x3f, 0xd0,
    0x5, 0xff, 0x40, 0x7, 0xf0, 0xff, 0x3f, 0xff,
    0xff, 0xff, 0xf0, 0x3, 0xfc, 0x3f, 0x9f, 0xff,
    0xff, 0xff, 0xfc, 0x0, 0xfd, 0x1f, 0xdb, 0xff,
    0xff, 0xff, 0xff, 0x0, 0xbf, 0xb, 0xf0, 0xbf,
    0xfa, 0x95, 0x1f, 0xc0, 0x3f, 0x83, 0xf8, 0x0,
    0x0, 0x0, 0x0, 0x40, 0x1f, 0xc1, 0xfd, 0x0,
    0x0, 0x0, 0x0, 0x0, 0xb, 0xf4, 0xff, 0x0,
    0xaa, 0xaa, 0xaa, 0x40, 0x1, 0xff, 0xbf, 0x40,
    0xff, 0xff, 0xff, 0xf4, 0x0, 0x3f, 0xff, 0xc0,
    0xbf, 0xff, 0xff, 0xfd, 0x0, 0x3, 0xff, 0xe0,
    0x3f, 0xff, 0xff, 0xff, 0x40, 0x0, 0x3f, 0xf4,
    0xf, 0xe0, 0x0, 0x2f, 0xc0, 0x0, 0xb, 0xff,
    0x3, 0xf8, 0x0, 0xf, 0xf0, 0x0, 0x7, 0xff,
    0xe1, 0xfd, 0x0, 0x3, 0xfc, 0x0, 0x7, 0xff,
    0xfc, 0x7f, 0x0, 0x0, 0xfe, 0x0, 0x7, 0xfe,
    0xfd, 0x2f, 0xc0, 0x0, 0x7f, 0x40, 0x7, 0xfe,
    0x4, 0xf, 0xff, 0xff, 0xff, 0xd0, 0x3, 0xfe,
    0x0, 0x3, 0xff, 0xff, 0xff, 0xf0, 0x1, 0xfe,
    0x0, 0x0, 0xff, 0xff, 0xff, 0xfc, 0x0, 0x3d,
    0x0, 0x0, 0x3f, 0xaa, 0xaa, 0xfe, 0x0, 0x0,
    0x0, 0x0, 0xb, 0x40, 0x0, 0x1e, 0x0, 0x0,

    /* U+5B81 "宁" */
    0x0, 0x0, 0x0, 0x0, 0x0, 0x0, 0x0, 0x0,
    0x0, 0x0, 0x0, 0xf, 0xc0, 0x0, 0x0, 0x0,
    0x0, 0x0, 0x3, 0xfd, 0x0, 0x0, 0x0, 0x0,
    0x0, 0x0, 0x3f, 0xd0, 0x0, 0x0, 0x0, 0x0,
    0x0, 0x1, 0xf8, 0x0, 0x0, 0x0, 0xf, 0xff,
    0xff, 0xff, 0xff, 0xff, 0xfc, 0x2, 0xff, 0xff,
    0xff, 0xff, 0xff, 0xff, 0xe0, 0x3f, 0xff, 0xff,
    0xff, 0xff, 0xff, 0xfe, 0x3, 0xff, 0xff, 0xff,
    0xff, 0xff, 0xff, 0xd0, 0x7f, 0x80, 0x0, 0x0,
    0x0, 0x3, 0xfc, 0x7, 0xf4, 0x0, 0x0, 0x0,
    0x0, 0x3f, 0xc0, 0x3e, 0x0, 0x0, 0x0, 0x0,
    0x2, 0xf0, 0x0, 0x0, 0x0, 0x0, 0x0, 0x0,
    0x0, 0x0, 0x6a, 0xaa, 0xaa, 0xaa, 0xaa, 0xaa,
    0x90, 0x2f, 0xff, 0xff, 0xff, 0xff, 0xff, 0xff,
    0x83, 0xff, 0xff, 0xff, 0xff, 0xff, 0xff, 0xf8,
    0x2f, 0xff, 0xff, 0xff, 0xff, 0xff, 0xff, 0x0,
    0x15, 0x55, 0x5b, 0xf9, 0x55, 0x55, 0x0, 0x0,
    0x0, 0x0, 0xff, 0x40, 0x0, 0x0, 0x0, 0x0,
    0x0, 0xf, 0xf0, 0x0, 0x0, 0x0, 0x0, 0x0,
    0x0, 0xff, 0x0, 0x0, 0x0, 0x0, 0x0, 0x0,
    0x1f, 0xf0, 0x0, 0x0, 0x0, 0x0, 0x0, 0x1,
    0xfe, 0x0, 0x0, 0x0, 0x0, 0x0, 0x0, 0x2f,
    0xe0, 0x0, 0x0, 0x0, 0x0, 0x0, 0x3, 0xfd,
    0x0, 0x0, 0x0, 0x0, 0x0, 0x0, 0x3f, 0xc0,
    0x0, 0x0, 0x0, 0x0, 0x0, 0x7, 0xfc, 0x0,
    0x0, 0x0, 0x0, 0x0, 0xff, 0xff, 0x80, 0x0,
    0x0, 0x0, 0x0, 0x2f, 0xff, 0xf4, 0x0, 0x0,
    0x0, 0x0, 0x2, 0xff, 0xfe, 0x0, 0x0, 0x0,
    0x0, 0x0, 0xf, 0xfe, 0x0, 0x0, 0x0, 0x0,
    0x0,

    /* U+5BA4 "室" */
    0x0, 0x0, 0x0, 0x0, 0x1, 0x0, 0x0, 0x0,
    0x0, 0x0, 0x0, 0x0, 0x3, 0xf0, 0x0, 0x0,
    0x0, 0x0, 0x0, 0x0, 0x3, 0xfd, 0x0, 0x0,
    0x0, 0x0, 0x2a, 0xaa, 0xaa, 0xff, 0xea, 0xaa,
    0xa8, 0x0, 0x3f, 0xff, 0xff, 0xff, 0xff, 0xff,
    0xff, 0x80, 0x1f, 0xff, 0xff, 0xff, 0xff, 0xff,
    0xff, 0xe0, 0xb, 0xff, 0xff, 0xff, 0xff, 0xff,
    0xff, 0xf8, 0x3, 0xfc, 0x0, 0x0, 0x0, 0x0,
    0x3, 0xfd, 0x0, 0xbe, 0x0, 0x0, 0x0, 0x0,
    0x0, 0xbf, 0x0, 0x9, 0x3f, 0xff, 0xff, 0xff,
    0xff, 0xc9, 0x0, 0x0, 0x2f, 0xff, 0xff, 0xff,
    0xff, 0xf4, 0x0, 0x0, 0x7, 0xff, 0xff, 0xff,
    0xff, 0xf8, 0x0, 0x0, 0x0, 0x7, 0xff, 0x40,
    0x1f, 0xd0, 0x0, 0x0, 0x0, 0x7, 0xfe, 0x0,
    0xb, 0xfc, 0x0, 0x0, 0x0, 0xb, 0xfd, 0x0,
    0x56, 0xff, 0x80, 0x0, 0x0, 0xf, 0xff, 0xff,
    0xff, 0xff, 0xf8, 0x0, 0x0, 0xb, 0xff, 0xff,
    0xff, 0xff, 0xff, 0x0, 0x0, 0x3, 0xff, 0xff,
    0xfe, 0xa5, 0x3f, 0x80, 0x0, 0x0, 0x19, 0x50,
    0x2d, 0x0, 0x1, 0x40, 0x0, 0x0, 0x0, 0x0,
    0x3f, 0xc0, 0x0, 0x0, 0x0, 0x0, 0x5, 0x55,
    0x6f, 0xf5, 0x55, 0x54, 0x0, 0x0, 0x1f, 0xff,
    0xff, 0xff, 0xff, 0xff, 0x40, 0x0, 0xb, 0xff,
    0xff, 0xff, 0xff, 0xff, 0xd0, 0x0, 0x0, 0xff,
    0xff, 0xff, 0xff, 0xff, 0xd0, 0x0, 0x0, 0x0,
    0x0, 0x3f, 0xd0, 0x0, 0x0, 0x0, 0x0, 0x0,
    0x0, 0xf, 0xf0, 0x0, 0x0, 0x0, 0x0, 0x6a,
    0xaa, 0xab, 0xfe, 0xaa, 0xaa, 0x90, 0x0, 0xff,
    0xff, 0xff, 0xff, 0xff, 0xff, 0xff, 0x0, 0xbf,
    0xff, 0xff, 0xff, 0xff, 0xff, 0xff, 0xc0, 0xf,
    0xff, 0xff, 0xff, 0xff, 0xff, 0xff, 0xc0, 0x0,

    /* U+5C0F "小" */
    0x0, 0x0, 0x0, 0x0, 0x19, 0x0, 0x0, 0x0,
    0x0, 0x0, 0x0, 0x2, 0xfc, 0x0, 0x0, 0x0,
    0x0, 0x0, 0x0, 0xf, 0xf4, 0x0, 0x0, 0x0,
    0x0, 0x0, 0x0, 0x7f, 0xc0, 0x0, 0x0, 0x0,
    0x0, 0x0, 0x1, 0xff, 0x0, 0x0, 0x0, 0x0,
    0x0, 0x0, 0xb, 0xfc, 0x0, 0x0, 0x0, 0x0,
    0x0, 0x0, 0x3f, 0xe0, 0x0, 0x0, 0x0, 0x0,
    0x0, 0x0, 0xff, 0x40, 0x0, 0x0, 0x0, 0x7,
    0xf0, 0x3, 0xfc, 0x0, 0xfc, 0x0, 0x0, 0x3f,
    0xd0, 0x1f, 0xf0, 0xf, 0xf4, 0x0, 0x2, 0xff,
    0x0, 0xbf, 0xc0, 0x3f, 0xf0, 0x0, 0xf, 0xf8,
    0x2, 0xfe, 0x0, 0xbf, 0xc0, 0x0, 0x7f, 0xc0,
    0xf, 0xf8, 0x1, 0xff, 0x40, 0x3, 0xff, 0x0,
    0x3f, 0xd0, 0x3, 0xfe, 0x0, 0x1f, 0xf4, 0x0,
    0xff, 0x0, 0xf, 0xfc, 0x0, 0xff, 0xc0, 0x7,
    0xfc, 0x0, 0x2f, 0xf0, 0xb, 0xfc, 0x0, 0x2f,
    0xf0, 0x0, 0x7f, 0xd0, 0x3f, 0xe0, 0x0, 0xff,
    0x80, 0x0, 0xff, 0x83, 0xff, 0x0, 0x3, 0xfd,
    0x0, 0x3, 0xff, 0x1f, 0xf4, 0x0, 0xf, 0xf4,
    0x0, 0xf, 0xfc, 0x7f, 0x80, 0x0, 0x7f, 0xc0,
    0x0, 0x2f, 0xf0, 0xb8, 0x0, 0x1, 0xff, 0x0,
    0x0, 0xbf, 0x80, 0x0, 0x0, 0xb, 0xfc, 0x0,
    0x0, 0xa4, 0x0, 0x0, 0x0, 0x3f, 0xe0, 0x0,
    0x0, 0x0, 0x0, 0x0, 0x0, 0xff, 0x40, 0x0,
    0x0, 0x0, 0x0, 0x0, 0x7, 0xfc, 0x0, 0x0,
    0x0, 0x0, 0x0, 0x3f, 0xff, 0xf0, 0x0, 0x0,
    0x0, 0x0, 0x2, 0xff, 0xff, 0x80, 0x0, 0x0,
    0x0, 0x0, 0xb, 0xff, 0xf8, 0x0, 0x0, 0x0,
    0x0, 0x0, 0xf, 0xfe, 0x40, 0x0, 0x0, 0x0,
    0x0,

    /* U+5C18 "尘" */
    0x0, 0x0, 0x0, 0x0, 0x2, 0xd0, 0x0, 0x0,
    0x0, 0x0, 0x0, 0x0, 0x3, 0xfc, 0x0, 0x0,
    0x0, 0x0, 0x0, 0x0, 0x0, 0xff, 0x0, 0x0,
    0x0, 0x0, 0x0, 0xb, 0x40, 0x7f, 0xc0, 0x28,
    0x0, 0x0, 0x0, 0xf, 0xf0, 0x1f, 0xe0, 0x2f,
    0xc0, 0x0, 0x0, 0xf, 0xf8, 0xb, 0xf8, 0xf,
    0xfc, 0x0, 0x0, 0xf, 0xfc, 0x3, 0xfd, 0x2,
    0xff, 0xc0, 0x0, 0xf, 0xfc, 0x0, 0xff, 0x0,
    0x2f, 0xf8, 0x0, 0x1f, 0xfc, 0x0, 0x3f, 0xc0,
    0x3, 0xff, 0x40, 0xf, 0xfc, 0x0, 0x1f, 0xf0,
    0x0, 0x3f, 0xe0, 0x7, 0xf8, 0x0, 0xb, 0xf8,
    0x0, 0xb, 0xf4, 0x0, 0xb8, 0x0, 0x2, 0xfd,
    0x0, 0x0, 0xa4, 0x0, 0x0, 0x0, 0x0, 0x2d,
    0x0, 0x0, 0x0, 0x0, 0x0, 0x0, 0x0, 0x0,
    0x0, 0x0, 0x0, 0x0, 0x0, 0x0, 0x0, 0x7,
    0xc0, 0x0, 0x0, 0x0, 0x0, 0x0, 0x0, 0x7,
    0xf8, 0x0, 0x0, 0x0, 0x0, 0x0, 0x0, 0x2,
    0xfe, 0x0, 0x0, 0x0, 0x0, 0x1, 0xaa, 0xaa,
    0xff, 0xea, 0xaa, 0x80, 0x0, 0x1, 0xff, 0xff,
    0xff, 0xff, 0xff, 0xf8, 0x0, 0x0, 0xff, 0xff,
    0xff, 0xff, 0xff, 0xfe, 0x0, 0x0, 0x1f, 0xff,
    0xff, 0xff, 0xff, 0xff, 0x0, 0x0, 0x0, 0x0,
    0x2, 0xfe, 0x0, 0x0, 0x0, 0x0, 0x0, 0x0,
    0x0, 0xbf, 0x80, 0x0, 0x0, 0x0, 0x0, 0x0,
    0x0, 0x3f, 0xd0, 0x0, 0x0, 0x0, 0x0, 0x0,
    0x0, 0xf, 0xf0, 0x0, 0x0, 0x0, 0x0, 0x55,
    0x55, 0x57, 0xfd, 0x55, 0x55, 0x50, 0x1, 0xff,
    0xff, 0xff, 0xff, 0xff, 0xff, 0xff, 0x0, 0xff,
    0xff, 0xff, 0xff, 0xff, 0xff, 0xff, 0xd0, 0x3f,
    0xff, 0xff, 0xff, 0xff, 0xff, 0xff, 0xf0, 0x7,
    0xff, 0xff, 0xff, 0xff, 0xff, 0xff, 0xf0, 0x0,

    /* U+5DDE "州" */
    0x0, 0x0, 0x0, 0x0, 0x0, 0x0, 0x0, 0x4,
    0x0, 0x0, 0x0, 0xfc, 0x0, 0x18, 0x0, 0xf,
    0xc0, 0x0, 0x0, 0xbf, 0x0, 0x2f, 0xc0, 0xb,
    0xf4, 0x0, 0x0, 0x3f, 0xc0, 0xf, 0xf0, 0x3,
    0xfc, 0x0, 0x0, 0xf, 0xf0, 0x3, 0xf8, 0x0,
    0xff, 0x0, 0x0, 0x7, 0xf8, 0x1, 0xfe, 0x0,
    0x3f, 0xc0, 0x0, 0x1, 0xfd, 0x0, 0xbf, 0x40,
    0x1f, 0xe0, 0x0, 0x0, 0xbf, 0x40, 0x3f, 0xc0,
    0xb, 0xf4, 0x0, 0x2d, 0x3f, 0xc0, 0xf, 0xf0,
    0x2, 0xfd, 0x0, 0x1f, 0xcf, 0xff, 0x83, 0xfe,
    0xd0, 0xff, 0x0, 0xf, 0xe3, 0xff, 0xf1, 0xff,
    0xfc, 0x3f, 0xc0, 0x7, 0xf5, 0xff, 0xfd, 0x7f,
    0xff, 0x5f, 0xf0, 0x3, 0xfc, 0xbf, 0xbf, 0x6f,
    0xdf, 0xe7, 0xf8, 0x0, 0xfe, 0x3f, 0xdf, 0xef,
    0xf3, 0xfe, 0xfd, 0x0, 0xbf, 0xf, 0xf3, 0xfb,
    0xfc, 0xbf, 0xff, 0x0, 0x3f, 0x87, 0xfc, 0xfe,
    0xff, 0x2f, 0xff, 0xc0, 0xf, 0xc2, 0xfe, 0x1f,
    0x7f, 0x83, 0xef, 0xf0, 0x0, 0x40, 0xff, 0x0,
    0x2f, 0xd0, 0x7, 0xf8, 0x0, 0x0, 0x7f, 0xc0,
    0xb, 0xf0, 0x2, 0xfe, 0x0, 0x0, 0x2f, 0xe0,
    0x3, 0xfc, 0x0, 0xbf, 0x40, 0x0, 0xf, 0xf0,
    0x0, 0xff, 0x0, 0x3f, 0xc0, 0x0, 0xb, 0xf8,
    0x0, 0x3f, 0x80, 0xf, 0xf0, 0x0, 0x7, 0xfc,
    0x0, 0x1f, 0xe0, 0x3, 0xfc, 0x0, 0x3, 0xfe,
    0x0, 0xb, 0xf4, 0x1, 0xfe, 0x0, 0x3, 0xff,
    0x0, 0x2, 0xfc, 0x0, 0xbf, 0x40, 0x3, 0xff,
    0x40, 0x0, 0xff, 0x0, 0x2f, 0xd0, 0x2, 0xff,
    0x40, 0x0, 0x3f, 0xc0, 0xf, 0xf0, 0x0, 0xff,
    0x80, 0x0, 0xb, 0xc0, 0x3, 0xfc, 0x0, 0x2f,
    0x80, 0x0, 0x0, 0x0, 0x0, 0xfe, 0x0, 0x1,
    0x0, 0x0, 0x0, 0x0, 0x0, 0x2e, 0x0, 0x0,

    /* U+5E7F "广" */
    0x0, 0x0, 0x0, 0x0, 0x0, 0x40, 0x0, 0x0,
    0x0, 0x0, 0x0, 0x0, 0x1, 0xfc, 0x0, 0x0,
    0x0, 0x0, 0x0, 0x0, 0x0, 0xff, 0x40, 0x0,
    0x0, 0x0, 0x0, 0x0, 0x0, 0x3f, 0xe0, 0x0,
    0x0, 0x0, 0x0, 0x0, 0x0, 0xf, 0xf4, 0x0,
    0x0, 0x0, 0x0, 0x6b, 0xff, 0xff, 0xff, 0xff,
    0xff, 0x80, 0x0, 0x3f, 0xff, 0xff, 0xff, 0xff,
    0xff, 0xf4, 0x0, 0x2f, 0xff, 0xff, 0xff, 0xff,
    0xff, 0xfd, 0x0, 0xf, 0xff, 0xff, 0xff, 0xff,
    0xff, 0xfe, 0x0, 0x3, 0xfd, 0x0, 0x0, 0x0,
    0x0, 0x0, 0x0, 0x0, 0xff, 0x0, 0x0, 0x0,
    0x0, 0x0, 0x0, 0x0, 0x7f, 0xc0, 0x0, 0x0,
    0x0, 0x0, 0x0, 0x0, 0x1f, 0xf0, 0x0, 0x0,
    0x0, 0x0, 0x0, 0x0, 0xb, 0xf8, 0x0, 0x0,
    0x0, 0x0, 0x0, 0x0, 0x3, 0xfe, 0x0, 0x0,
    0x0, 0x0, 0x0, 0x0, 0x0, 0xff, 0x40, 0x0,
    0x0, 0x0, 0x0, 0x0, 0x0, 0x3f, 0xc0, 0x0,
    0x0, 0x0, 0x0, 0x0, 0x0, 0x1f, 0xf0, 0x0,
    0x0, 0x0, 0x0, 0x0, 0x0, 0xb, 0xf8, 0x0,
    0x0, 0x0, 0x0, 0x0, 0x0, 0x3, 0xfe, 0x0,
    0x0, 0x0, 0x0, 0x0, 0x0, 0x0, 0xff, 0x40,
    0x0, 0x0, 0x0, 0x0, 0x0, 0x0, 0x7f, 0xc0,
    0x0, 0x0, 0x0, 0x0, 0x0, 0x0, 0x2f, 0xe0,
    0x0, 0x0, 0x0, 0x0, 0x0, 0x0, 0xf, 0xf4,
    0x0, 0x0, 0x0, 0x0, 0x0, 0x0, 0x7, 0xfc,
    0x0, 0x0, 0x0, 0x0, 0x0, 0x0, 0x3, 0xfe,
    0x0, 0x0, 0x0, 0x0, 0x0, 0x0, 0x2, 0xff,
    0x0, 0x0, 0x0, 0x0, 0x0, 0x0, 0x0, 0xff,
    0x80, 0x0, 0x0, 0x0, 0x0, 0x0, 0x0, 0x7f,
    0xc0, 0x0, 0x0, 0x0, 0x0, 0x0, 0x0, 0x1f,
    0xd0, 0x0, 0x0, 0x0, 0x0, 0x0, 0x0, 0x3,
    0xe0, 0x0, 0x0, 0x0, 0x0, 0x0, 0x0, 0x0,

    /* U+5EA6 "度" */
    0x0, 0x0, 0x0, 0x0, 0x0, 0x0, 0x0, 0x0,
    0x0, 0x0, 0x0, 0x0, 0x0, 0x2f, 0x40, 0x0,
    0x0, 0x0, 0x0, 0x0, 0x0, 0x7, 0xfc, 0x0,
    0x0, 0x0, 0x0, 0x1a, 0xaa, 0xaa, 0xff, 0xea,
    0xaa, 0xa4, 0x0, 0x7, 0xff, 0xff, 0xff, 0xff,
    0xff, 0xff, 0xc0, 0x0, 0xff, 0xff, 0xff, 0xff,
    0xff, 0xff, 0xfc, 0x0, 0xf, 0xff, 0xff, 0xff,
    0xff, 0xff, 0xff, 0x40, 0x0, 0xfe, 0x0, 0x0,
    0x0, 0x0, 0x0, 0x0, 0x0, 0x1f, 0xe0, 0x3,
    0xe0, 0x0, 0x7c, 0x0, 0x0, 0x2, 0xfd, 0x0,
    0xbf, 0x0, 0x1f, 0xe0, 0x0, 0x0, 0x3f, 0xcb,
    0xff, 0xff, 0xff, 0xff, 0xfd, 0x0, 0x3, 0xfd,
    0xff, 0xff, 0xff, 0xff, 0xff, 0xf0, 0x0, 0x3f,
    0xcf, 0xff, 0xff, 0xff, 0xff, 0xfc, 0x0, 0x7,
    0xf8, 0x2, 0xfd, 0x0, 0x3f, 0xc0, 0x0, 0x0,
    0x7f, 0x40, 0x2f, 0xc0, 0x3, 0xf8, 0x0, 0x0,
    0xb, 0xf4, 0x3, 0xff, 0xff, 0xff, 0x80, 0x0,
    0x0, 0xff, 0x0, 0x3f, 0xff, 0xff, 0xf0, 0x0,
    0x0, 0xf, 0xf0, 0x1, 0xff, 0xff, 0xfd, 0x0,
    0x0, 0x1, 0xfe, 0x0, 0x0, 0x0, 0x0, 0x0,
    0x0, 0x0, 0x2f, 0xd2, 0xff, 0xff, 0xff, 0xff,
    0xd0, 0x0, 0x3, 0xfc, 0xbf, 0xff, 0xff, 0xff,
    0xff, 0x0, 0x0, 0x3f, 0x87, 0xff, 0xff, 0xff,
    0xff, 0xe0, 0x0, 0xb, 0xf4, 0x1, 0xf4, 0x0,
    0x2f, 0xfc, 0x0, 0x0, 0xff, 0x0, 0x3f, 0xd0,
    0xb, 0xfe, 0x0, 0x0, 0x1f, 0xe0, 0x3, 0xff,
    0x9b, 0xff, 0x80, 0x0, 0x3, 0xfd, 0x0, 0xf,
    0xff, 0xff, 0xd0, 0x0, 0x0, 0x7f, 0xc0, 0x16,
    0xff, 0xff, 0xf4, 0x0, 0x0, 0xb, 0xf4, 0x3f,
    0xff, 0xff, 0xff, 0xff, 0x90, 0x0, 0xff, 0xb,
    0xff, 0xff, 0xbf, 0xff, 0xff, 0x0, 0xb, 0xd0,
    0xbf, 0xe9, 0x0, 0x6f, 0xff, 0xf0, 0x0, 0x0,
    0x0, 0x0, 0x0, 0x0, 0x6, 0xfc, 0x0, 0x0,

    /* U+5F3A "强" */
    0x0, 0x2a, 0xaa, 0x80, 0xa, 0xaa, 0xaa, 0x90,
    0x3, 0xff, 0xff, 0xc1, 0xff, 0xff, 0xff, 0xc0,
    0x2f, 0xff, 0xff, 0xf, 0xff, 0xff, 0xff, 0x40,
    0x3f, 0xff, 0xf8, 0x3f, 0xea, 0xab, 0xfc, 0x0,
    0x0, 0xf, 0xe0, 0xfd, 0x0, 0xf, 0xf0, 0x0,
    0x0, 0x7f, 0x47, 0xf4, 0x0, 0x3f, 0xc0, 0x0,
    0x2, 0xfc, 0x2f, 0xff, 0xff, 0xfe, 0x0, 0x2b,
    0xff, 0xf0, 0xbf, 0xff, 0xff, 0xf4, 0x3, 0xff,
    0xff, 0xc1, 0xff, 0xff, 0xff, 0x80, 0x1f, 0xff,
    0xfe, 0x0, 0x2, 0xf8, 0x0, 0x0, 0xbf, 0xff,
    0xe0, 0x0, 0xf, 0xe0, 0x0, 0x3, 0xf8, 0x0,
    0x1, 0xff, 0xff, 0xff, 0xe0, 0xf, 0xd0, 0x0,
    0xf, 0xff, 0xff, 0xff, 0xd0, 0x7f, 0x0, 0x0,
    0xbf, 0xff, 0xff, 0xff, 0x42, 0xfc, 0x1, 0x2,
    0xfd, 0x7f, 0xd6, 0xfc, 0xf, 0xff, 0xff, 0x4f,
    0xe0, 0xff, 0xb, 0xf0, 0x7f, 0xff, 0xfe, 0x3f,
    0x43, 0xf8, 0x3f, 0xc1, 0xff, 0xff, 0xf4, 0xfe,
    0x5f, 0xe5, 0xfe, 0x2, 0xaa, 0xbf, 0xc7, 0xff,
    0xff, 0xff, 0xf4, 0x0, 0x0, 0xff, 0x1f, 0xff,
    0xff, 0xff, 0xc0, 0x0, 0x7, 0xf8, 0x2f, 0xff,
    0xff, 0xfd, 0x0, 0x0, 0x2f, 0xd0, 0x0, 0x3f,
    0xc2, 0xf0, 0x0, 0x0, 0xff, 0x0, 0x0, 0xfe,
    0xf, 0xd0, 0x0, 0x3, 0xf8, 0x0, 0x7, 0xf9,
    0xbf, 0x80, 0x0, 0x2f, 0xd1, 0xff, 0xff, 0xff,
    0xff, 0x0, 0x1a, 0xff, 0x1f, 0xff, 0xff, 0xff,
    0xfd, 0x2, 0xff, 0xf8, 0xff, 0xff, 0xff, 0xff,
    0xf4, 0xf, 0xff, 0xc1, 0xff, 0xfa, 0x95, 0x4f,
    0xc0, 0x1f, 0xf8, 0x0, 0x0, 0x0, 0x0, 0x4,
    0x0, 0x0, 0x0, 0x0, 0x0, 0x0, 0x0, 0x0,
    0x0,

    /* U+6210 "成" */
    0x0, 0x0, 0x0, 0x0, 0x0, 0x0, 0x0, 0x0,
    0x0, 0x0, 0x0, 0x0, 0x0, 0xb, 0xc0, 0xfc,
    0x0, 0x0, 0x0, 0x0, 0x0, 0x1, 0xfe, 0x1f,
    0xf4, 0x0, 0x0, 0x0, 0x0, 0x0, 0x2f, 0xe1,
    0xff, 0xc0, 0x0, 0x0, 0x0, 0x0, 0x3, 0xfd,
    0x7, 0xfc, 0x0, 0x0, 0x14, 0x6a, 0xaa, 0xbf,
    0xea, 0xaf, 0x90, 0x0, 0xf, 0xff, 0xff, 0xff,
    0xff, 0xff, 0xff, 0xc0, 0x1, 0xff, 0xff, 0xff,
    0xff, 0xff, 0xff, 0xfc, 0x0, 0x2f, 0xff, 0xff,
    0xff, 0xff, 0xff, 0xff, 0x40, 0x2, 0xfe, 0x55,
    0x55, 0xbf, 0xd5, 0x55, 0x40, 0x0, 0x3f, 0xd0,
    0x0, 0x7, 0xf8, 0x0, 0x0, 0x0, 0x3, 0xfc,
    0x0, 0x0, 0xbf, 0x80, 0x14, 0x0, 0x0, 0x7f,
    0xc0, 0x0, 0xb, 0xf8, 0xf, 0xe0, 0x0, 0x7,
    0xff, 0xff, 0xf4, 0xbf, 0x42, 0xfe, 0x0, 0x0,
    0xbf, 0xff, 0xff, 0x8b, 0xf4, 0x3f, 0xc0, 0x0,
    0xf, 0xff, 0xff, 0xf4, 0xbf, 0x4f, 0xf8, 0x0,
    0x0, 0xff, 0xaa, 0xff, 0xf, 0xf5, 0xff, 0x0,
    0x0, 0xf, 0xf0, 0xf, 0xf0, 0xff, 0xbf, 0xd0,
    0x0, 0x1, 0xff, 0x0, 0xfe, 0xb, 0xff, 0xf8,
    0x0, 0x0, 0x2f, 0xe0, 0x1f, 0xd0, 0xbf, 0xff,
    0x0, 0x0, 0x3, 0xfd, 0x2, 0xfd, 0xb, 0xff,
    0xc0, 0x0, 0x0, 0x3f, 0xc0, 0x3f, 0xc0, 0xbf,
    0xf4, 0x0, 0x0, 0xb, 0xf8, 0x5b, 0xf8, 0xb,
    0xfe, 0x0, 0x40, 0x0, 0xff, 0x5f, 0xff, 0x42,
    0xff, 0xc0, 0x2f, 0x0, 0x1f, 0xf2, 0xff, 0xf0,
    0xff, 0xfd, 0x7, 0xf0, 0x3, 0xfe, 0xf, 0xf8,
    0x7f, 0xff, 0xe0, 0xbf, 0x0, 0x7f, 0xc0, 0x0,
    0x3f, 0xff, 0xff, 0x5f, 0xe0, 0xb, 0xf8, 0x0,
    0x7, 0xff, 0x4f, 0xff, 0xfc, 0x0, 0xff, 0x0,
    0x0, 0xbf, 0xc0, 0xbf, 0xff, 0x80, 0x7, 0xd0,
    0x0, 0x3, 0xe0, 0x3, 0xff, 0xf0, 0x0, 0x0,
    0x0, 0x0, 0x0, 0x0, 0xb, 0xf8, 0x0, 0x0,

    /* U+6309 "按" */
    0x0, 0x0, 0x0, 0x0, 0x0, 0x0, 0x0, 0x0,
    0x0, 0x0, 0x3, 0xd0, 0x0, 0x0, 0x3e, 0x0,
    0x0, 0x0, 0x0, 0xff, 0x0, 0x0, 0xf, 0xf0,
    0x0, 0x0, 0x0, 0xf, 0xe0, 0x0, 0x0, 0xff,
    0x40, 0x0, 0x0, 0x1, 0xfe, 0x0, 0x55, 0x5f,
    0xf9, 0x55, 0x0, 0x0, 0x1f, 0xd0, 0x2f, 0xff,
    0xff, 0xff, 0xfc, 0x0, 0x2, 0xfc, 0x3, 0xff,
    0xff, 0xff, 0xff, 0xc0, 0xf, 0xff, 0xfd, 0x7f,
    0xff, 0xff, 0xff, 0xfc, 0x2, 0xff, 0xff, 0xfb,
    0xf0, 0x0, 0x0, 0x7f, 0x80, 0x2f, 0xff, 0xfd,
    0xff, 0x6, 0x40, 0x7, 0xf4, 0x0, 0xaf, 0xfe,
    0x4b, 0xd2, 0xfc, 0x0, 0x3f, 0x0, 0x0, 0xbf,
    0x40, 0x10, 0x3f, 0xc0, 0x0, 0x0, 0x0, 0xb,
    0xf0, 0x0, 0xb, 0xf8, 0x0, 0x0, 0x0, 0x0,
    0xff, 0x1, 0xaa, 0xff, 0xea, 0xaa, 0x80, 0x0,
    0xf, 0xf0, 0xbf, 0xff, 0xff, 0xff, 0xff, 0x0,
    0x1, 0xfe, 0xf, 0xff, 0xff, 0xff, 0xff, 0xf0,
    0x0, 0x1f, 0xff, 0xbf, 0xff, 0xff, 0xff, 0xf8,
    0x0, 0x1b, 0xff, 0xf4, 0x1f, 0xf0, 0xb, 0xf8,
    0x0, 0xf, 0xff, 0xff, 0x3, 0xfd, 0x0, 0xff,
    0x0, 0x3, 0xff, 0xff, 0x80, 0xbf, 0x80, 0x2f,
    0xe0, 0x0, 0x3f, 0xff, 0x80, 0xf, 0xf4, 0x3,
    0xfc, 0x0, 0x0, 0x57, 0xf8, 0x1, 0xff, 0xf4,
    0xff, 0x80, 0x0, 0x0, 0x7f, 0x40, 0xf, 0xff,
    0xff, 0xf0, 0x0, 0x0, 0xb, 0xf0, 0x0, 0x1f,
    0xff, 0xfc, 0x0, 0x0, 0x0, 0xff, 0x0, 0x0,
    0x2f, 0xff, 0xc0, 0x0, 0x0, 0xf, 0xf0, 0x0,
    0x2, 0xff, 0xff, 0x40, 0x0, 0x0, 0xfe, 0x0,
    0x6, 0xff, 0xff, 0xff, 0x0, 0x0, 0xaf, 0xd0,
    0xb, 0xff, 0xf9, 0xff, 0xf8, 0x0, 0x3f, 0xfc,
    0x3, 0xff, 0xfd, 0x2, 0xff, 0x80, 0x7, 0xff,
    0x80, 0x3f, 0xf9, 0x0, 0x7, 0xf0, 0x0, 0x3f,
    0x90, 0x2, 0xe4, 0x0, 0x0, 0x0, 0x0, 0x0,
    0x0, 0x0, 0x0, 0x0, 0x0, 0x0, 0x0, 0x0,

    /* U+63A5 "接" */
    0x0, 0x0, 0x0, 0x0, 0x0, 0x0, 0x0, 0x0,
    0x0, 0x0, 0x2f, 0x0, 0x0, 0x0, 0xa0, 0x0,
    0x0, 0x0, 0x1f, 0xc0, 0x0, 0x0, 0xfe, 0x0,
    0x0, 0x0, 0xb, 0xf0, 0x1, 0x55, 0xbf, 0xd5,
    0x54, 0x0, 0x3, 0xfc, 0x2, 0xff, 0xff, 0xff,
    0xff, 0x80, 0x0, 0xfe, 0x0, 0xff, 0xff, 0xff,
    0xff, 0xe0, 0x0, 0x7f, 0x80, 0x2f, 0xff, 0xff,
    0xff, 0xe0, 0x3, 0xff, 0xfd, 0x0, 0x3c, 0x0,
    0x2d, 0x0, 0x2, 0xff, 0xff, 0x80, 0x3f, 0x80,
    0x3f, 0x80, 0x0, 0xbf, 0xff, 0xc0, 0xf, 0xe0,
    0x1f, 0xd0, 0x0, 0x5, 0xff, 0x40, 0x1, 0xf0,
    0xb, 0xe0, 0x0, 0x0, 0x3f, 0x80, 0xbf, 0xff,
    0xff, 0xff, 0xf8, 0x0, 0x1f, 0xd0, 0x7f, 0xff,
    0xff, 0xff, 0xff, 0x0, 0x7, 0xf0, 0xf, 0xff,
    0xff, 0xff, 0xff, 0x40, 0x2, 0xfc, 0x0, 0x55,
    0x7d, 0x55, 0x55, 0x0, 0x0, 0xff, 0xf0, 0x0,
    0x2f, 0x80, 0x0, 0x0, 0x2, 0xff, 0xfc, 0x0,
    0x1f, 0xe0, 0x0, 0x0, 0x3, 0xff, 0xff, 0x2f,
    0xff, 0xff, 0xff, 0xfe, 0x2, 0xff, 0xfe, 0x3f,
    0xff, 0xff, 0xff, 0xff, 0xd0, 0x7f, 0xfc, 0xb,
    0xff, 0xff, 0xff, 0xff, 0xf0, 0x0, 0xbf, 0x0,
    0x5b, 0xfd, 0x56, 0xf9, 0x50, 0x0, 0x3f, 0xc0,
    0x3, 0xfc, 0x0, 0xff, 0x0, 0x0, 0xf, 0xe0,
    0x3, 0xfe, 0x0, 0xff, 0x40, 0x0, 0x3, 0xf4,
    0x0, 0xff, 0xfd, 0xbf, 0x80, 0x0, 0x1, 0xfd,
    0x0, 0x1f, 0xff, 0xff, 0xc0, 0x0, 0x0, 0xbf,
    0x0, 0x0, 0x7f, 0xff, 0xe0, 0x0, 0x0, 0x3f,
    0xc0, 0x0, 0x1f, 0xff, 0xff, 0x80, 0x0, 0xff,
    0xe0, 0xb, 0xff, 0xff, 0xff, 0xfc, 0x0, 0x7f,
    0xf4, 0xf, 0xff, 0xfe, 0xb, 0xff, 0x0, 0x1f,
    0xf8, 0x3, 0xff, 0xe4, 0x0, 0x7f, 0x40, 0x1,
    0x90, 0x0, 0x65, 0x0, 0x0, 0x0, 0x0, 0x0,

    /* U+63D0 "提" */
    0x0, 0x0, 0x0, 0x0, 0x0, 0x0, 0x0, 0x0,
    0x0, 0x0, 0xbc, 0x0, 0x0, 0x0, 0x0, 0x0,
    0x0, 0x1, 0xfc, 0x0, 0x3f, 0xff, 0xff, 0xfd,
    0x0, 0x2, 0xfc, 0x0, 0xff, 0xff, 0xff, 0xff,
    0x0, 0x3, 0xfc, 0x0, 0xff, 0xff, 0xff, 0xff,
    0x0, 0x3, 0xf8, 0x1, 0xfd, 0x0, 0x0, 0xfe,
    0x0, 0x7, 0xf8, 0x2, 0xff, 0xff, 0xff, 0xfd,
    0x1, 0xff, 0xff, 0xc2, 0xff, 0xff, 0xff, 0xfc,
    0x3, 0xff, 0xff, 0xd3, 0xfe, 0xaa, 0xab, 0xfc,
    0x3, 0xff, 0xff, 0xc3, 0xf8, 0x0, 0x3, 0xfc,
    0x0, 0x6f, 0xf9, 0x3, 0xff, 0xff, 0xff, 0xf8,
    0x0, 0xf, 0xe0, 0x7, 0xff, 0xff, 0xff, 0xf4,
    0x0, 0xf, 0xd0, 0x2, 0xff, 0xff, 0xff, 0xe0,
    0x0, 0x1f, 0xd0, 0x0, 0x0, 0x0, 0x0, 0x0,
    0x0, 0x2f, 0xd0, 0x1a, 0xaa, 0xaa, 0xaa, 0xa4,
    0x0, 0x2f, 0xfe, 0xbf, 0xff, 0xff, 0xff, 0xfd,
    0x2, 0xff, 0xff, 0xbf, 0xff, 0xff, 0xff, 0xfc,
    0xf, 0xff, 0xfd, 0x1a, 0xab, 0xfe, 0xaa, 0x90,
    0x2f, 0xff, 0xd0, 0x1, 0x2, 0xfc, 0x0, 0x0,
    0x1f, 0xff, 0x40, 0x1f, 0x43, 0xfc, 0x0, 0x0,
    0x0, 0xbf, 0x0, 0x3f, 0x83, 0xff, 0xff, 0x0,
    0x0, 0xbf, 0x0, 0x7f, 0x43, 0xff, 0xff, 0x80,
    0x0, 0xff, 0x0, 0xff, 0x7, 0xff, 0xff, 0x0,
    0x0, 0xfe, 0x1, 0xff, 0xb, 0xf4, 0x0, 0x0,
    0x1, 0xfd, 0x3, 0xff, 0x8b, 0xf0, 0x0, 0x0,
    0x1, 0xfc, 0xb, 0xff, 0xdf, 0xf0, 0x0, 0x0,
    0x2, 0xfc, 0x1f, 0xff, 0xff, 0xe0, 0x0, 0x0,
    0x1b, 0xfc, 0x3f, 0xc7, 0xff, 0xe9, 0x55, 0x0,
    0x7f, 0xf8, 0x7f, 0x42, 0xff, 0xff, 0xff, 0xc0,
    0x7f, 0xf0, 0x3d, 0x0, 0x7f, 0xff, 0xff, 0xc0,
    0x2e, 0x40, 0x0, 0x0, 0x6, 0xff, 0xff, 0x40,

    /* U+65B0 "新" */
    0x0, 0x0, 0x0, 0x0, 0x0, 0x0, 0x0, 0x0,
    0x0, 0x0, 0x1, 0xf0, 0x0, 0x0, 0x0, 0xa,
    0x0, 0x0, 0x0, 0xfe, 0x0, 0x0, 0x1, 0xbf,
    0xf0, 0x0, 0x0, 0x3f, 0xc0, 0x0, 0x2f, 0xff,
    0xfc, 0x0, 0x3f, 0xff, 0xff, 0xf4, 0x3f, 0xff,
    0xfc, 0x0, 0x2f, 0xff, 0xff, 0xfe, 0x3f, 0xff,
    0x90, 0x0, 0x7, 0xff, 0xff, 0xff, 0xf, 0xf0,
    0x0, 0x0, 0x0, 0x1e, 0x0, 0x78, 0x3, 0xf8,
    0x0, 0x0, 0x0, 0xf, 0xc0, 0x3f, 0x1, 0xfd,
    0x0, 0x0, 0x0, 0x3, 0xf0, 0x2f, 0xc0, 0xbf,
    0x0, 0x0, 0x0, 0x0, 0xf8, 0xf, 0xd0, 0x3f,
    0xc0, 0x0, 0x0, 0xb, 0xff, 0xff, 0xff, 0x4f,
    0xfa, 0xaa, 0xa4, 0x7, 0xff, 0xff, 0xff, 0xf3,
    0xff, 0xff, 0xff, 0x1, 0xff, 0xff, 0xff, 0xf5,
    0xff, 0xff, 0xff, 0xc0, 0x5, 0x5f, 0xf5, 0x50,
    0x7f, 0xff, 0xff, 0xd0, 0x0, 0x3, 0xf8, 0x0,
    0x2f, 0xc0, 0xff, 0x0, 0x0, 0x55, 0xfe, 0x54,
    0xf, 0xf0, 0x3f, 0xc0, 0x2, 0xff, 0xff, 0xff,
    0xc3, 0xf8, 0x1f, 0xe0, 0x1, 0xff, 0xff, 0xff,
    0xf4, 0xfd, 0x7, 0xf4, 0x0, 0x2f, 0xff, 0xff,
    0xf8, 0x7f, 0x42, 0xfc, 0x0, 0x0, 0x3, 0xfc,
    0x0, 0x2f, 0xc0, 0xff, 0x0, 0x0, 0x70, 0xfe,
    0x2c, 0xf, 0xe0, 0x3f, 0xc0, 0x0, 0xbe, 0x3f,
    0x9f, 0xc7, 0xf4, 0xf, 0xe0, 0x0, 0x7f, 0x1f,
    0xd7, 0xf3, 0xfc, 0x7, 0xf8, 0x0, 0x3f, 0x87,
    0xf0, 0xfd, 0xfe, 0x2, 0xfd, 0x0, 0xf, 0xc2,
    0xfc, 0x1e, 0xbf, 0x0, 0xbf, 0x0, 0x2, 0x80,
    0xff, 0x0, 0x3f, 0xc0, 0x3f, 0xc0, 0x0, 0x0,
    0x3f, 0x80, 0x1f, 0xc0, 0xf, 0xf0, 0x0, 0x0,
    0xff, 0xd0, 0x7, 0xe0, 0x3, 0xf8, 0x0, 0x0,
    0x7f, 0xf0, 0x0, 0x50, 0x1, 0xfd, 0x0, 0x0,
    0xf, 0xe0, 0x0, 0x0, 0x0, 0x2e, 0x0, 0x0,
    0x0, 0x0, 0x0, 0x0, 0x0, 0x0, 0x0, 0x0,

    /* U+65E5 "日" */
    0x0, 0x0, 0x0, 0x0, 0x0, 0x0, 0x0, 0x0,
    0x1f, 0xff, 0xff, 0xff, 0xff, 0xf8, 0x0, 0x7f,
    0xff, 0xff, 0xff, 0xff, 0xfc, 0x0, 0xbf, 0xff,
    0xff, 0xff, 0xff, 0xfc, 0x0, 0xbf, 0xff, 0xff,
    0xff, 0xff, 0xfc, 0x0, 0xff, 0x40, 0x0, 0x0,
    0xb, 0xf8, 0x0, 0xff, 0x0, 0x0, 0x0, 0xf,
    0xf4, 0x0, 0xff, 0x0, 0x0, 0x0, 0xf, 0xf4,
    0x1, 0xff, 0x0, 0x0, 0x0, 0xf, 0xf0, 0x2,
    0xfe, 0x0, 0x0, 0x0, 0x1f, 0xf0, 0x3, 0xfd,
    0x0, 0x0, 0x0, 0x2f, 0xf0, 0x3, 0xff, 0xff,
    0xff, 0xff, 0xff, 0xe0, 0x3, 0xff, 0xff, 0xff,
    0xff, 0xff, 0xd0, 0x7, 0xff, 0xff, 0xff, 0xff,
    0xff, 0xc0, 0x7, 0xff, 0xff, 0xff, 0xff, 0xff,
    0xc0, 0xb, 0xf8, 0x0, 0x0, 0x0, 0xbf, 0xc0,
    0xf, 0xf4, 0x0, 0x0, 0x0, 0xbf, 0x80, 0xf,
    0xf0, 0x0, 0x0, 0x0, 0xff, 0x80, 0xf, 0xf0,
    0x0, 0x0, 0x0, 0xff, 0x40, 0x1f, 0xf0, 0x0,
    0x0, 0x0, 0xff, 0x0, 0x2f, 0xe0, 0x0, 0x0,
    0x1, 0xff, 0x0, 0x2f, 0xd0, 0x0, 0x0, 0x2,
    0xff, 0x0, 0x3f, 0xff, 0xff, 0xff, 0xff, 0xfe,
    0x0, 0x3f, 0xff, 0xff, 0xff, 0xff, 0xfd, 0x0,
    0x3f, 0xff, 0xff, 0xff, 0xff, 0xfd, 0x0, 0x7f,
    0xff, 0xff, 0xff, 0xff, 0xfc, 0x0, 0xbf, 0x80,
    0x0, 0x0, 0xb, 0xfc, 0x0, 0xbf, 0x40, 0x0,
    0x0, 0x7, 0xf8, 0x0, 0x3d, 0x0, 0x0, 0x0,
    0x3, 0xe0, 0x0,

    /* U+65F6 "时" */
    0x0, 0x0, 0x0, 0x0, 0x0, 0x0, 0x2, 0xd0,
    0x0, 0x0, 0x0, 0x0, 0x0, 0x0, 0x3, 0xfc,
    0x0, 0x1, 0x5a, 0xa9, 0x0, 0x0, 0x0, 0xff,
    0x0, 0x3, 0xff, 0xff, 0xe0, 0x0, 0x0, 0x7f,
    0x80, 0x1, 0xff, 0xff, 0xfc, 0x0, 0x0, 0x2f,
    0xe0, 0x0, 0x7f, 0xff, 0xfe, 0x0, 0x0, 0xb,
    0xf8, 0x0, 0x2f, 0xc0, 0x7f, 0x8b, 0xff, 0xff,
    0xff, 0xf0, 0xf, 0xf0, 0x1f, 0xd7, 0xff, 0xff,
    0xff, 0xfc, 0x3, 0xfc, 0xb, 0xf2, 0xff, 0xff,
    0xff, 0xff, 0x0, 0xfe, 0x3, 0xfc, 0x2f, 0xff,
    0xff, 0xfe, 0x0, 0x7f, 0x40, 0xff, 0x0, 0x0,
    0xb, 0xf8, 0x0, 0x2f, 0xea, 0x7f, 0x80, 0x0,
    0x2, 0xfd, 0x0, 0xb, 0xff, 0xff, 0xd0, 0x64,
    0x0, 0xff, 0x0, 0x3, 0xff, 0xff, 0xf4, 0x7f,
    0x40, 0x3f, 0xc0, 0x0, 0xff, 0xff, 0xfc, 0x2f,
    0xf0, 0x1f, 0xf0, 0x0, 0x3f, 0x80, 0xff, 0x7,
    0xfd, 0x7, 0xf8, 0x0, 0x1f, 0xd0, 0x3f, 0x80,
    0xff, 0xc2, 0xfd, 0x0, 0xb, 0xf0, 0xf, 0xe0,
    0x1f, 0xf0, 0xff, 0x40, 0x2, 0xfc, 0x7, 0xf4,
    0x3, 0xfc, 0x3f, 0xc0, 0x0, 0xff, 0x2, 0xfc,
    0x0, 0x7c, 0xf, 0xf0, 0x0, 0x3f, 0xea, 0xff,
    0x0, 0x0, 0x7, 0xfc, 0x0, 0x1f, 0xff, 0xff,
    0xc0, 0x0, 0x1, 0xfe, 0x0, 0x7, 0xff, 0xff,
    0xe0, 0x0, 0x0, 0xbf, 0x40, 0x2, 0xff, 0xff,
    0xe0, 0x0, 0x0, 0x3f, 0xc0, 0x0, 0xff, 0x0,
    0x0, 0x0, 0x0, 0xf, 0xf0, 0x0, 0x3f, 0xc0,
    0x0, 0x0, 0x0, 0x3, 0xfc, 0x0, 0xb, 0xc0,
    0x0, 0x0, 0x2, 0xff, 0xfe, 0x0, 0x0, 0x0,
    0x0, 0x0, 0x2, 0xff, 0xff, 0x40, 0x0, 0x0,
    0x0, 0x0, 0x0, 0xff, 0xff, 0x80, 0x0, 0x0,
    0x0, 0x0, 0x0, 0x1f, 0xfe, 0x0, 0x0, 0x0,
    0x0, 0x0, 0x0, 0x0, 0x0, 0x0, 0x0, 0x0,

    /* U+661F "星" */
    0x0, 0x0, 0x0, 0x0, 0x0, 0x0, 0x0, 0x0,
    0x0, 0x7, 0xff, 0xff, 0xff, 0xff, 0xfd, 0x0,
    0x0, 0xff, 0xff, 0xff, 0xff, 0xff, 0xf0, 0x0,
    0x1f, 0xff, 0xff, 0xff, 0xff, 0xfe, 0x0, 0x1,
    0xfd, 0x0, 0x0, 0x0, 0x2f, 0xe0, 0x0, 0x2f,
    0xff, 0xff, 0xff, 0xff, 0xfd, 0x0, 0x3, 0xff,
    0xff, 0xff, 0xff, 0xff, 0xc0, 0x0, 0x3f, 0xff,
    0xff, 0xff, 0xff, 0xfc, 0x0, 0x3, 0xfc, 0x0,
    0x0, 0x0, 0x7f, 0xc0, 0x0, 0x7f, 0x80, 0x0,
    0x0, 0xb, 0xf8, 0x0, 0xb, 0xff, 0xff, 0xff,
    0xff, 0xff, 0x80, 0x0, 0xbf, 0xff, 0xff, 0xff,
    0xff, 0xf0, 0x0, 0x3, 0xff, 0xff, 0xff, 0xff,
    0xfd, 0x0, 0x0, 0x2f, 0x0, 0x1, 0x0, 0x0,
    0x0, 0x0, 0xb, 0xf4, 0x2, 0xf8, 0x0, 0x0,
    0x0, 0x2, 0xff, 0x95, 0xbf, 0xd5, 0x55, 0x50,
    0x0, 0x7f, 0xff, 0xff, 0xff, 0xff, 0xff, 0x40,
    0x2f, 0xff, 0xff, 0xff, 0xff, 0xff, 0xf4, 0x7,
    0xfe, 0xff, 0xff, 0xff, 0xff, 0xfe, 0x0, 0xbf,
    0x80, 0x0, 0xff, 0x0, 0x0, 0x0, 0x7, 0xe1,
    0x55, 0x5f, 0xf5, 0x55, 0x40, 0x0, 0x0, 0xff,
    0xff, 0xff, 0xff, 0xff, 0x0, 0x0, 0x2f, 0xff,
    0xff, 0xff, 0xff, 0xf0, 0x0, 0x0, 0xbf, 0xff,
    0xff, 0xff, 0xf9, 0x0, 0x0, 0x0, 0x0, 0x3f,
    0xd0, 0x0, 0x0, 0x0, 0x55, 0x55, 0x57, 0xfd,
    0x55, 0x55, 0x50, 0x3f, 0xff, 0xff, 0xff, 0xff,
    0xff, 0xff, 0x87, 0xff, 0xff, 0xff, 0xff, 0xff,
    0xff, 0xfc, 0x7f, 0xff, 0xff, 0xff, 0xff, 0xff,
    0xff, 0x83, 0xff, 0xff, 0xff, 0xff, 0xff, 0xff,
    0xe0,

    /* U+6674 "晴" */
    0x0, 0x0, 0x0, 0x0, 0x0, 0x0, 0x0, 0x0,
    0x0, 0x0, 0x0, 0x0, 0x0, 0x1, 0xf4, 0x0,
    0x0, 0x0, 0x0, 0x0, 0x0, 0x0, 0xfe, 0x0,
    0x0, 0x1, 0xeb, 0xfd, 0x2, 0xff, 0xff, 0xff,
    0xf4, 0x0, 0xff, 0xff, 0xc3, 0xff, 0xff, 0xff,
    0xff, 0x0, 0x7f, 0xff, 0xf0, 0x7f, 0xff, 0xff,
    0xff, 0x40, 0x2f, 0xdb, 0xf8, 0x0, 0x3, 0xfc,
    0x0, 0x0, 0xb, 0xe0, 0xfd, 0x3, 0xff, 0xff,
    0xff, 0xd0, 0x3, 0xf4, 0x3f, 0x43, 0xff, 0xff,
    0xff, 0xf8, 0x0, 0xfc, 0xf, 0xc0, 0x2a, 0xbf,
    0xfa, 0xa4, 0x0, 0x3f, 0x7, 0xf0, 0x0, 0xb,
    0xf4, 0x0, 0x0, 0x1f, 0xc2, 0xf8, 0x7f, 0xff,
    0xff, 0xff, 0xe0, 0xb, 0xfb, 0xfe, 0x3f, 0xff,
    0xff, 0xff, 0xfd, 0x2, 0xff, 0xff, 0x4b, 0xff,
    0xff, 0xff, 0xfd, 0x0, 0xff, 0xff, 0xc0, 0x0,
    0x0, 0x0, 0x0, 0x0, 0x3f, 0xaf, 0xf0, 0xb,
    0xff, 0xff, 0xfd, 0x0, 0x1f, 0xc1, 0xfc, 0xf,
    0xff, 0xff, 0xff, 0xc0, 0x7, 0xf0, 0xbe, 0x7,
    0xff, 0xff, 0xff, 0xf0, 0x2, 0xf8, 0x3f, 0x81,
    0xfc, 0x0, 0x3, 0xfc, 0x0, 0xfd, 0xf, 0xd0,
    0xbf, 0xaa, 0xaa, 0xfe, 0x0, 0x3f, 0x43, 0xf0,
    0x3f, 0xff, 0xff, 0xff, 0x40, 0xf, 0xda, 0xfc,
    0xf, 0xff, 0xff, 0xff, 0xd0, 0x7, 0xff, 0xff,
    0x3, 0xf8, 0x0, 0xb, 0xf0, 0x1, 0xff, 0xff,
    0x41, 0xfe, 0xaa, 0xab, 0xfc, 0x0, 0xbf, 0xff,
    0x80, 0xbf, 0xff, 0xff, 0xfe, 0x0, 0x3f, 0x40,
    0x0, 0x2f, 0xff, 0xff, 0xff, 0x80, 0xf, 0xc0,
    0x0, 0xf, 0xf0, 0x0, 0x1f, 0xd0, 0x0, 0x80,
    0x0, 0x3, 0xf8, 0x0, 0xb, 0xf0, 0x0, 0x0,
    0x0, 0x0, 0xfd, 0x0, 0x3f, 0xfc, 0x0, 0x0,
    0x0, 0x0, 0x7f, 0x0, 0x2f, 0xfd, 0x0, 0x0,
    0x0, 0x0, 0xf, 0x40, 0x3, 0xf9, 0x0, 0x0,

    /* U+667A "智" */
    0x0, 0x0, 0x0, 0x0, 0x0, 0x0, 0x0, 0x0,
    0x0, 0x3d, 0x0, 0x0, 0x0, 0x0, 0x0, 0x0,
    0x3, 0xf8, 0x0, 0x0, 0x0, 0x0, 0x0, 0x0,
    0x2f, 0xff, 0xff, 0x81, 0xff, 0xff, 0xf8, 0x1,
    0xff, 0xff, 0xff, 0xf, 0xff, 0xff, 0xf0, 0xf,
    0xff, 0xff, 0xf4, 0x7f, 0xff, 0xff, 0xc0, 0x7f,
    0x1f, 0xe0, 0x1, 0xfe, 0xaa, 0xff, 0x0, 0xf4,
    0x7f, 0x40, 0xb, 0xf0, 0x7, 0xf8, 0xb, 0xff,
    0xff, 0xfd, 0x3f, 0xc0, 0x1f, 0xe0, 0xff, 0xff,
    0xff, 0xfc, 0xfe, 0x0, 0xbf, 0x42, 0xff, 0xff,
    0xff, 0xd3, 0xf8, 0x3, 0xfc, 0x0, 0x7, 0xff,
    0x40, 0x1f, 0xd0, 0xf, 0xf0, 0x0, 0x3f, 0xff,
    0x80, 0xbf, 0xff, 0xff, 0xc0, 0x7, 0xff, 0xff,
    0xc2, 0xff, 0xff, 0xfe, 0x0, 0xbf, 0xe2, 0xff,
    0xb, 0xff, 0xff, 0xf0, 0xb, 0xfd, 0x1, 0xf8,
    0x6, 0xaa, 0xa9, 0x0, 0x3f, 0xc0, 0x0, 0x0,
    0x0, 0x0, 0x0, 0x0, 0x64, 0xff, 0xff, 0xff,
    0xff, 0xfd, 0x0, 0x0, 0xf, 0xff, 0xff, 0xff,
    0xff, 0xfc, 0x0, 0x0, 0x7f, 0xff, 0xff, 0xff,
    0xff, 0xf0, 0x0, 0x1, 0xfe, 0x0, 0x0, 0x0,
    0xbf, 0x80, 0x0, 0xb, 0xf4, 0x0, 0x0, 0x2,
    0xfd, 0x0, 0x0, 0x3f, 0xff, 0xff, 0xff, 0xff,
    0xf4, 0x0, 0x0, 0xff, 0xff, 0xff, 0xff, 0xff,
    0xc0, 0x0, 0x3, 0xff, 0xff, 0xff, 0xff, 0xff,
    0x0, 0x0, 0x1f, 0xe0, 0x0, 0x0, 0x7, 0xfc,
    0x0, 0x0, 0xbf, 0x80, 0x0, 0x0, 0x2f, 0xe0,
    0x0, 0x2, 0xff, 0xff, 0xff, 0xff, 0xff, 0x40,
    0x0, 0xf, 0xff, 0xff, 0xff, 0xff, 0xfd, 0x0,
    0x0, 0x3f, 0xff, 0xff, 0xff, 0xff, 0xf0, 0x0,
    0x0, 0x7c, 0x0, 0x0, 0x0, 0x1f, 0x0, 0x0,
    0x0,

    /* U+66B4 "暴" */
    0x0, 0x0, 0x0, 0x0, 0x0, 0x0, 0x0, 0x0,
    0x0, 0xf, 0xff, 0xff, 0xff, 0xff, 0xf4, 0x0,
    0x3, 0xff, 0xff, 0xff, 0xff, 0xff, 0xc0, 0x0,
    0x3f, 0xea, 0xaa, 0xaa, 0xab, 0xfc, 0x0, 0x7,
    0xf9, 0x55, 0x55, 0x55, 0xbf, 0x80, 0x0, 0xbf,
    0xff, 0xff, 0xff, 0xff, 0xf4, 0x0, 0xf, 0xff,
    0xff, 0xff, 0xff, 0xff, 0x40, 0x0, 0xff, 0x0,
    0x0, 0x0, 0xf, 0xf0, 0x0, 0xf, 0xff, 0xff,
    0xff, 0xff, 0xff, 0x0, 0x0, 0xff, 0xff, 0xff,
    0xff, 0xff, 0xe0, 0x0, 0x6, 0xaf, 0xea, 0xaa,
    0xfe, 0xa4, 0x0, 0x0, 0x1, 0xfd, 0x0, 0x2f,
    0xc0, 0x0, 0x0, 0xbf, 0xff, 0xff, 0xff, 0xff,
    0xff, 0x40, 0x2f, 0xff, 0xff, 0xff, 0xff, 0xff,
    0xf8, 0x0, 0xff, 0xff, 0xff, 0xff, 0xff, 0xfe,
    0x0, 0x0, 0x3, 0xf8, 0x0, 0x7f, 0x40, 0x0,
    0xb, 0xff, 0xff, 0xff, 0xff, 0xff, 0xff, 0x83,
    0xff, 0xff, 0xff, 0xff, 0xff, 0xff, 0xfd, 0x2f,
    0xff, 0xff, 0xff, 0xff, 0xff, 0xff, 0xc0, 0x56,
    0xff, 0x95, 0x55, 0x6f, 0xfd, 0x50, 0x1, 0xff,
    0xe0, 0x1f, 0x0, 0xbf, 0xf8, 0x2, 0xff, 0xfa,
    0x3, 0xf4, 0x2e, 0xff, 0xf0, 0x3f, 0xf5, 0xf8,
    0xbf, 0xb, 0xe2, 0xff, 0x43, 0xf4, 0x2f, 0x4b,
    0xf0, 0x7d, 0x2, 0xe0, 0x0, 0x0, 0xa4, 0xff,
    0x6a, 0x0, 0x0, 0x0, 0x6, 0xff, 0xdf, 0xef,
    0xfe, 0x0, 0x0, 0x3, 0xff, 0xf8, 0xfe, 0xbf,
    0xfe, 0x0, 0x0, 0xbf, 0xfa, 0xff, 0xd0, 0xbf,
    0xf0, 0x0, 0x7, 0xd0, 0x3f, 0xfc, 0x0, 0x7e,
    0x0, 0x0, 0x0, 0x2, 0xfe, 0x0, 0x0, 0x0,
    0x0, 0x0, 0x0, 0x0, 0x0, 0x0, 0x0, 0x0,
    0x0,

    /* U+66F4 "更" */
    0x0, 0x6, 0xaa, 0xaa, 0xaa, 0xaa, 0xaa, 0xaa,
    0x0, 0x3, 0xff, 0xff, 0xff, 0xff, 0xff, 0xff,
    0xfc, 0x0, 0x3f, 0xff, 0xff, 0xff, 0xff, 0xff,
    0xff, 0xc0, 0x2, 0xff, 0xff, 0xff, 0xff, 0xff,
    0xff, 0xf0, 0x0, 0x0, 0x0, 0x0, 0x7f, 0xc0,
    0x0, 0x0, 0x0, 0x0, 0x1, 0x55, 0x5b, 0xfd,
    0x55, 0x54, 0x0, 0x0, 0x2, 0xff, 0xff, 0xff,
    0xff, 0xff, 0xe0, 0x0, 0x0, 0x7f, 0xff, 0xff,
    0xff, 0xff, 0xff, 0x0, 0x0, 0xb, 0xff, 0xff,
    0xff, 0xff, 0xff, 0xf0, 0x0, 0x0, 0xff, 0x0,
    0x1f, 0xf0, 0x1, 0xfe, 0x0, 0x0, 0xf, 0xf0,
    0x1, 0xff, 0x0, 0x1f, 0xe0, 0x0, 0x0, 0xff,
    0xff, 0xff, 0xff, 0xff, 0xfd, 0x0, 0x0, 0x1f,
    0xff, 0xff, 0xff, 0xff, 0xff, 0xc0, 0x0, 0x1,
    0xff, 0xff, 0xff, 0xff, 0xff, 0xfc, 0x0, 0x0,
    0x2f, 0xc0, 0x3, 0xfc, 0x0, 0x3f, 0xc0, 0x0,
    0x3, 0xfd, 0x55, 0x7f, 0xd5, 0x5b, 0xf8, 0x0,
    0x0, 0x3f, 0xff, 0xff, 0xff, 0xff, 0xff, 0x40,
    0x0, 0x3, 0xff, 0xff, 0xff, 0xff, 0xff, 0xf0,
    0x0, 0x0, 0x1f, 0xff, 0xff, 0xff, 0xff, 0xfd,
    0x0, 0x0, 0x0, 0x14, 0x2, 0xfe, 0x0, 0x0,
    0x0, 0x0, 0x0, 0xf, 0xe0, 0x7f, 0xc0, 0x0,
    0x0, 0x0, 0x0, 0x0, 0xff, 0x9f, 0xf4, 0x0,
    0x0, 0x0, 0x0, 0x0, 0xf, 0xff, 0xfe, 0x0,
    0x0, 0x0, 0x0, 0x0, 0x0, 0x3f, 0xff, 0xc0,
    0x0, 0x0, 0x0, 0x0, 0x0, 0x6f, 0xff, 0xff,
    0xa4, 0x0, 0x0, 0x0, 0x0, 0xbf, 0xff, 0xff,
    0xff, 0xff, 0xff, 0xf4, 0x0, 0x2f, 0xff, 0xf6,
    0xff, 0xff, 0xff, 0xff, 0xc0, 0x3, 0xff, 0xe0,
    0x1, 0xbf, 0xff, 0xff, 0xf8, 0x0, 0xf, 0x90,
    0x0, 0x0, 0x16, 0xbf, 0xfe, 0x0, 0x0, 0x0,
    0x0, 0x0, 0x0, 0x0, 0x0, 0x0, 0x0,

    /* U+671F "期" */
    0x0, 0x0, 0xa0, 0x2, 0xd0, 0x0, 0x0, 0x0,
    0x0, 0x0, 0xfd, 0x2, 0xfc, 0x2, 0xaf, 0xff,
    0xd0, 0x0, 0x7f, 0x40, 0xff, 0x3, 0xff, 0xff,
    0xfc, 0x0, 0x6f, 0xea, 0xbf, 0xd0, 0xff, 0xff,
    0xff, 0x0, 0xff, 0xff, 0xff, 0xfd, 0x7f, 0xff,
    0xff, 0x80, 0x3f, 0xff, 0xff, 0xff, 0x6f, 0xc0,
    0x1f, 0xd0, 0xb, 0xff, 0xff, 0xff, 0x8b, 0xf0,
    0xb, 0xf4, 0x0, 0x3f, 0x40, 0xff, 0x3, 0xfc,
    0x2, 0xfc, 0x0, 0x1f, 0xd0, 0x3f, 0xc0, 0xff,
    0xaa, 0xff, 0x0, 0x7, 0xff, 0xff, 0xe0, 0x3f,
    0xff, 0xff, 0xc0, 0x2, 0xff, 0xff, 0xf4, 0x1f,
    0xff, 0xff, 0xe0, 0x0, 0xff, 0xff, 0xfc, 0xb,
    0xff, 0xff, 0xf4, 0x0, 0x3f, 0x80, 0xbf, 0x3,
    0xfc, 0x2, 0xfc, 0x0, 0xf, 0xd0, 0x3f, 0xc0,
    0xff, 0x0, 0xff, 0x0, 0x7, 0xff, 0xff, 0xe0,
    0x3f, 0x80, 0x3f, 0xc0, 0x2, 0xff, 0xff, 0xf8,
    0x1f, 0xd0, 0xf, 0xe0, 0x0, 0xbf, 0xff, 0xfd,
    0xb, 0xff, 0xff, 0xf8, 0x0, 0x3f, 0x80, 0xbf,
    0x2, 0xff, 0xff, 0xfd, 0x0, 0xf, 0xe0, 0x2f,
    0xc0, 0xff, 0xff, 0xff, 0x0, 0xbf, 0xff, 0xff,
    0xfd, 0x7f, 0x95, 0x7f, 0xc0, 0x7f, 0xff, 0xff,
    0xff, 0xaf, 0xc0, 0xf, 0xf0, 0xf, 0xff, 0xff,
    0xff, 0xcf, 0xf0, 0x3, 0xf8, 0x0, 0x55, 0x55,
    0x55, 0x7, 0xf8, 0x1, 0xfd, 0x0, 0x7, 0xe0,
    0x3f, 0x2, 0xfc, 0x0, 0xbf, 0x40, 0x7, 0xf8,
    0xf, 0xe0, 0xfe, 0x0, 0x2f, 0xc0, 0x7, 0xfd,
    0x3, 0xfc, 0xbf, 0x40, 0xf, 0xf0, 0x3, 0xfe,
    0x0, 0xbf, 0x7f, 0xc0, 0x6f, 0xf8, 0x1, 0xfe,
    0x0, 0xf, 0x8f, 0xd0, 0x7f, 0xfd, 0x0, 0x7e,
    0x0, 0x0, 0x2, 0xd0, 0x2f, 0xff, 0x0, 0x0,
    0x0, 0x0, 0x0, 0x0, 0x3, 0xf9, 0x0, 0x0,
    0x0, 0x0, 0x0, 0x0, 0x0, 0x0, 0x0, 0x0,

    /* U+67E5 "查" */
    0x0, 0x0, 0x0, 0x0, 0x0, 0x0, 0x0, 0x0,
    0x0, 0x0, 0x0, 0x0, 0x3, 0xd0, 0x0, 0x0,
    0x0, 0x0, 0x0, 0x0, 0x3, 0xfc, 0x0, 0x0,
    0x0, 0x0, 0x0, 0x0, 0x0, 0xff, 0x0, 0x0,
    0x0, 0x0, 0xa, 0xaa, 0xaa, 0xbf, 0xea, 0xaa,
    0xa9, 0x0, 0x1f, 0xff, 0xff, 0xff, 0xff, 0xff,
    0xff, 0xf0, 0xf, 0xff, 0xff, 0xff, 0xff, 0xff,
    0xff, 0xfc, 0x1, 0xff, 0xff, 0xff, 0xff, 0xff,
    0xff, 0xf8, 0x0, 0x0, 0x2, 0xff, 0xff, 0xff,
    0x80, 0x0, 0x0, 0x0, 0x3, 0xff, 0x7f, 0xef,
    0xf8, 0x0, 0x0, 0x0, 0xb, 0xff, 0x1f, 0xe3,
    0xff, 0xd0, 0x0, 0x0, 0x2f, 0xff, 0xb, 0xf4,
    0x3f, 0xfe, 0x0, 0x0, 0xbf, 0xfe, 0x1, 0xfc,
    0x3, 0xff, 0xf4, 0x0, 0xbf, 0xfc, 0x0, 0x18,
    0x0, 0x2f, 0xff, 0x0, 0x3f, 0xfa, 0xaa, 0xaa,
    0xaa, 0xa9, 0xff, 0x80, 0x7, 0xd7, 0xff, 0xff,
    0xff, 0xff, 0xc7, 0x80, 0x0, 0x3, 0xff, 0xff,
    0xff, 0xff, 0xf0, 0x0, 0x0, 0x0, 0xff, 0x0,
    0x0, 0x7, 0xf8, 0x0, 0x0, 0x0, 0x3f, 0xea,
    0xaa, 0xab, 0xfe, 0x0, 0x0, 0x0, 0x1f, 0xff,
    0xff, 0xff, 0xff, 0x40, 0x0, 0x0, 0xb, 0xff,
    0xff, 0xff, 0xff, 0xc0, 0x0, 0x0, 0x2, 0xfd,
    0x0, 0x0, 0xf, 0xf0, 0x0, 0x0, 0x0, 0xff,
    0xaa, 0xaa, 0xab, 0xfc, 0x0, 0x0, 0x0, 0x3f,
    0xff, 0xff, 0xff, 0xfe, 0x0, 0x0, 0x0, 0x7,
    0xff, 0xff, 0xff, 0xfe, 0x0, 0x0, 0x0, 0x0,
    0x0, 0x0, 0x0, 0x0, 0x0, 0x0, 0x0, 0x6a,
    0xaa, 0xaa, 0xaa, 0xaa, 0xaa, 0x90, 0x0, 0xff,
    0xff, 0xff, 0xff, 0xff, 0xff, 0xfe, 0x0, 0x7f,
    0xff, 0xff, 0xff, 0xff, 0xff, 0xff, 0x80, 0xf,
    0xff, 0xff, 0xff, 0xff, 0xff, 0xff, 0x80, 0x0,

    /* U+6821 "校" */
    0x0, 0x0, 0x0, 0x0, 0x0, 0x0, 0x0, 0x0,
    0x0, 0x0, 0x3, 0xf0, 0x0, 0x0, 0x3e, 0x0,
    0x0, 0x0, 0x0, 0x7f, 0x0, 0x0, 0xf, 0xf4,
    0x0, 0x0, 0x0, 0xb, 0xf0, 0x0, 0x0, 0xff,
    0x40, 0x0, 0x0, 0x0, 0xff, 0x0, 0x0, 0x7,
    0xf0, 0x0, 0x0, 0x0, 0xf, 0xe0, 0x7, 0xff,
    0xff, 0xff, 0xf4, 0x0, 0x0, 0xfd, 0x1, 0xff,
    0xff, 0xff, 0xff, 0xc0, 0x7, 0xff, 0xfe, 0x2f,
    0xff, 0xff, 0xff, 0xfc, 0x1, 0xff, 0xff, 0xf0,
    0xff, 0xff, 0xff, 0xfe, 0x0, 0x1f, 0xff, 0xff,
    0x0, 0x60, 0x0, 0xb4, 0x0, 0x0, 0xaf, 0xff,
    0x80, 0x2f, 0xc0, 0x2f, 0xc0, 0x0, 0x0, 0xbf,
    0x80, 0xb, 0xf8, 0x2, 0xff, 0x0, 0x0, 0xf,
    0xf8, 0x2, 0xff, 0x0, 0xf, 0xf8, 0x0, 0x2,
    0xff, 0xd0, 0xbf, 0xc0, 0x0, 0xbf, 0xd0, 0x0,
    0x3f, 0xff, 0x1f, 0xf0, 0x0, 0x3, 0xfd, 0x0,
    0xb, 0xff, 0xf2, 0xfd, 0x0, 0x7, 0xdf, 0xc0,
    0x0, 0xff, 0xff, 0x9a, 0x7d, 0x1, 0xfd, 0x0,
    0x0, 0x2f, 0xff, 0xfc, 0xf, 0xf0, 0x3f, 0xd0,
    0x0, 0x3, 0xff, 0xdf, 0xc0, 0xff, 0xb, 0xfc,
    0x0, 0x0, 0xff, 0xfc, 0x20, 0xb, 0xf9, 0xff,
    0x0, 0x0, 0x1f, 0xef, 0xc0, 0x0, 0x3f, 0xff,
    0xd0, 0x0, 0x3, 0xf7, 0xfc, 0x0, 0x3, 0xff,
    0xf8, 0x0, 0x0, 0x7e, 0x3f, 0x80, 0x0, 0x1f,
    0xff, 0x0, 0x0, 0x3, 0xc3, 0xf4, 0x0, 0x1,
    0xff, 0xd0, 0x0, 0x0, 0x0, 0x7f, 0x40, 0x0,
    0xbf, 0xff, 0x0, 0x0, 0x0, 0xb, 0xf0, 0x0,
    0x7f, 0xff, 0xfd, 0x0, 0x0, 0x0, 0xbf, 0x0,
    0x7f, 0xfe, 0xff, 0xfc, 0x0, 0x0, 0xf, 0xe0,
    0x1f, 0xff, 0x47, 0xff, 0xf4, 0x0, 0x0, 0xfe,
    0x3, 0xff, 0x80, 0xf, 0xff, 0x80, 0x0, 0xf,
    0xd0, 0x3f, 0x80, 0x0, 0x2f, 0xf4, 0x0, 0x0,
    0xb4, 0x0, 0x40, 0x0, 0x0, 0x7e, 0x0, 0x0,

    /* U+68C0 "检" */
    0x0, 0x0, 0x0, 0x0, 0x0, 0x0, 0x0, 0x0,
    0x0, 0x1, 0xf4, 0x0, 0x0, 0x2f, 0x0, 0x0,
    0x0, 0x3, 0xf8, 0x0, 0x0, 0xbf, 0x0, 0x0,
    0x0, 0x3, 0xf4, 0x0, 0x2, 0xff, 0xc0, 0x0,
    0x0, 0x7, 0xf4, 0x0, 0xb, 0xff, 0xf0, 0x0,
    0x0, 0x7, 0xf0, 0x0, 0x2f, 0xff, 0xf8, 0x0,
    0x0, 0x5f, 0xf4, 0x0, 0xbf, 0xcb, 0xfe, 0x0,
    0x7, 0xff, 0xff, 0x3, 0xff, 0x3, 0xff, 0xc0,
    0xb, 0xff, 0xff, 0x1f, 0xfc, 0x0, 0xff, 0xf4,
    0x7, 0xff, 0xfd, 0xbf, 0xf0, 0x0, 0x3f, 0xfc,
    0x0, 0x2f, 0xd2, 0xff, 0xd5, 0x55, 0x5f, 0xfd,
    0x0, 0x3f, 0xc3, 0xfe, 0xff, 0xff, 0xfb, 0xfc,
    0x0, 0xbf, 0xf3, 0xf2, 0xff, 0xff, 0xf8, 0x60,
    0x0, 0xff, 0xf4, 0x0, 0xff, 0xff, 0xe0, 0x0,
    0x2, 0xff, 0xfc, 0x0, 0x0, 0x0, 0x0, 0x0,
    0x3, 0xff, 0xfd, 0x0, 0x0, 0x40, 0x0, 0x0,
    0xb, 0xff, 0xfd, 0x14, 0x3, 0xe0, 0xf, 0x40,
    0xf, 0xff, 0x38, 0x7d, 0x7, 0xf0, 0x3f, 0x80,
    0x3f, 0xff, 0x0, 0xbe, 0x7, 0xf0, 0x7f, 0x0,
    0xbf, 0xfe, 0x0, 0xbe, 0x7, 0xf0, 0xfe, 0x0,
    0xfd, 0xfe, 0x0, 0xbf, 0x7, 0xf1, 0xfc, 0x0,
    0xb9, 0xfd, 0x0, 0xbf, 0x7, 0xf3, 0xf4, 0x0,
    0x11, 0xfc, 0x0, 0x7f, 0x3, 0xdb, 0xf0, 0x0,
    0x2, 0xfc, 0x0, 0x3d, 0x0, 0x1f, 0xc0, 0x0,
    0x3, 0xfc, 0x0, 0x0, 0x0, 0x3f, 0x40, 0x0,
    0x3, 0xf8, 0x0, 0x0, 0x0, 0x7f, 0x0, 0x0,
    0x3, 0xf4, 0x1f, 0xff, 0xff, 0xff, 0xfd, 0x0,
    0x7, 0xf4, 0x3f, 0xff, 0xff, 0xff, 0xff, 0x0,
    0xb, 0xf0, 0x3f, 0xff, 0xff, 0xff, 0xfd, 0x0,
    0xb, 0xf0, 0xa, 0xaa, 0xaa, 0xaa, 0xa0, 0x0,
    0x3, 0xc0, 0x0, 0x0, 0x0, 0x0, 0x0, 0x0,

    /* U+6B63 "正" */
    0x0, 0x2, 0xff, 0xff, 0xff, 0xff, 0xff, 0xff,
    0xc0, 0x0, 0xbf, 0xff, 0xff, 0xff, 0xff, 0xff,
    0xfe, 0x0, 0xf, 0xff, 0xff, 0xff, 0xff, 0xff,
    0xff, 0xd0, 0x0, 0x7f, 0xff, 0xff, 0xff, 0xff,
    0xff, 0xf4, 0x0, 0x0, 0x0, 0x0, 0xf, 0xf4,
    0x0, 0x0, 0x0, 0x0, 0x0, 0x0, 0x0, 0xff,
    0x0, 0x0, 0x0, 0x0, 0x0, 0x0, 0x0, 0xf,
    0xf0, 0x0, 0x0, 0x0, 0x0, 0x0, 0x0, 0x1,
    0xff, 0x0, 0x0, 0x0, 0x0, 0x0, 0x0, 0x0,
    0x2f, 0xe0, 0x0, 0x0, 0x0, 0x0, 0xb, 0xd0,
    0x2, 0xfe, 0x0, 0x0, 0x0, 0x0, 0x1, 0xfe,
    0x0, 0x3f, 0xe0, 0x0, 0x0, 0x0, 0x0, 0x2f,
    0xe0, 0x3, 0xff, 0xff, 0xfe, 0x0, 0x0, 0x3,
    0xfd, 0x0, 0x7f, 0xff, 0xff, 0xf0, 0x0, 0x0,
    0x3f, 0xc0, 0x7, 0xff, 0xff, 0xfe, 0x0, 0x0,
    0x3, 0xfc, 0x0, 0xbf, 0xff, 0xfe, 0x80, 0x0,
    0x0, 0x7f, 0xc0, 0xf, 0xf4, 0x0, 0x0, 0x0,
    0x0, 0xb, 0xf8, 0x0, 0xff, 0x40, 0x0, 0x0,
    0x0, 0x0, 0xbf, 0x40, 0xf, 0xf0, 0x0, 0x0,
    0x0, 0x0, 0xf, 0xf4, 0x1, 0xff, 0x0, 0x0,
    0x0, 0x0, 0x0, 0xff, 0x0, 0x1f, 0xf0, 0x0,
    0x0, 0x0, 0x0, 0xf, 0xf0, 0x2, 0xfe, 0x0,
    0x0, 0x0, 0x0, 0x1, 0xff, 0x0, 0x3f, 0xd0,
    0x0, 0x0, 0x0, 0x0, 0x2f, 0xe0, 0x3, 0xfd,
    0x0, 0x0, 0x0, 0x0, 0xff, 0xff, 0xff, 0xff,
    0xff, 0xff, 0xff, 0x0, 0x3f, 0xff, 0xff, 0xff,
    0xff, 0xff, 0xff, 0xf4, 0x3, 0xff, 0xff, 0xff,
    0xff, 0xff, 0xff, 0xff, 0x0, 0x1f, 0xff, 0xff,
    0xff, 0xff, 0xff, 0xff, 0xd0, 0x0,

    /* U+6C14 "气" */
    0x0, 0x0, 0x2d, 0x0, 0x0, 0x0, 0x0, 0x0,
    0x0, 0x3, 0xfc, 0x0, 0x0, 0x0, 0x0, 0x0,
    0x0, 0x2f, 0xf0, 0x0, 0x0, 0x0, 0x0, 0x0,
    0x0, 0xff, 0xff, 0xff, 0xff, 0xff, 0xfc, 0x0,
    0xf, 0xff, 0xff, 0xff, 0xff, 0xff, 0xf4, 0x0,
    0xbf, 0xff, 0xff, 0xff, 0xff, 0xff, 0x80, 0x7,
    0xfd, 0x0, 0x0, 0x0, 0x0, 0x0, 0x0, 0x7f,
    0xd1, 0x55, 0x55, 0x55, 0x50, 0x0, 0x7, 0xfe,
    0x7f, 0xff, 0xff, 0xff, 0xf8, 0x0, 0x7f, 0xf3,
    0xff, 0xff, 0xff, 0xff, 0xf0, 0x3, 0xff, 0x7,
    0xff, 0xff, 0xff, 0xfe, 0x0, 0xf, 0xf0, 0x0,
    0x0, 0x0, 0x0, 0x0, 0x0, 0xa, 0x1a, 0xaa,
    0xaa, 0xaa, 0x54, 0x0, 0x0, 0x3, 0xff, 0xff,
    0xff, 0xff, 0xfc, 0x0, 0x0, 0x1f, 0xff, 0xff,
    0xff, 0xff, 0xf0, 0x0, 0x0, 0x2f, 0xff, 0xff,
    0xff, 0xff, 0xc0, 0x0, 0x0, 0x0, 0x0, 0x0,
    0x1, 0xfe, 0x0, 0x0, 0x0, 0x0, 0x0, 0x0,
    0x7, 0xf8, 0x0, 0x0, 0x0, 0x0, 0x0, 0x0,
    0x2f, 0xd0, 0x0, 0x0, 0x0, 0x0, 0x0, 0x0,
    0xbf, 0x40, 0x0, 0x0, 0x0, 0x0, 0x0, 0x2,
    0xfd, 0x0, 0x0, 0x0, 0x0, 0x0, 0x0, 0xf,
    0xf0, 0x0, 0x0, 0x0, 0x0, 0x0, 0x0, 0x3f,
    0xc0, 0x0, 0x0, 0x0, 0x0, 0x0, 0x0, 0xff,
    0x40, 0x40, 0x0, 0x0, 0x0, 0x0, 0x2, 0xfd,
    0xf, 0x0, 0x0, 0x0, 0x0, 0x0, 0xb, 0xfc,
    0xfc, 0x0, 0x0, 0x0, 0x0, 0x0, 0x1f, 0xff,
    0xe0, 0x0, 0x0, 0x0, 0x0, 0x0, 0x3f, 0xff,
    0x40, 0x0, 0x0, 0x0, 0x0, 0x0, 0x7f, 0xf8,
    0x0, 0x0, 0x0, 0x0, 0x0, 0x0, 0x7f, 0x80,
    0x0,

    /* U+6C99 "沙" */
    0x0, 0x1, 0x0, 0x0, 0x0, 0x2d, 0x0, 0x0,
    0x0, 0xf, 0xf0, 0x0, 0x0, 0xbf, 0x0, 0x0,
    0x0, 0x1f, 0xfd, 0x0, 0x0, 0xff, 0x0, 0x0,
    0x0, 0xf, 0xff, 0x0, 0x1, 0xff, 0x0, 0x0,
    0x0, 0x3, 0xfe, 0x0, 0x1, 0xfe, 0x1, 0x0,
    0x0, 0x0, 0x64, 0x7, 0x82, 0xfe, 0xb, 0xc0,
    0x0, 0x0, 0x0, 0x1f, 0xd3, 0xfd, 0xf, 0xe0,
    0x0, 0x0, 0x0, 0x3f, 0xd3, 0xfc, 0x1f, 0xf0,
    0x0, 0x0, 0x0, 0x7f, 0xc3, 0xfc, 0xf, 0xf4,
    0x1, 0x80, 0x0, 0xbf, 0x47, 0xfc, 0xb, 0xf8,
    0xb, 0xf8, 0x0, 0xff, 0xb, 0xf8, 0x7, 0xfc,
    0xf, 0xff, 0x2, 0xfd, 0xb, 0xf8, 0x3, 0xfc,
    0x7, 0xff, 0x43, 0xfc, 0xf, 0xf4, 0x3, 0xfc,
    0x1, 0xff, 0xf, 0xf4, 0xf, 0xf0, 0x0, 0xa0,
    0x0, 0x14, 0x1f, 0xf0, 0xf, 0xf0, 0x0, 0x0,
    0x0, 0x0, 0x2f, 0xd0, 0x1f, 0xf0, 0x3f, 0x0,
    0x0, 0x0, 0x1f, 0x80, 0x2f, 0xe0, 0xbf, 0x40,
    0x0, 0x0, 0x5, 0x0, 0x3f, 0xd1, 0xff, 0x0,
    0x0, 0xf, 0x80, 0x0, 0x3f, 0xc3, 0xfd, 0x0,
    0x0, 0x3f, 0xc0, 0x0, 0x2f, 0x8f, 0xf8, 0x0,
    0x0, 0xbf, 0xc0, 0x0, 0x5, 0x7f, 0xf0, 0x0,
    0x1, 0xff, 0x0, 0x0, 0x1, 0xff, 0xc0, 0x0,
    0x3, 0xfe, 0x0, 0x0, 0xb, 0xff, 0x0, 0x0,
    0xf, 0xfc, 0x0, 0x0, 0xbf, 0xfc, 0x0, 0x0,
    0x2f, 0xf0, 0x0, 0x1b, 0xff, 0xe0, 0x0, 0x0,
    0x7f, 0xd0, 0x6, 0xff, 0xff, 0x40, 0x0, 0x0,
    0xbf, 0x80, 0xbf, 0xff, 0xf8, 0x0, 0x0, 0x0,
    0x7f, 0x1, 0xff, 0xff, 0x80, 0x0, 0x0, 0x0,
    0x14, 0x1, 0xff, 0xe4, 0x0, 0x0, 0x0, 0x0,
    0x0, 0x0, 0xb9, 0x0, 0x0, 0x0, 0x0, 0x0,

    /* U+6D4B "测" */
    0x0, 0x1, 0x40, 0x0, 0x0, 0x0, 0x0, 0x3,
    0x80, 0x0, 0xbf, 0x40, 0xbf, 0xff, 0x90, 0x0,
    0xfc, 0x0, 0xf, 0xfd, 0x3f, 0xff, 0xff, 0x5,
    0xf, 0xc0, 0x0, 0xbf, 0xeb, 0xff, 0xff, 0xf1,
    0xf0, 0xfc, 0x0, 0x2, 0xfd, 0xbd, 0x0, 0x7f,
    0x3f, 0x1f, 0x80, 0x0, 0x5, 0xf, 0xc0, 0x7,
    0xe3, 0xf2, 0xf8, 0x0, 0x0, 0x0, 0xfc, 0x78,
    0xbd, 0x3f, 0x3f, 0x40, 0x0, 0x0, 0xf, 0xcf,
    0xcf, 0xd7, 0xe3, 0xf0, 0x0, 0x0, 0x1, 0xf8,
    0xf8, 0xfc, 0xbe, 0x3f, 0x0, 0xb, 0x80, 0x2f,
    0x5f, 0x4f, 0xcb, 0xd7, 0xf0, 0x2, 0xff, 0x42,
    0xf2, 0xf5, 0xf8, 0xfc, 0x7e, 0x0, 0x2f, 0xfc,
    0x3f, 0x2f, 0x2f, 0x8f, 0xcb, 0xe0, 0x0, 0xff,
    0xc3, 0xf3, 0xf2, 0xf4, 0xfc, 0xfd, 0x0, 0x2,
    0xf0, 0x7e, 0x3f, 0x3f, 0x1f, 0x8f, 0xc0, 0x0,
    0x0, 0x7, 0xe7, 0xe3, 0xf2, 0xf4, 0xfc, 0x0,
    0x0, 0x0, 0xbd, 0x7d, 0x7f, 0x3f, 0x5f, 0xc0,
    0x0, 0x0, 0xf, 0xcb, 0xc7, 0xe3, 0xf2, 0xf8,
    0x0, 0x0, 0x0, 0xfc, 0xfc, 0xbe, 0x3f, 0x2f,
    0x40, 0x0, 0x5, 0xf, 0xcf, 0xcf, 0xd7, 0xe3,
    0xf4, 0x0, 0x3, 0xf1, 0xf8, 0xf8, 0xfc, 0x7e,
    0x3f, 0x0, 0x0, 0xbf, 0x1f, 0x5f, 0x4f, 0xcb,
    0xd3, 0xf0, 0x0, 0x1f, 0xf1, 0xf2, 0xf0, 0xf4,
    0x7c, 0x7f, 0x0, 0x3, 0xfc, 0x4, 0x3e, 0x0,
    0x0, 0xb, 0xe0, 0x0, 0x7f, 0x80, 0xf, 0xd4,
    0x0, 0x0, 0xbd, 0x0, 0xf, 0xf0, 0x2, 0xf9,
    0xf0, 0x0, 0xf, 0xc0, 0x2, 0xfe, 0x0, 0xff,
    0x2f, 0xc0, 0x0, 0xfc, 0x0, 0x3f, 0xc0, 0x3f,
    0xc0, 0xfd, 0x0, 0x1f, 0xc0, 0x7, 0xf4, 0xf,
    0xf0, 0xb, 0xe0, 0x7f, 0xf8, 0x0, 0x2e, 0x0,
    0xf8, 0x0, 0x2d, 0xf, 0xff, 0x0, 0x0, 0x0,
    0x0, 0x0, 0x0, 0x0, 0xbf, 0x80, 0x0, 0x0,
    0x0, 0x0, 0x0, 0x0, 0x0, 0x0, 0x0, 0x0,

    /* U+6E29 "温" */
    0x0, 0x0, 0x50, 0x0, 0x0, 0x0, 0x0, 0x0,
    0x0, 0x3, 0xfc, 0x0, 0xbf, 0xff, 0xff, 0xf4,
    0x0, 0x3, 0xff, 0x83, 0xff, 0xff, 0xff, 0xfc,
    0x0, 0x3, 0xff, 0xc3, 0xff, 0xff, 0xff, 0xfc,
    0x0, 0x0, 0xbf, 0x83, 0xf9, 0x55, 0x57, 0xfc,
    0x0, 0x0, 0x1a, 0x7, 0xf4, 0x0, 0x7, 0xf8,
    0x0, 0x0, 0x0, 0xb, 0xff, 0xff, 0xff, 0xf8,
    0x0, 0x0, 0x0, 0xf, 0xff, 0xff, 0xff, 0xf4,
    0x0, 0x0, 0x0, 0xf, 0xff, 0xff, 0xff, 0xf0,
    0x0, 0xa4, 0x0, 0xf, 0xe0, 0x0, 0xf, 0xf0,
    0x2, 0xff, 0x0, 0x1f, 0xe5, 0x55, 0x5f, 0xf0,
    0x2, 0xff, 0xd0, 0x1f, 0xff, 0xff, 0xff, 0xe0,
    0x1, 0xff, 0xd0, 0x2f, 0xff, 0xff, 0xff, 0xd0,
    0x0, 0x2f, 0xc0, 0xf, 0xff, 0xff, 0xff, 0x40,
    0x0, 0x1, 0x0, 0x0, 0x0, 0x0, 0x0, 0x0,
    0x0, 0x0, 0x0, 0x0, 0x0, 0x0, 0x0, 0x0,
    0x0, 0x0, 0x0, 0xbf, 0xff, 0xff, 0xff, 0xc0,
    0x0, 0x0, 0x2, 0xff, 0xff, 0xff, 0xff, 0xe0,
    0x0, 0xb, 0xc3, 0xff, 0xff, 0xff, 0xff, 0xd0,
    0x0, 0x2f, 0xd3, 0xf8, 0xfd, 0x7f, 0x2f, 0xd0,
    0x0, 0x3f, 0xc3, 0xf4, 0xfc, 0x7e, 0x2f, 0xc0,
    0x0, 0xff, 0x47, 0xf4, 0xfc, 0x7d, 0x3f, 0xc0,
    0x2, 0xfe, 0x7, 0xf0, 0xf8, 0xbd, 0x3f, 0x80,
    0x7, 0xfc, 0xb, 0xf1, 0xf8, 0xfc, 0x3f, 0x80,
    0xf, 0xf4, 0xf, 0xf2, 0xf4, 0xfc, 0x7f, 0x40,
    0x3f, 0xe0, 0x6f, 0xfb, 0xff, 0xfe, 0xff, 0x80,
    0x3f, 0xc1, 0xff, 0xff, 0xff, 0xff, 0xff, 0xe0,
    0x3f, 0x42, 0xff, 0xff, 0xff, 0xff, 0xff, 0xd0,
    0x4, 0x0, 0xbf, 0xff, 0xff, 0xff, 0xfe, 0x40,

    /* U+6E7F "湿" */
    0x0, 0x0, 0x50, 0x0, 0x0, 0x0, 0x0, 0x0,
    0x0, 0x3, 0xfc, 0x1, 0xff, 0xff, 0xff, 0xfd,
    0x0, 0x3, 0xff, 0x47, 0xff, 0xff, 0xff, 0xff,
    0x0, 0x3, 0xff, 0x8b, 0xff, 0xff, 0xff, 0xfe,
    0x0, 0x0, 0xff, 0x4f, 0xf5, 0x55, 0x56, 0xfe,
    0x0, 0x0, 0x18, 0xf, 0xf0, 0x0, 0x2, 0xfd,
    0x0, 0x0, 0x0, 0xf, 0xff, 0xff, 0xff, 0xfc,
    0x0, 0x0, 0x0, 0x1f, 0xff, 0xff, 0xff, 0xfc,
    0x0, 0x0, 0x0, 0x1f, 0xff, 0xff, 0xff, 0xfc,
    0x0, 0xfd, 0x0, 0x2f, 0xc0, 0x0, 0x7, 0xf8,
    0x2, 0xff, 0xc0, 0x3f, 0xc0, 0x0, 0x7, 0xf8,
    0x1, 0xff, 0xd0, 0x3f, 0xff, 0xff, 0xff, 0xf4,
    0x0, 0x7f, 0xd0, 0x3f, 0xff, 0xff, 0xff, 0xf0,
    0x0, 0xb, 0x40, 0x2f, 0xff, 0xff, 0xff, 0xd0,
    0x0, 0x0, 0x0, 0x0, 0x0, 0x0, 0x0, 0x0,
    0x0, 0x0, 0x0, 0x0, 0x3d, 0xb, 0xc0, 0x0,
    0x0, 0x0, 0x0, 0x40, 0xff, 0x1f, 0xc0, 0x50,
    0x0, 0x0, 0x3, 0xf0, 0xfe, 0x2f, 0xc2, 0xf4,
    0x0, 0x1f, 0x87, 0xf4, 0xfd, 0x3f, 0xc7, 0xf4,
    0x0, 0x3f, 0xc3, 0xf9, 0xfd, 0x3f, 0xcf, 0xf0,
    0x0, 0xbf, 0x83, 0xfa, 0xfc, 0x3f, 0x9f, 0xd0,
    0x0, 0xff, 0x3, 0xff, 0xfc, 0x7f, 0x7f, 0x80,
    0x3, 0xfd, 0x2, 0xff, 0xf8, 0x7f, 0xbf, 0x0,
    0xb, 0xfc, 0x0, 0xf7, 0xf8, 0xbf, 0x7d, 0x0,
    0xf, 0xf0, 0x0, 0x7, 0xf4, 0xff, 0x0, 0x0,
    0x3f, 0xe0, 0x6a, 0xaf, 0xfe, 0xff, 0xaa, 0x80,
    0x3f, 0xc1, 0xff, 0xff, 0xff, 0xff, 0xff, 0xe0,
    0x2f, 0x42, 0xff, 0xff, 0xff, 0xff, 0xff, 0xd0,
    0x0, 0x0, 0xbf, 0xff, 0xff, 0xff, 0xfe, 0x40,

    /* U+6EDA "滚" */
    0x0, 0x0, 0x0, 0x0, 0x0, 0x0, 0x0, 0x0,
    0x0, 0x0, 0x0, 0x0, 0x0, 0x2, 0xf4, 0x0,
    0x0, 0x0, 0x2, 0x40, 0x0, 0x0, 0x7f, 0x80,
    0x0, 0x0, 0x0, 0xfe, 0x1, 0x55, 0x5f, 0xfd,
    0x55, 0x50, 0x0, 0xf, 0xf8, 0xbf, 0xff, 0xff,
    0xff, 0xff, 0xc0, 0x0, 0xbf, 0xdf, 0xff, 0xff,
    0xff, 0xff, 0xfc, 0x0, 0x2, 0xfc, 0x7f, 0xff,
    0xff, 0xff, 0xff, 0x40, 0x0, 0x6, 0x40, 0x2f,
    0x80, 0x3, 0xf4, 0x0, 0x0, 0x0, 0x0, 0x1f,
    0xf4, 0x0, 0x7f, 0xe0, 0x0, 0x0, 0x0, 0xf,
    0xfd, 0x28, 0x3, 0xff, 0x80, 0x0, 0x0, 0x3,
    0xff, 0x4f, 0xe0, 0xf, 0xfe, 0x0, 0x1f, 0x80,
    0xbf, 0x87, 0xfd, 0x0, 0x3f, 0xf0, 0x2, 0xfe,
    0xb, 0xd1, 0xff, 0x87, 0xe0, 0xfe, 0x0, 0x2f,
    0xf4, 0x0, 0xbf, 0xd0, 0xbf, 0x41, 0x0, 0x0,
    0xff, 0x80, 0x3f, 0xf0, 0x5b, 0xfc, 0x0, 0x0,
    0x2, 0xf0, 0xf, 0xff, 0xff, 0xff, 0xf0, 0x0,
    0x0, 0x0, 0x3, 0xff, 0xff, 0xff, 0xff, 0x0,
    0x0, 0x0, 0x0, 0x3f, 0xff, 0xff, 0x87, 0xd0,
    0x0, 0x0, 0x0, 0x0, 0x6b, 0xff, 0xfc, 0x0,
    0x0, 0x0, 0x0, 0xa0, 0x0, 0xff, 0xff, 0xc0,
    0x14, 0x0, 0x0, 0x3f, 0x40, 0xbf, 0xf2, 0xfd,
    0x2f, 0xc0, 0x0, 0xb, 0xf4, 0x7f, 0xf8, 0x1f,
    0xff, 0xfc, 0x0, 0x0, 0xff, 0x7f, 0xff, 0x0,
    0xff, 0xff, 0x0, 0x0, 0x2f, 0xdf, 0xff, 0xf0,
    0xb, 0xff, 0x40, 0x0, 0x7, 0xfc, 0xff, 0xff,
    0x0, 0x3f, 0xf0, 0x0, 0x0, 0xff, 0x6, 0x4f,
    0xf0, 0x1, 0xff, 0xd0, 0x0, 0x2f, 0xe0, 0x0,
    0xff, 0xff, 0xb, 0xff, 0x40, 0x3, 0xfc, 0x0,
    0x3f, 0xff, 0xf0, 0x3f, 0xfc, 0x0, 0x3f, 0x40,
    0x7, 0xff, 0xfc, 0x0, 0xff, 0x80, 0x1, 0x90,
    0x0, 0x7f, 0xe4, 0x0, 0x1, 0xe0, 0x0, 0x0,
    0x0, 0x0, 0x0, 0x0, 0x0, 0x0, 0x0, 0x0,

    /* U+7279 "特" */
    0x0, 0x0, 0x4, 0x0, 0x0, 0x0, 0x40, 0x0,
    0x0, 0x0, 0x3f, 0x0, 0x0, 0x3, 0xf0, 0x0,
    0x0, 0x0, 0xbf, 0x0, 0x0, 0xb, 0xf0, 0x0,
    0x0, 0x10, 0xff, 0x0, 0xa, 0xaf, 0xfa, 0xa4,
    0x0, 0xbc, 0xff, 0x0, 0x7f, 0xff, 0xff, 0xfc,
    0x0, 0xfc, 0xfe, 0x0, 0xbf, 0xff, 0xff, 0xfc,
    0x1, 0xf9, 0xfe, 0x0, 0x7f, 0xff, 0xff, 0xf4,
    0x3, 0xff, 0xff, 0xc0, 0x0, 0x2f, 0xd0, 0x0,
    0x3, 0xff, 0xff, 0xe0, 0x0, 0x3f, 0xc0, 0x0,
    0x7, 0xff, 0xff, 0xd0, 0x0, 0x3f, 0xc0, 0x0,
    0xb, 0xff, 0xff, 0x4b, 0xff, 0xff, 0xff, 0xfc,
    0xf, 0xc3, 0xf8, 0x2f, 0xff, 0xff, 0xff, 0xfe,
    0x1f, 0x87, 0xf8, 0x1f, 0xff, 0xff, 0xff, 0xfc,
    0x2f, 0x7, 0xf4, 0x5, 0x55, 0x55, 0xbe, 0x50,
    0x8, 0xb, 0xf0, 0x0, 0x0, 0x0, 0xfe, 0x0,
    0x0, 0xf, 0xf0, 0x0, 0x0, 0x1, 0xfd, 0x0,
    0x0, 0xf, 0xf8, 0xa, 0xaa, 0xab, 0xff, 0x90,
    0x0, 0x1f, 0xff, 0x3f, 0xff, 0xff, 0xff, 0xf0,
    0xb, 0xff, 0xff, 0x3f, 0xff, 0xff, 0xff, 0xf0,
    0x3f, 0xff, 0xfd, 0x1f, 0xff, 0xff, 0xff, 0xc0,
    0x7f, 0xff, 0xd0, 0x2, 0x80, 0x3, 0xf8, 0x0,
    0x3f, 0xff, 0xc0, 0xb, 0xe0, 0x7, 0xf4, 0x0,
    0x4, 0x3f, 0xc0, 0xf, 0xf4, 0xb, 0xf4, 0x0,
    0x0, 0x3f, 0x80, 0xb, 0xfc, 0xf, 0xf0, 0x0,
    0x0, 0x7f, 0x40, 0x3, 0xf8, 0xf, 0xf0, 0x0,
    0x0, 0xbf, 0x0, 0x0, 0xa0, 0xf, 0xe0, 0x0,
    0x0, 0xbf, 0x0, 0x0, 0x0, 0x1f, 0xe0, 0x0,
    0x0, 0xff, 0x0, 0x0, 0x7, 0xff, 0xd0, 0x0,
    0x0, 0xfe, 0x0, 0x0, 0xf, 0xff, 0xc0, 0x0,
    0x0, 0xfd, 0x0, 0x0, 0x1f, 0xff, 0x40, 0x0,
    0x0, 0xb8, 0x0, 0x0, 0xb, 0xf8, 0x0, 0x0,
    0x0, 0x0, 0x0, 0x0, 0x0, 0x0, 0x0, 0x0,

    /* U+73AF "环" */
    0x0, 0x1a, 0xaa, 0x80, 0x6a, 0xaa, 0xaa, 0xaa,
    0x80, 0xf, 0xff, 0xff, 0x1f, 0xff, 0xff, 0xff,
    0xfd, 0x0, 0xff, 0xff, 0xf3, 0xff, 0xff, 0xff,
    0xff, 0xd0, 0xb, 0xff, 0xfc, 0x1f, 0xff, 0xff,
    0xff, 0xf8, 0x0, 0x7, 0xf4, 0x0, 0x0, 0xf,
    0xf0, 0x0, 0x0, 0x0, 0x7f, 0x40, 0x0, 0x1,
    0xff, 0x0, 0x0, 0x0, 0xb, 0xf0, 0x0, 0x0,
    0x3f, 0xd0, 0x0, 0x0, 0x0, 0xff, 0x0, 0x0,
    0xb, 0xfc, 0x0, 0x0, 0x0, 0xf, 0xf0, 0x0,
    0x1, 0xff, 0x0, 0x0, 0x0, 0x0, 0xfe, 0x0,
    0x0, 0x3f, 0xf1, 0x0, 0x0, 0x1, 0xff, 0xfd,
    0x0, 0xf, 0xff, 0xfd, 0x0, 0x0, 0x3f, 0xff,
    0xe0, 0x2, 0xff, 0xff, 0xf0, 0x0, 0x7, 0xff,
    0xfd, 0x0, 0xbf, 0xff, 0xff, 0x80, 0x0, 0x1b,
    0xfe, 0x40, 0x1f, 0xff, 0xeb, 0xfc, 0x0, 0x0,
    0x3f, 0x80, 0x7, 0xff, 0xfd, 0x3f, 0xf0, 0x0,
    0x3, 0xf8, 0x2, 0xff, 0xff, 0xc2, 0xff, 0x40,
    0x0, 0x7f, 0x40, 0x7f, 0xf3, 0xfc, 0xf, 0xf8,
    0x0, 0xb, 0xf0, 0xb, 0xfc, 0x3f, 0xc0, 0xbf,
    0x40, 0x0, 0xbf, 0x0, 0xbf, 0x7, 0xf8, 0x2,
    0x90, 0x0, 0xf, 0xf5, 0x1, 0x80, 0xbf, 0x40,
    0x0, 0x0, 0x0, 0xbf, 0xf8, 0x0, 0xb, 0xf4,
    0x0, 0x0, 0x0, 0xbf, 0xff, 0x80, 0x0, 0xff,
    0x0, 0x0, 0x0, 0x7f, 0xff, 0xf0, 0x0, 0xf,
    0xf0, 0x0, 0x0, 0xb, 0xff, 0xe0, 0x0, 0x0,
    0xff, 0x0, 0x0, 0x0, 0x7f, 0x40, 0x0, 0x0,
    0x1f, 0xe0, 0x0, 0x0, 0x0, 0x0, 0x0, 0x0,
    0x2, 0xfd, 0x0, 0x0, 0x0, 0x0, 0x0, 0x0,
    0x0, 0x2f, 0xd0, 0x0, 0x0, 0x0, 0x0, 0x0,
    0x0, 0x3, 0xfc, 0x0, 0x0, 0x0, 0x0, 0x0,
    0x0, 0x0, 0x1f, 0x0, 0x0, 0x0, 0x0,

    /* U+767E "百" */
    0x2, 0xff, 0xff, 0xff, 0xff, 0xff, 0xff, 0xd0,
    0x3f, 0xff, 0xff, 0xff, 0xff, 0xff, 0xff, 0xc1,
    0xff, 0xff, 0xff, 0xff, 0xff, 0xff, 0xff, 0x3,
    0xff, 0xff, 0xff, 0xff, 0xff, 0xff, 0xf0, 0x0,
    0x0, 0x0, 0x3f, 0xd0, 0x0, 0x0, 0x0, 0x0,
    0x0, 0x1, 0xff, 0x0, 0x0, 0x0, 0x0, 0x0,
    0x0, 0xf, 0xf8, 0x0, 0x0, 0x0, 0x0, 0x0,
    0x0, 0x3f, 0xc0, 0x0, 0x0, 0x0, 0x0, 0x7f,
    0xff, 0xff, 0xff, 0xff, 0xd0, 0x0, 0x7, 0xff,
    0xff, 0xff, 0xff, 0xff, 0xc0, 0x0, 0x2f, 0xff,
    0xff, 0xff, 0xff, 0xfe, 0x0, 0x0, 0xff, 0xea,
    0xaa, 0xaa, 0xaf, 0xf8, 0x0, 0x3, 0xfc, 0x0,
    0x0, 0x0, 0x3f, 0xd0, 0x0, 0xf, 0xf0, 0x0,
    0x0, 0x0, 0xff, 0x0, 0x0, 0x7f, 0xc0, 0x0,
    0x0, 0x7, 0xfc, 0x0, 0x1, 0xff, 0xaa, 0xaa,
    0xaa, 0xaf, 0xf0, 0x0, 0xb, 0xff, 0xff, 0xff,
    0xff, 0xff, 0x80, 0x0, 0x3f, 0xff, 0xff, 0xff,
    0xff, 0xfd, 0x0, 0x0, 0xff, 0xff, 0xff, 0xff,
    0xff, 0xf4, 0x0, 0x3, 0xfc, 0x0, 0x0, 0x0,
    0x3f, 0xc0, 0x0, 0x1f, 0xe0, 0x0, 0x0, 0x1,
    0xff, 0x0, 0x0, 0xbf, 0x80, 0x0, 0x0, 0xb,
    0xfc, 0x0, 0x2, 0xfd, 0x0, 0x0, 0x0, 0x2f,
    0xe0, 0x0, 0xf, 0xfa, 0xff, 0xff, 0xfe, 0xff,
    0x40, 0x0, 0x3f, 0xff, 0xff, 0xff, 0xff, 0xfd,
    0x0, 0x0, 0xff, 0xff, 0xff, 0xff, 0xff, 0xf0,
    0x0, 0x7, 0xff, 0xff, 0xff, 0xff, 0xff, 0xc0,
    0x0, 0x1f, 0xd0, 0x0, 0x0, 0x1, 0xfe, 0x0,
    0x0, 0x3e, 0x0, 0x0, 0x0, 0x3, 0xe0, 0x0,
    0x0,

    /* U+793A "示" */
    0x0, 0x0, 0x0, 0x0, 0x0, 0x0, 0x0, 0x0,
    0x0, 0xb, 0xff, 0xff, 0xff, 0xff, 0xfe, 0x0,
    0x0, 0x7f, 0xff, 0xff, 0xff, 0xff, 0xfc, 0x0,
    0x2, 0xff, 0xff, 0xff, 0xff, 0xff, 0xf0, 0x0,
    0x3, 0xff, 0xff, 0xff, 0xff, 0xfe, 0x0, 0x0,
    0x0, 0x0, 0x0, 0x0, 0x0, 0x0, 0x0, 0x0,
    0x0, 0x0, 0x0, 0x0, 0x0, 0x0, 0x0, 0x0,
    0x0, 0x0, 0x0, 0x0, 0x0, 0x0, 0x0, 0x55,
    0x55, 0x55, 0x55, 0x55, 0x55, 0x40, 0xf, 0xff,
    0xff, 0xff, 0xff, 0xff, 0xff, 0xd0, 0xff, 0xff,
    0xff, 0xff, 0xff, 0xff, 0xff, 0x83, 0xff, 0xff,
    0xff, 0xff, 0xff, 0xff, 0xfd, 0x2, 0xaa, 0xaa,
    0xaf, 0xfe, 0xaa, 0xaa, 0x90, 0x0, 0x0, 0x0,
    0x3f, 0xc0, 0x0, 0x0, 0x0, 0x0, 0x0, 0x1,
    0xff, 0x0, 0x0, 0x0, 0x0, 0x2, 0xd0, 0xb,
    0xfc, 0x0, 0xa0, 0x0, 0x0, 0x3f, 0xc0, 0x2f,
    0xe0, 0xf, 0xe0, 0x0, 0x3, 0xff, 0x0, 0xff,
    0x80, 0x7f, 0xc0, 0x0, 0x2f, 0xf0, 0x3, 0xfd,
    0x1, 0xff, 0x80, 0x1, 0xff, 0x80, 0x1f, 0xf0,
    0x3, 0xff, 0x0, 0xf, 0xfc, 0x0, 0x7f, 0xc0,
    0x7, 0xfd, 0x0, 0xff, 0xc0, 0x2, 0xff, 0x0,
    0xf, 0xfc, 0xb, 0xfd, 0x0, 0xf, 0xf8, 0x0,
    0x3f, 0xf0, 0x3f, 0xd0, 0x0, 0x3f, 0xd0, 0x0,
    0xbf, 0xc0, 0xbd, 0x0, 0x1, 0xff, 0x0, 0x0,
    0xfd, 0x0, 0x0, 0x7, 0xff, 0xfc, 0x0, 0x0,
    0x40, 0x0, 0x0, 0x3f, 0xff, 0xe0, 0x0, 0x0,
    0x0, 0x0, 0x0, 0xff, 0xff, 0x0, 0x0, 0x0,
    0x0, 0x0, 0x2, 0xff, 0x90, 0x0, 0x0, 0x0,
    0x0, 0x0, 0x0, 0x0, 0x0, 0x0, 0x0, 0x0,
    0x0,

    /* U+7EA7 "级" */
    0x0, 0x0, 0xb, 0x0, 0x0, 0x0, 0x0, 0x0,
    0x0, 0x0, 0x3f, 0x80, 0x15, 0x55, 0x55, 0x40,
    0x0, 0x0, 0xbf, 0x40, 0xff, 0xff, 0xff, 0xf0,
    0x0, 0x1, 0xff, 0x1, 0xff, 0xff, 0xff, 0xf0,
    0x0, 0x3, 0xfc, 0x0, 0xff, 0xff, 0xff, 0xe0,
    0x0, 0xb, 0xf4, 0x0, 0xf, 0xf5, 0x7f, 0xc0,
    0x0, 0x1f, 0xe0, 0x0, 0xf, 0xf0, 0x3f, 0x80,
    0x0, 0x3f, 0xc2, 0xf0, 0xf, 0xe0, 0xbf, 0x40,
    0x0, 0xff, 0x7, 0xf4, 0x1f, 0xd0, 0xff, 0x0,
    0x2, 0xfd, 0xf, 0xf0, 0x2f, 0xc1, 0xfd, 0x0,
    0x7, 0xff, 0xff, 0xd0, 0x3f, 0xc3, 0xff, 0xfc,
    0x7, 0xff, 0xff, 0x40, 0x3f, 0x87, 0xff, 0xfd,
    0x3, 0xff, 0xfe, 0x0, 0x7f, 0x43, 0xff, 0xfc,
    0x0, 0xb, 0xf8, 0x0, 0xff, 0xc0, 0x47, 0xfc,
    0x0, 0x1f, 0xf0, 0x0, 0xff, 0xc0, 0xb, 0xf4,
    0x0, 0x7f, 0xc5, 0x1, 0xff, 0xd0, 0xf, 0xf0,
    0x1, 0xff, 0xff, 0x83, 0xff, 0xe0, 0x2f, 0xd0,
    0x7, 0xff, 0xff, 0x83, 0xff, 0xf0, 0x3f, 0xc0,
    0xf, 0xff, 0xfe, 0xb, 0xff, 0xf4, 0xff, 0x40,
    0x2f, 0xff, 0x90, 0xf, 0xf7, 0xfe, 0xfe, 0x0,
    0x1f, 0xd0, 0x0, 0x2f, 0xe3, 0xff, 0xfc, 0x0,
    0x0, 0x0, 0x6d, 0x3f, 0xc2, 0xff, 0xf0, 0x0,
    0x0, 0xb, 0xff, 0xbf, 0x80, 0xff, 0xe0, 0x0,
    0x2, 0xff, 0xff, 0xff, 0x2, 0xff, 0xf0, 0x0,
    0x2f, 0xff, 0xfb, 0xfe, 0xb, 0xff, 0xfc, 0x0,
    0x7f, 0xff, 0x4b, 0xfc, 0x7f, 0xff, 0xff, 0x0,
    0xbf, 0xe0, 0xf, 0xf0, 0xff, 0xe3, 0xff, 0x80,
    0x29, 0x0, 0x1f, 0xe1, 0xff, 0x41, 0xff, 0x80,
    0x0, 0x0, 0xb, 0x80, 0xfc, 0x0, 0x3f, 0x0,
    0x0, 0x0, 0x0, 0x0, 0x0, 0x0, 0x0, 0x0,

    /* U+7EBF "线" */
    0x0, 0x0, 0x0, 0x0, 0x0, 0x0, 0x0, 0x0,
    0x0, 0x0, 0x0, 0x0, 0x0, 0xb, 0xc0, 0x0,
    0x0, 0x0, 0xf, 0xc0, 0x0, 0x2f, 0xd3, 0xf0,
    0x0, 0x0, 0x3f, 0xc0, 0x0, 0x2f, 0xc7, 0xfc,
    0x0, 0x0, 0x7f, 0xc0, 0x0, 0x3f, 0xc3, 0xfc,
    0x0, 0x0, 0xff, 0x0, 0x0, 0x3f, 0xc0, 0x60,
    0x0, 0x2, 0xfd, 0x0, 0x0, 0x3f, 0xd6, 0xfc,
    0x0, 0x7, 0xf8, 0x0, 0x5, 0xbf, 0xff, 0xfe,
    0x0, 0xf, 0xf0, 0xb4, 0x7f, 0xff, 0xff, 0xfd,
    0x0, 0x3f, 0xc3, 0xfc, 0xff, 0xff, 0xff, 0xe4,
    0x0, 0xff, 0x4b, 0xf8, 0xff, 0xff, 0x90, 0x0,
    0x2, 0xff, 0xff, 0xf0, 0x14, 0xff, 0x0, 0x0,
    0x3, 0xff, 0xff, 0xc0, 0x0, 0xff, 0x0, 0x64,
    0x2, 0xff, 0xff, 0x0, 0x0, 0xff, 0xbf, 0xfd,
    0x0, 0x17, 0xfd, 0x0, 0x1b, 0xff, 0xff, 0xfd,
    0x0, 0xf, 0xf4, 0x3, 0xff, 0xff, 0xff, 0xf4,
    0x0, 0x3f, 0xd0, 0xf, 0xff, 0xff, 0xe9, 0x0,
    0x0, 0xff, 0x9a, 0xf, 0xff, 0xff, 0x0, 0x50,
    0x3, 0xff, 0xff, 0x81, 0x40, 0xff, 0x7, 0xf0,
    0xb, 0xff, 0xff, 0x80, 0x0, 0xff, 0x1f, 0xf0,
    0xf, 0xff, 0xfd, 0x0, 0x0, 0xff, 0x7f, 0xd0,
    0x7, 0xf9, 0x0, 0x0, 0x0, 0xff, 0xff, 0x40,
    0x0, 0x0, 0x0, 0x0, 0x0, 0xff, 0xfd, 0x0,
    0x0, 0x0, 0xbe, 0x0, 0x0, 0xff, 0xf0, 0x0,
    0x0, 0x6f, 0xff, 0x0, 0xb, 0xff, 0x80, 0x0,
    0x1f, 0xff, 0xfd, 0x1, 0xbf, 0xff, 0x80, 0x50,
    0x3f, 0xff, 0xe0, 0x2f, 0xff, 0xff, 0xd3, 0xf0,
    0x7f, 0xf8, 0x0, 0xbf, 0xfe, 0x3f, 0xff, 0xe0,
    0x2e, 0x0, 0x0, 0xff, 0xe0, 0x1f, 0xff, 0xc0,
    0x0, 0x0, 0x0, 0xbe, 0x0, 0xf, 0xff, 0x80,
    0x0, 0x0, 0x0, 0x0, 0x0, 0x2, 0xfe, 0x0,

    /* U+7EDC "络" */
    0x0, 0x0, 0x0, 0x0, 0x0, 0x0, 0x0, 0x0,
    0x0, 0x0, 0x0, 0x0, 0x0, 0x3d, 0x0, 0x0,
    0x0, 0x0, 0x2f, 0x40, 0x0, 0xfe, 0x0, 0x0,
    0x0, 0x0, 0x7f, 0x80, 0x2, 0xfd, 0x0, 0x0,
    0x0, 0x0, 0xff, 0x40, 0xb, 0xff, 0xff, 0xfd,
    0x0, 0x2, 0xfe, 0x0, 0x1f, 0xff, 0xff, 0xff,
    0x0, 0x7, 0xfc, 0x0, 0x7f, 0xff, 0xff, 0xff,
    0x0, 0xf, 0xf0, 0x1, 0xff, 0x46, 0xab, 0xfc,
    0x0, 0x3f, 0xd0, 0x57, 0xff, 0xc0, 0xf, 0xf4,
    0x0, 0xbf, 0x87, 0xff, 0xff, 0xf0, 0x3f, 0xe0,
    0x2, 0xff, 0xf, 0xff, 0xef, 0xf9, 0xff, 0x80,
    0x3, 0xff, 0xff, 0xe1, 0x47, 0xff, 0xfe, 0x0,
    0x7, 0xff, 0xff, 0x80, 0x2, 0xff, 0xf8, 0x0,
    0x3, 0xff, 0xff, 0x0, 0x7, 0xff, 0xf4, 0x0,
    0x0, 0x5f, 0xfc, 0x0, 0x7f, 0xff, 0xff, 0x80,
    0x0, 0x1f, 0xf0, 0xb, 0xff, 0xfb, 0xff, 0xf4,
    0x0, 0xbf, 0xc0, 0x3f, 0xff, 0x81, 0xff, 0xfc,
    0x2, 0xff, 0xff, 0x7f, 0xf8, 0x0, 0x1f, 0xf8,
    0xb, 0xff, 0xff, 0x7f, 0xea, 0xaa, 0xab, 0xa0,
    0x1f, 0xff, 0xfe, 0x7, 0xff, 0xff, 0xff, 0x40,
    0x2f, 0xff, 0x90, 0xf, 0xff, 0xff, 0xff, 0x80,
    0xa, 0x90, 0x0, 0xf, 0xff, 0xff, 0xff, 0x40,
    0x0, 0x0, 0x0, 0xf, 0xd0, 0x0, 0xbf, 0x40,
    0x0, 0x2, 0xfd, 0x1f, 0xd0, 0x0, 0xff, 0x0,
    0x1, 0xbf, 0xfe, 0x2f, 0xc0, 0x0, 0xff, 0x0,
    0x2f, 0xff, 0xfc, 0x2f, 0xea, 0xaa, 0xff, 0x0,
    0xbf, 0xff, 0x90, 0x3f, 0xff, 0xff, 0xfe, 0x0,
    0xff, 0xf4, 0x0, 0x3f, 0xff, 0xff, 0xfd, 0x0,
    0x7e, 0x0, 0x0, 0x3f, 0xff, 0xff, 0xfc, 0x0,
    0x0, 0x0, 0x0, 0x7f, 0x0, 0x2, 0xfc, 0x0,
    0x0, 0x0, 0x0, 0x3d, 0x0, 0x0, 0xe0, 0x0,

    /* U+7F51 "网" */
    0x0, 0x6, 0xaa, 0xaa, 0xaa, 0xaa, 0xaa, 0xae,
    0x0, 0x7, 0xff, 0xff, 0xff, 0xff, 0xff, 0xff,
    0xd0, 0x3, 0xff, 0xff, 0xff, 0xff, 0xff, 0xff,
    0xf4, 0x0, 0xff, 0xff, 0xff, 0xff, 0xff, 0xff,
    0xfc, 0x0, 0x3f, 0xc0, 0x0, 0x0, 0x0, 0x0,
    0xff, 0x0, 0x1f, 0xe0, 0x0, 0x0, 0x0, 0x10,
    0x3f, 0xc0, 0xb, 0xf4, 0x0, 0xbc, 0x0, 0x3f,
    0x1f, 0xe0, 0x2, 0xfd, 0x0, 0x3f, 0x0, 0x2f,
    0xc7, 0xf8, 0x0, 0xff, 0x10, 0x2f, 0xc0, 0xf,
    0xe2, 0xfd, 0x0, 0x3f, 0xef, 0x4f, 0xe7, 0xd7,
    0xf4, 0xff, 0x0, 0xf, 0xff, 0xf7, 0xf3, 0xff,
    0xfc, 0x3f, 0xc0, 0x7, 0xfa, 0xff, 0xfc, 0xbf,
    0xfe, 0xf, 0xf0, 0x2, 0xfd, 0x3f, 0xfd, 0xf,
    0xff, 0x7, 0xf8, 0x0, 0xff, 0x7, 0xff, 0x1,
    0xff, 0x82, 0xfd, 0x0, 0x3f, 0xc0, 0xbf, 0xc0,
    0x2f, 0xe0, 0xbf, 0x40, 0xf, 0xf0, 0x1f, 0xf4,
    0xf, 0xfc, 0x3f, 0xc0, 0x7, 0xf8, 0xf, 0xff,
    0x7, 0xff, 0x8f, 0xf0, 0x1, 0xfe, 0xb, 0xff,
    0xd3, 0xff, 0xf3, 0xfc, 0x0, 0xbf, 0x47, 0xff,
    0xf2, 0xff, 0xfe, 0xfe, 0x0, 0x3f, 0xc3, 0xfc,
    0x65, 0xfe, 0x7f, 0xbf, 0x40, 0xf, 0xf3, 0xfd,
    0x0, 0xff, 0x1, 0x2f, 0xd0, 0x3, 0xfe, 0xfe,
    0x0, 0xff, 0x40, 0xf, 0xf0, 0x1, 0xfe, 0xff,
    0x0, 0x7f, 0x40, 0x3, 0xfc, 0x0, 0xbf, 0xbf,
    0x0, 0x2f, 0x80, 0x1, 0xfe, 0x0, 0x2f, 0xd1,
    0x0, 0x1, 0x40, 0x0, 0xbf, 0x80, 0xf, 0xf0,
    0x0, 0x0, 0x0, 0x2f, 0xff, 0xd0, 0x3, 0xfc,
    0x0, 0x0, 0x0, 0x2f, 0xff, 0xf0, 0x0, 0xfe,
    0x0, 0x0, 0x0, 0xf, 0xff, 0xf0, 0x0, 0x2e,
    0x0, 0x0, 0x0, 0x1, 0xff, 0x90, 0x0, 0x0,

    /* U+7F6E "置" */
    0x0, 0x0, 0x0, 0x0, 0x0, 0x0, 0x0, 0x0,
    0x0, 0x2, 0xff, 0xff, 0xff, 0xff, 0xff, 0xfd,
    0x0, 0xb, 0xff, 0xff, 0xff, 0xff, 0xff, 0xfe,
    0x0, 0xf, 0xfa, 0xbf, 0xea, 0xff, 0xab, 0xfe,
    0x0, 0xf, 0xf0, 0x3f, 0xc0, 0xff, 0x2, 0xfd,
    0x0, 0xf, 0xfa, 0xbf, 0xea, 0xff, 0xab, 0xfd,
    0x0, 0x1f, 0xff, 0xff, 0xff, 0xff, 0xff, 0xfc,
    0x0, 0xb, 0xff, 0xff, 0xff, 0xff, 0xff, 0xf0,
    0x0, 0x0, 0x0, 0x0, 0xfd, 0x0, 0x0, 0x0,
    0x0, 0x7f, 0xff, 0xff, 0xff, 0xff, 0xff, 0xf4,
    0x1, 0xff, 0xff, 0xff, 0xff, 0xff, 0xff, 0xfc,
    0x0, 0xff, 0xff, 0xff, 0xff, 0xff, 0xff, 0xf4,
    0x0, 0x0, 0x0, 0x7, 0xf4, 0x0, 0x0, 0x0,
    0x0, 0x2, 0xff, 0xff, 0xff, 0xff, 0xf8, 0x0,
    0x0, 0xb, 0xff, 0xff, 0xff, 0xff, 0xfd, 0x0,
    0x0, 0xf, 0xfa, 0xaa, 0xaa, 0xab, 0xfd, 0x0,
    0x0, 0xf, 0xe0, 0x0, 0x0, 0x3, 0xfc, 0x0,
    0x0, 0x1f, 0xff, 0xff, 0xff, 0xff, 0xfc, 0x0,
    0x0, 0x2f, 0xff, 0xff, 0xff, 0xff, 0xfc, 0x0,
    0x0, 0x3f, 0xc0, 0x0, 0x0, 0x7, 0xf8, 0x0,
    0x0, 0x3f, 0xff, 0xff, 0xff, 0xff, 0xf4, 0x0,
    0x0, 0x3f, 0xff, 0xff, 0xff, 0xff, 0xf4, 0x0,
    0x0, 0x7f, 0x40, 0x0, 0x0, 0xf, 0xf0, 0x0,
    0x0, 0x7f, 0xff, 0xff, 0xff, 0xff, 0xf0, 0x0,
    0x0, 0xbf, 0xff, 0xff, 0xff, 0xff, 0xe0, 0x0,
    0x0, 0xff, 0x0, 0x0, 0x0, 0x1f, 0xe0, 0x0,
    0x1a, 0xff, 0xaa, 0xaa, 0xaa, 0xbf, 0xfa, 0x0,
    0xbf, 0xff, 0xff, 0xff, 0xff, 0xff, 0xff, 0xc0,
    0xbf, 0xff, 0xff, 0xff, 0xff, 0xff, 0xff, 0x80,
    0x0, 0x0, 0x0, 0x0, 0x0, 0x0, 0x0, 0x0,

    /* U+80FD "能" */
    0x0, 0x0, 0x0, 0x0, 0x0, 0x0, 0x0, 0x0,
    0x0, 0x0, 0xb8, 0x0, 0x0, 0x7c, 0x0, 0x0,
    0x0, 0x3, 0xfc, 0x0, 0x0, 0xfd, 0x0, 0x0,
    0x0, 0x7, 0xfc, 0x2d, 0x2, 0xfd, 0x1, 0x90,
    0x0, 0x1f, 0xf4, 0x7f, 0x2, 0xfc, 0x2f, 0xf0,
    0x0, 0x3f, 0xd0, 0xbf, 0x43, 0xff, 0xff, 0xf0,
    0x0, 0xff, 0x80, 0xbf, 0xc3, 0xff, 0xff, 0x80,
    0x2, 0xff, 0xff, 0xff, 0xc3, 0xff, 0xf4, 0x0,
    0x3, 0xff, 0xff, 0xff, 0xd7, 0xfd, 0x0, 0x0,
    0x1, 0xff, 0xff, 0xff, 0xcb, 0xf4, 0x0, 0x4,
    0x0, 0x15, 0x0, 0x6, 0xb, 0xf0, 0x0, 0xbd,
    0x0, 0x0, 0x0, 0x0, 0xf, 0xf4, 0x7, 0xfd,
    0x0, 0x15, 0x55, 0x50, 0xf, 0xff, 0xff, 0xfc,
    0x2, 0xff, 0xff, 0xfc, 0xf, 0xff, 0xff, 0xf4,
    0x3, 0xff, 0xff, 0xfc, 0x7, 0xff, 0xff, 0xe0,
    0x7, 0xff, 0xff, 0xfc, 0x0, 0x55, 0x55, 0x0,
    0x7, 0xf4, 0x3, 0xfc, 0xf, 0x40, 0x0, 0x0,
    0xb, 0xff, 0xff, 0xf8, 0x3f, 0xc0, 0x0, 0x0,
    0xf, 0xff, 0xff, 0xf4, 0x3f, 0xc0, 0xbf, 0x0,
    0xf, 0xff, 0xff, 0xf0, 0x7f, 0x9b, 0xff, 0x0,
    0xf, 0xe0, 0xf, 0xf0, 0x7f, 0xff, 0xfd, 0x0,
    0x1f, 0xd0, 0xf, 0xf0, 0xbf, 0xff, 0xe0, 0x0,
    0x2f, 0xff, 0xff, 0xe0, 0xff, 0xf9, 0x0, 0x0,
    0x2f, 0xff, 0xff, 0xe0, 0xff, 0x40, 0x0, 0x0,
    0x3f, 0xff, 0xff, 0xd0, 0xff, 0x0, 0x1, 0x0,
    0x3f, 0x80, 0x3f, 0xc1, 0xfe, 0x0, 0xb, 0xc0,
    0x3f, 0x40, 0x3f, 0xc2, 0xfd, 0x0, 0x2f, 0xc0,
    0x7f, 0x42, 0xbf, 0xc2, 0xff, 0xaa, 0xff, 0x80,
    0xbf, 0xb, 0xff, 0x42, 0xff, 0xff, 0xff, 0x0,
    0xbf, 0xf, 0xff, 0x1, 0xff, 0xff, 0xfe, 0x0,
    0x3c, 0x7, 0xe4, 0x0, 0x6f, 0xff, 0xe4, 0x0,

    /* U+8272 "色" */
    0x0, 0x0, 0x0, 0x0, 0x0, 0x0, 0x0, 0x0,
    0x0, 0x1f, 0x0, 0x0, 0x0, 0x0, 0x0, 0x2,
    0xfd, 0x0, 0x0, 0x0, 0x0, 0x0, 0x1f, 0xfa,
    0xaa, 0x68, 0x0, 0x0, 0x1, 0xff, 0xff, 0xff,
    0xfc, 0x0, 0x0, 0x2f, 0xff, 0xff, 0xff, 0xf0,
    0x0, 0x2, 0xff, 0xff, 0xff, 0xff, 0x40, 0x0,
    0x3f, 0xf8, 0x0, 0x1f, 0xf4, 0x0, 0x7, 0xff,
    0x40, 0x1, 0xff, 0x40, 0x0, 0xbf, 0xf4, 0x55,
    0x5f, 0xf9, 0x55, 0x7, 0xff, 0xff, 0xff, 0xff,
    0xff, 0xff, 0x3f, 0xff, 0xff, 0xff, 0xff, 0xff,
    0xfd, 0x7f, 0xff, 0xff, 0xff, 0xff, 0xff, 0xf4,
    0xf, 0xf1, 0x56, 0xfe, 0x55, 0x7f, 0xc0, 0x7f,
    0x80, 0xb, 0xf4, 0x0, 0xff, 0x1, 0xfd, 0x0,
    0x3f, 0xc0, 0x3, 0xf8, 0xb, 0xf4, 0x0, 0xff,
    0x0, 0x1f, 0xe0, 0x3f, 0xff, 0xff, 0xff, 0xff,
    0xff, 0x40, 0xff, 0xff, 0xff, 0xff, 0xff, 0xfc,
    0x3, 0xff, 0xff, 0xff, 0xff, 0xff, 0xf0, 0x1f,
    0xfb, 0xff, 0xff, 0xff, 0xff, 0x80, 0x7f, 0x40,
    0x0, 0x0, 0x0, 0x78, 0x2, 0xfd, 0x0, 0x0,
    0x0, 0x0, 0x0, 0xf, 0xf0, 0x0, 0x0, 0x0,
    0x0, 0x4, 0x3f, 0xc0, 0x0, 0x0, 0x0, 0x1,
    0xf8, 0xff, 0x0, 0x0, 0x0, 0x0, 0xf, 0xf3,
    0xfc, 0x0, 0x0, 0x0, 0x0, 0xff, 0x8f, 0xfe,
    0xaa, 0xaa, 0xaa, 0xaf, 0xfc, 0x3f, 0xff, 0xff,
    0xff, 0xff, 0xff, 0xe0, 0x7f, 0xff, 0xff, 0xff,
    0xff, 0xfe, 0x0, 0x2f, 0xff, 0xff, 0xff, 0xff,
    0x90, 0x0,

    /* U+83B7 "获" */
    0x0, 0x0, 0x0, 0x0, 0x0, 0x0, 0x0, 0x0,
    0x0, 0x0, 0x0, 0xbd, 0x0, 0x2, 0xf4, 0x0,
    0x0, 0x0, 0x0, 0x7f, 0x80, 0x0, 0xfe, 0x0,
    0x0, 0x2, 0xff, 0xff, 0xff, 0xff, 0xff, 0xff,
    0xf8, 0x1, 0xff, 0xff, 0xff, 0xff, 0xff, 0xff,
    0xff, 0x0, 0x7f, 0xff, 0xff, 0xff, 0xff, 0xff,
    0xff, 0x80, 0x6, 0xaa, 0xff, 0xaa, 0xab, 0xfe,
    0xaa, 0x40, 0x0, 0x0, 0x3f, 0x80, 0x0, 0xbd,
    0x0, 0x0, 0x0, 0x14, 0x2, 0x40, 0x0, 0x0,
    0x0, 0x0, 0x0, 0x1f, 0x87, 0x80, 0x0, 0x1f,
    0xb, 0x80, 0x0, 0xb, 0xff, 0xf0, 0x0, 0xf,
    0xd3, 0xf8, 0x0, 0x1, 0xff, 0xfc, 0x0, 0x7,
    0xf4, 0xff, 0x0, 0x0, 0x3f, 0xfc, 0x0, 0x2,
    0xfc, 0x1f, 0xc0, 0x0, 0xbf, 0xfe, 0x0, 0x0,
    0xbf, 0x1, 0x40, 0x0, 0xbf, 0xff, 0xc2, 0xff,
    0xff, 0xff, 0xfe, 0x0, 0x3f, 0xdf, 0xf2, 0xff,
    0xff, 0xff, 0xff, 0xc0, 0xa, 0x42, 0xfd, 0xbf,
    0xff, 0xff, 0xff, 0xe0, 0x0, 0x0, 0xff, 0x4a,
    0xab, 0xff, 0xaa, 0x90, 0x0, 0x1, 0xff, 0xc0,
    0x0, 0xff, 0x80, 0x0, 0x0, 0x2, 0xff, 0xf0,
    0x0, 0x7f, 0xf0, 0x0, 0x0, 0x7, 0xff, 0xfc,
    0x0, 0x3f, 0xfc, 0x0, 0x0, 0xb, 0xfe, 0xff,
    0x0, 0x1f, 0xff, 0x40, 0x0, 0x7, 0xfd, 0x3f,
    0x80, 0xf, 0xff, 0xf0, 0x0, 0x1, 0xfc, 0xf,
    0xd0, 0xb, 0xfa, 0xfd, 0x0, 0x0, 0x10, 0x7,
    0xf0, 0xb, 0xfc, 0x7f, 0xc0, 0x0, 0x0, 0x2,
    0xfc, 0xb, 0xfd, 0xf, 0xfc, 0x0, 0x0, 0x0,
    0xfe, 0xb, 0xfe, 0x2, 0xff, 0xc0, 0x0, 0x0,
    0xff, 0xf, 0xfe, 0x0, 0x3f, 0xf0, 0x0, 0xf,
    0xff, 0x8b, 0xfe, 0x0, 0x3, 0xfc, 0x0, 0xb,
    0xff, 0x83, 0xfd, 0x0, 0x0, 0x3d, 0x0, 0x1,
    0xfe, 0x40, 0x7d, 0x0, 0x0, 0x0, 0x0, 0x0,
    0x0, 0x0, 0x0, 0x0, 0x0, 0x0, 0x0, 0x0,

    /* U+8BD5 "试" */
    0x0, 0x0, 0x0, 0x0, 0x0, 0x2, 0xe0, 0x0,
    0x0, 0x2f, 0x40, 0x0, 0x0, 0xb, 0xf2, 0xf0,
    0x0, 0x3f, 0xd0, 0x0, 0x0, 0xf, 0xf3, 0xf8,
    0x0, 0x3f, 0xf0, 0x0, 0x0, 0xf, 0xf3, 0xfc,
    0x0, 0x1f, 0xf8, 0x0, 0x0, 0x1f, 0xe0, 0xfc,
    0x0, 0xb, 0xf4, 0x0, 0x0, 0x1f, 0xe0, 0x10,
    0x0, 0x1, 0x90, 0xbf, 0xff, 0xff, 0xff, 0xf4,
    0x0, 0x0, 0x2, 0xff, 0xff, 0xff, 0xff, 0xfc,
    0x0, 0x0, 0x2, 0xff, 0xff, 0xff, 0xff, 0xf8,
    0x0, 0x0, 0x0, 0xff, 0xff, 0xff, 0xff, 0xe0,
    0x1f, 0xff, 0x0, 0x0, 0x0, 0x3f, 0xc0, 0x0,
    0x3f, 0xff, 0x80, 0x0, 0x0, 0x7f, 0x80, 0x0,
    0x3f, 0xff, 0x40, 0x0, 0x0, 0x7f, 0x80, 0x0,
    0xa, 0xff, 0x0, 0xaa, 0xa8, 0x7f, 0x40, 0x0,
    0x0, 0xff, 0x3, 0xff, 0xfd, 0xbf, 0x40, 0x0,
    0x0, 0xff, 0x3, 0xff, 0xfd, 0xbf, 0x40, 0x0,
    0x0, 0xfe, 0x1, 0xff, 0xf4, 0xff, 0x0, 0x0,
    0x1, 0xfd, 0x0, 0x3f, 0x80, 0xff, 0x0, 0x0,
    0x2, 0xfc, 0x0, 0x3f, 0x80, 0xff, 0x0, 0x0,
    0x3, 0xfc, 0x0, 0x7f, 0x40, 0xff, 0x0, 0x0,
    0x3, 0xfc, 0x0, 0x7f, 0x0, 0xff, 0x0, 0x0,
    0x3, 0xf8, 0x0, 0xbf, 0x0, 0xff, 0x1, 0x0,
    0x7, 0xff, 0xe0, 0xff, 0x60, 0xff, 0xf, 0x40,
    0x7, 0xff, 0xe0, 0xff, 0xfc, 0xff, 0x3f, 0x40,
    0xf, 0xff, 0xdf, 0xff, 0xfc, 0xff, 0xff, 0x0,
    0x1f, 0xfe, 0x3f, 0xff, 0xe0, 0xff, 0xfe, 0x0,
    0x3f, 0xf4, 0x3f, 0xf9, 0x0, 0xbf, 0xfc, 0x0,
    0x3f, 0x40, 0x9, 0x0, 0x0, 0x7f, 0xf8, 0x0,
    0x4, 0x0, 0x0, 0x0, 0x0, 0x3f, 0xf0, 0x0,
    0x0, 0x0, 0x0, 0x0, 0x0, 0xf, 0x80, 0x0,

    /* U+8BEF "误" */
    0x0, 0x4, 0x0, 0x0, 0x0, 0x0, 0x0, 0x0,
    0x0, 0xfd, 0x0, 0xf, 0xff, 0xff, 0xff, 0x40,
    0x7, 0xfc, 0x0, 0xff, 0xff, 0xff, 0xff, 0x0,
    0x1f, 0xfc, 0x3, 0xff, 0xff, 0xff, 0xfc, 0x0,
    0x2f, 0xf4, 0x1f, 0xe5, 0x55, 0x6f, 0xe0, 0x0,
    0x3f, 0xc0, 0xbf, 0x0, 0x0, 0x7f, 0x80, 0x0,
    0x28, 0x2, 0xfc, 0x0, 0x2, 0xfd, 0x0, 0x0,
    0x0, 0xf, 0xff, 0xff, 0xff, 0xf0, 0x0, 0x0,
    0x0, 0x3f, 0xff, 0xff, 0xff, 0xc0, 0x6a, 0xb8,
    0x0, 0xff, 0xff, 0xff, 0xfe, 0x7, 0xff, 0xf4,
    0x0, 0xaa, 0xaa, 0xaa, 0x90, 0x2f, 0xff, 0xd0,
    0x0, 0x0, 0x0, 0x0, 0x0, 0x3f, 0xff, 0x0,
    0x15, 0x55, 0x55, 0x55, 0x0, 0x3, 0xfc, 0x7,
    0xff, 0xff, 0xff, 0xfe, 0x0, 0xf, 0xe0, 0x2f,
    0xff, 0xff, 0xff, 0xf8, 0x0, 0x7f, 0x80, 0x7f,
    0xff, 0xff, 0xff, 0xc0, 0x1, 0xfd, 0x0, 0x0,
    0x1f, 0xd0, 0x0, 0x0, 0xb, 0xf0, 0x0, 0x0,
    0xbf, 0x0, 0x0, 0x0, 0x3f, 0xc0, 0x2a, 0xab,
    0xfe, 0xaa, 0xa0, 0x0, 0xff, 0x7, 0xff, 0xff,
    0xff, 0xff, 0xf0, 0x3, 0xf8, 0x2f, 0xff, 0xff,
    0xff, 0xff, 0xc0, 0x1f, 0xe0, 0x3f, 0xff, 0xff,
    0xff, 0xf8, 0x0, 0xbf, 0xf8, 0x0, 0x3f, 0xff,
    0x0, 0x0, 0x2, 0xff, 0xf0, 0x2, 0xff, 0xfe,
    0x0, 0x0, 0xf, 0xff, 0x80, 0x3f, 0xfb, 0xfe,
    0x0, 0x0, 0xbf, 0xf8, 0x7, 0xff, 0x4f, 0xff,
    0x40, 0x3, 0xff, 0x41, 0xff, 0xf4, 0xf, 0xff,
    0x40, 0xf, 0xe0, 0xf, 0xff, 0x40, 0x1f, 0xfe,
    0x0, 0x14, 0x0, 0x7f, 0xe0, 0x0, 0xf, 0xf0,
    0x0, 0x0, 0x0, 0xf8, 0x0, 0x0, 0x5, 0x0,
    0x0,

    /* U+8BF7 "请" */
    0x0, 0x0, 0x0, 0x0, 0x0, 0x0, 0x0, 0x0,
    0x0, 0x0, 0x0, 0x0, 0x0, 0xf8, 0x0, 0x0,
    0x3, 0xe0, 0x0, 0x0, 0xf, 0xf0, 0x0, 0x0,
    0x2f, 0xe0, 0x7, 0xff, 0xff, 0xff, 0xfd, 0x0,
    0xbf, 0xe0, 0x3f, 0xff, 0xff, 0xff, 0xf8, 0x0,
    0xff, 0xc0, 0x7f, 0xff, 0xff, 0xff, 0x80, 0x0,
    0xff, 0x0, 0x0, 0x2f, 0xd0, 0x0, 0x0, 0x0,
    0xa0, 0x7, 0xff, 0xff, 0xff, 0xe0, 0x0, 0x0,
    0x0, 0x3f, 0xff, 0xff, 0xff, 0xc0, 0x0, 0x0,
    0x0, 0x2a, 0xaf, 0xfa, 0xa8, 0x0, 0x55, 0x40,
    0x0, 0x0, 0x3f, 0x80, 0x0, 0xf, 0xff, 0xc0,
    0xbf, 0xff, 0xff, 0xff, 0xfc, 0xbf, 0xff, 0xb,
    0xff, 0xff, 0xff, 0xff, 0xf5, 0xff, 0xfc, 0xb,
    0xff, 0xff, 0xff, 0xff, 0x41, 0xaf, 0xe0, 0x0,
    0x0, 0x0, 0x0, 0x0, 0x0, 0x7f, 0x80, 0x1f,
    0xff, 0xff, 0xff, 0x0, 0x1, 0xfd, 0x0, 0xff,
    0xff, 0xff, 0xfe, 0x0, 0xb, 0xf0, 0x7, 0xff,
    0xff, 0xff, 0xf4, 0x0, 0x3f, 0xc0, 0x1f, 0xc0,
    0x0, 0x2f, 0xc0, 0x0, 0xff, 0x0, 0xbf, 0x6a,
    0xaa, 0xff, 0x0, 0x3, 0xf8, 0x3, 0xff, 0xff,
    0xff, 0xfc, 0x0, 0x1f, 0xd0, 0xf, 0xff, 0xff,
    0xff, 0xe0, 0x0, 0xbf, 0xbd, 0x3f, 0x80, 0x0,
    0x7f, 0x40, 0x2, 0xff, 0xf9, 0xfe, 0xaa, 0xaa,
    0xfd, 0x0, 0xf, 0xff, 0xdb, 0xff, 0xff, 0xff,
    0xf0, 0x0, 0x7f, 0xfd, 0x2f, 0xff, 0xff, 0xff,
    0xc0, 0x3, 0xff, 0x80, 0xff, 0x0, 0x0, 0xff,
    0x0, 0x1f, 0xf4, 0x3, 0xf8, 0x0, 0x1b, 0xf8,
    0x0, 0x7f, 0x0, 0xf, 0xd0, 0x3, 0xff, 0xd0,
    0x0, 0x0, 0x0, 0x7f, 0x0, 0x2f, 0xfe, 0x0,
    0x0, 0x0, 0x0, 0xf4, 0x0, 0x3f, 0x90, 0x0,
    0x0,

    /* U+8D25 "败" */
    0x0, 0x0, 0x0, 0x0, 0x0, 0x0, 0x40, 0x0,
    0x0, 0x1, 0xaa, 0xaa, 0xa0, 0x0, 0xf8, 0x0,
    0x0, 0x1, 0xff, 0xff, 0xff, 0x0, 0xff, 0x0,
    0x0, 0x0, 0xff, 0xff, 0xff, 0xc0, 0x3f, 0x80,
    0x0, 0x0, 0x3f, 0xff, 0xff, 0xe0, 0x2f, 0xc0,
    0x0, 0x0, 0xf, 0xc0, 0x3, 0xf8, 0xf, 0xf5,
    0x55, 0x40, 0x7, 0xf0, 0x50, 0xfd, 0xb, 0xff,
    0xff, 0xf8, 0x2, 0xf8, 0xbc, 0x3f, 0x3, 0xff,
    0xff, 0xfe, 0x0, 0xbd, 0x3f, 0x5f, 0xc3, 0xff,
    0xff, 0xfe, 0x0, 0x3f, 0x5f, 0xcb, 0xf1, 0xfe,
    0x0, 0xfe, 0x0, 0xf, 0xc7, 0xf2, 0xf8, 0xff,
    0x0, 0x3f, 0x0, 0x3, 0xf2, 0xfc, 0xfe, 0xff,
    0x40, 0x1f, 0xc0, 0x1, 0xfc, 0xfe, 0x3f, 0xff,
    0xe0, 0xf, 0xe0, 0x0, 0xbe, 0x3f, 0x4f, 0xff,
    0xf8, 0x3, 0xf0, 0x0, 0x2f, 0x4f, 0xd7, 0xf7,
    0xff, 0x2, 0xfc, 0x0, 0xf, 0xd7, 0xf2, 0xfc,
    0x1f, 0xc0, 0xfd, 0x0, 0x3, 0xf2, 0xfc, 0xbe,
    0x7, 0xf4, 0x7f, 0x0, 0x0, 0xfc, 0xbe, 0x3f,
    0x40, 0xfe, 0x3f, 0x40, 0x0, 0x7f, 0x3f, 0x4f,
    0xd0, 0x3f, 0xdf, 0xc0, 0x0, 0x2f, 0x8f, 0xc3,
    0xf0, 0xb, 0xff, 0xd0, 0x0, 0x7, 0xcb, 0xf0,
    0xf8, 0x0, 0xff, 0xf0, 0x0, 0x0, 0x43, 0xf4,
    0x4, 0x0, 0x3f, 0xf0, 0x0, 0x0, 0x2, 0xfc,
    0x0, 0x0, 0xb, 0xfc, 0x0, 0x0, 0x0, 0xfe,
    0x7c, 0x0, 0xb, 0xff, 0xc0, 0x0, 0x0, 0xff,
    0x3f, 0x80, 0xb, 0xff, 0xf8, 0x0, 0x0, 0xff,
    0xb, 0xf0, 0x1f, 0xff, 0xff, 0x80, 0x0, 0xff,
    0x41, 0xfe, 0xf, 0xfc, 0x3f, 0xf4, 0x0, 0xff,
    0x80, 0x3f, 0x8b, 0xf8, 0x3, 0xfe, 0x0, 0x7f,
    0x40, 0x3, 0xc1, 0xf4, 0x0, 0x3f, 0x0, 0xf,
    0x40, 0x0, 0x0, 0x0, 0x0, 0x0, 0x0, 0x0,
    0x0, 0x0, 0x0, 0x0, 0x0, 0x0, 0x0, 0x0,

    /* U+8FDE "连" */
    0x0, 0x0, 0x10, 0x0, 0x0, 0x68, 0x0, 0x0,
    0x0, 0x0, 0x1f, 0x80, 0x0, 0x1f, 0xe0, 0x0,
    0x0, 0x0, 0x3, 0xfd, 0x0, 0x3, 0xfe, 0x0,
    0x0, 0x0, 0x0, 0x2f, 0xf0, 0x3f, 0xff, 0xff,
    0xff, 0xfc, 0x0, 0x0, 0xff, 0x4f, 0xff, 0xff,
    0xff, 0xff, 0xe0, 0x0, 0xb, 0xf4, 0xff, 0xff,
    0xff, 0xff, 0xfc, 0x0, 0x0, 0x3e, 0x1, 0x7f,
    0xd5, 0x55, 0x55, 0x0, 0x0, 0x0, 0x0, 0xb,
    0xf8, 0x19, 0x0, 0x0, 0x0, 0x0, 0x0, 0x1,
    0xff, 0x7, 0xf0, 0x0, 0x0, 0x0, 0x0, 0x0,
    0x3f, 0xc0, 0xff, 0x40, 0x0, 0x0, 0x2a, 0xa0,
    0xf, 0xfe, 0xaf, 0xfa, 0xa4, 0x0, 0xf, 0xff,
    0x81, 0xff, 0xff, 0xff, 0xff, 0xc0, 0x2, 0xff,
    0xfc, 0x1f, 0xff, 0xff, 0xff, 0xfc, 0x0, 0xf,
    0xff, 0x80, 0x7f, 0xff, 0xff, 0xff, 0x40, 0x0,
    0x7, 0xf4, 0x0, 0x0, 0x2f, 0xe0, 0x0, 0x0,
    0x0, 0xbf, 0x40, 0x0, 0x3, 0xfd, 0x0, 0x0,
    0x0, 0xb, 0xf0, 0x0, 0x0, 0x3f, 0xc0, 0x0,
    0x0, 0x0, 0xff, 0xb, 0xff, 0xff, 0xff, 0xff,
    0xc0, 0x0, 0xf, 0xf2, 0xff, 0xff, 0xff, 0xff,
    0xfd, 0x0, 0x0, 0xfe, 0x2f, 0xff, 0xff, 0xff,
    0xff, 0xc0, 0x0, 0x1f, 0xd0, 0xaa, 0xaa, 0xff,
    0xea, 0xa0, 0x0, 0x2, 0xfd, 0x0, 0x0, 0xf,
    0xf0, 0x0, 0x0, 0x0, 0x3f, 0xc0, 0x0, 0x0,
    0xff, 0x0, 0x0, 0x0, 0x1f, 0xfd, 0x0, 0x0,
    0xf, 0xe0, 0x0, 0x0, 0xb, 0xff, 0xf8, 0x0,
    0x0, 0xb8, 0x0, 0x0, 0x3, 0xff, 0xff, 0xf9,
    0x0, 0x0, 0x0, 0x4, 0x0, 0x7f, 0xe2, 0xff,
    0xff, 0xff, 0xff, 0xff, 0xf0, 0x7, 0xf8, 0x7,
    0xff, 0xff, 0xff, 0xff, 0xff, 0x40, 0x2e, 0x0,
    0x1f, 0xff, 0xff, 0xff, 0xff, 0xf0, 0x0, 0x0,
    0x0, 0x1b, 0xff, 0xff, 0xff, 0xf8, 0x0, 0x0,
    0x0, 0x0, 0x0, 0x0, 0x0, 0x0, 0x0, 0x0,

    /* U+91CD "重" */
    0x0, 0x0, 0x0, 0x0, 0x0, 0x0, 0x0, 0x0,
    0x0, 0x0, 0x0, 0x0, 0x0, 0x1, 0x5a, 0xff,
    0x40, 0x0, 0x0, 0x1b, 0xff, 0xff, 0xff, 0xff,
    0xf8, 0x0, 0x0, 0x7, 0xff, 0xff, 0xff, 0xff,
    0xff, 0x0, 0x0, 0x0, 0x7f, 0xff, 0xff, 0xff,
    0xa5, 0x0, 0x0, 0x0, 0x0, 0x55, 0x42, 0xfd,
    0x0, 0x0, 0x0, 0x0, 0x1, 0x55, 0x55, 0x7f,
    0xe5, 0x55, 0x55, 0x0, 0x2, 0xff, 0xff, 0xff,
    0xff, 0xff, 0xff, 0xfd, 0x0, 0x3f, 0xff, 0xff,
    0xff, 0xff, 0xff, 0xff, 0xd0, 0x1, 0xff, 0xff,
    0xff, 0xff, 0xff, 0xff, 0xf4, 0x0, 0x0, 0x0,
    0x0, 0x7f, 0x80, 0x0, 0x0, 0x0, 0x0, 0xb,
    0xff, 0xff, 0xff, 0xff, 0xfd, 0x0, 0x0, 0x2,
    0xff, 0xff, 0xff, 0xff, 0xff, 0xe0, 0x0, 0x0,
    0x3f, 0xea, 0xaf, 0xfa, 0xab, 0xfe, 0x0, 0x0,
    0x3, 0xfd, 0x55, 0xff, 0x55, 0x7f, 0xd0, 0x0,
    0x0, 0x7f, 0xff, 0xff, 0xff, 0xff, 0xfc, 0x0,
    0x0, 0x7, 0xff, 0xff, 0xff, 0xff, 0xff, 0xc0,
    0x0, 0x0, 0xbf, 0x40, 0x2f, 0xd0, 0x7, 0xfc,
    0x0, 0x0, 0xf, 0xfa, 0xab, 0xfe, 0xaa, 0xff,
    0x80, 0x0, 0x0, 0xff, 0xff, 0xff, 0xff, 0xff,
    0xf4, 0x0, 0x0, 0x7, 0xff, 0xff, 0xff, 0xff,
    0xfe, 0x0, 0x0, 0x0, 0x0, 0x0, 0x7f, 0x80,
    0x0, 0x0, 0x0, 0x0, 0x2f, 0xff, 0xff, 0xff,
    0xff, 0xff, 0x40, 0x0, 0xb, 0xff, 0xff, 0xff,
    0xff, 0xff, 0xfc, 0x0, 0x0, 0x7f, 0xff, 0xff,
    0xff, 0xff, 0xff, 0x40, 0x0, 0x0, 0x0, 0x0,
    0xff, 0x0, 0x0, 0x0, 0x0, 0x0, 0x0, 0x0,
    0x1f, 0xf0, 0x0, 0x0, 0x0, 0x1, 0xff, 0xff,
    0xff, 0xff, 0xff, 0xff, 0xfe, 0x0, 0x3f, 0xff,
    0xff, 0xff, 0xff, 0xff, 0xff, 0xf0, 0x2, 0xff,
    0xff, 0xff, 0xff, 0xff, 0xff, 0xfe, 0x0, 0x0,
    0x0, 0x0, 0x0, 0x0, 0x0, 0x0, 0x0, 0x0,

    /* U+949F "钟" */
    0x0, 0x0, 0x0, 0x0, 0x0, 0x0, 0x0, 0x0,
    0x0, 0x9, 0x0, 0x0, 0x0, 0x2f, 0x0, 0x0,
    0x1, 0xfc, 0x0, 0x0, 0x2, 0xfc, 0x0, 0x0,
    0xf, 0xf0, 0x0, 0x0, 0xf, 0xf0, 0x0, 0x0,
    0xbf, 0xff, 0xd0, 0x0, 0x3f, 0xc0, 0x0, 0xb,
    0xff, 0xff, 0xc0, 0x0, 0xff, 0x0, 0x0, 0x7f,
    0xff, 0xfe, 0x0, 0x7, 0xf8, 0x0, 0x7, 0xfe,
    0xaa, 0x90, 0xbf, 0xff, 0xff, 0xf8, 0x2f, 0xe0,
    0x0, 0xb, 0xff, 0xff, 0xff, 0xf4, 0xbe, 0x0,
    0x0, 0x3f, 0xff, 0xff, 0xff, 0xe0, 0xab, 0xff,
    0xe0, 0xff, 0xff, 0xff, 0xff, 0x40, 0xbf, 0xff,
    0xd7, 0xf4, 0x7f, 0xc3, 0xfc, 0x2, 0xff, 0xff,
    0x2f, 0xc1, 0xfe, 0xf, 0xf0, 0x2, 0xff, 0xa0,
    0xbf, 0xb, 0xf4, 0x3f, 0xc0, 0x3, 0xf8, 0x3,
    0xf8, 0x2f, 0xc0, 0xfe, 0x0, 0x1f, 0xd0, 0xf,
    0xe0, 0xff, 0x7, 0xf4, 0x5, 0xbf, 0x94, 0x7f,
    0x43, 0xfc, 0x2f, 0xd1, 0xff, 0xff, 0xf5, 0xff,
    0xff, 0xff, 0xff, 0xf, 0xff, 0xff, 0xeb, 0xff,
    0xff, 0xff, 0xfc, 0x2f, 0xff, 0xff, 0x3f, 0xff,
    0xff, 0xff, 0xe0, 0x1, 0xfe, 0x0, 0xff, 0xff,
    0xff, 0xff, 0x80, 0x7, 0xf4, 0x3, 0xf0, 0x3f,
    0xc0, 0xfc, 0x0, 0x2f, 0xc0, 0x2, 0x0, 0xff,
    0x0, 0x40, 0x0, 0xff, 0x0, 0x0, 0x7, 0xf8,
    0x0, 0x0, 0x3, 0xfe, 0xf8, 0x0, 0x2f, 0xd0,
    0x0, 0x0, 0xf, 0xff, 0xe0, 0x0, 0xbf, 0x40,
    0x0, 0x0, 0xbf, 0xff, 0x0, 0x3, 0xfc, 0x0,
    0x0, 0x7, 0xff, 0xe0, 0x0, 0xf, 0xf0, 0x0,
    0x0, 0x2f, 0xf8, 0x0, 0x0, 0x3f, 0xc0, 0x0,
    0x0, 0xb9, 0x0, 0x0, 0x1, 0xfd, 0x0, 0x0,
    0x0, 0x0, 0x0, 0x0, 0x2, 0xe0, 0x0, 0x0,
    0x0,

    /* U+9519 "错" */
    0x0, 0x0, 0x0, 0x0, 0x0, 0x0, 0x0, 0x0,
    0x0, 0x19, 0x0, 0x0, 0x1f, 0x0, 0xfc, 0x0,
    0x1, 0xfc, 0x0, 0x0, 0xfd, 0x7, 0xf0, 0x0,
    0xf, 0xf0, 0x0, 0x7, 0xf4, 0x2f, 0xc0, 0x0,
    0xbf, 0xff, 0x80, 0xbf, 0xea, 0xff, 0x90, 0xb,
    0xff, 0xff, 0x5f, 0xff, 0xff, 0xff, 0xe0, 0xbf,
    0xff, 0xfd, 0xbf, 0xff, 0xff, 0xff, 0x47, 0xff,
    0xff, 0xd0, 0xbf, 0xff, 0xff, 0xf8, 0x2f, 0xd0,
    0x0, 0x0, 0x3f, 0x42, 0xfc, 0x0, 0xbd, 0x0,
    0x0, 0x1, 0xfd, 0xf, 0xf0, 0x0, 0x6f, 0xff,
    0xe0, 0xb, 0xf0, 0x3f, 0xc0, 0x0, 0xff, 0xff,
    0xcb, 0xff, 0xff, 0xff, 0xfc, 0x3, 0xff, 0xfe,
    0x7f, 0xff, 0xff, 0xff, 0xf4, 0x2, 0xfe, 0x90,
    0xff, 0xff, 0xff, 0xff, 0xc0, 0x7, 0xf4, 0x0,
    0x55, 0x55, 0x55, 0x54, 0x0, 0x2f, 0xc0, 0x0,
    0x0, 0x0, 0x0, 0x0, 0x1a, 0xff, 0xa4, 0x7,
    0xff, 0xff, 0xf8, 0x2, 0xff, 0xff, 0xf4, 0x3f,
    0xff, 0xff, 0xf4, 0xf, 0xff, 0xff, 0xd1, 0xff,
    0xff, 0xff, 0xd0, 0x1f, 0xff, 0xfe, 0xb, 0xf5,
    0x55, 0xbf, 0x40, 0x1, 0xfc, 0x0, 0x3f, 0xc0,
    0x2, 0xfc, 0x0, 0xb, 0xf0, 0x0, 0xff, 0xff,
    0xff, 0xf0, 0x0, 0x3f, 0xc0, 0x3, 0xff, 0xff,
    0xff, 0xc0, 0x0, 0xfe, 0x0, 0x1f, 0xff, 0xff,
    0xfe, 0x0, 0x3, 0xff, 0xe0, 0xbf, 0x55, 0x5b,
    0xf4, 0x0, 0x1f, 0xff, 0xc2, 0xfc, 0x0, 0x2f,
    0xc0, 0x0, 0xff, 0xfd, 0xf, 0xf5, 0x54, 0xbf,
    0x0, 0x7, 0xff, 0xd0, 0x3f, 0xff, 0xff, 0xfc,
    0x0, 0x2f, 0xe4, 0x0, 0xff, 0xff, 0xff, 0xe0,
    0x0, 0x68, 0x0, 0x7, 0xff, 0xff, 0xff, 0x40,
    0x0, 0x0, 0x0, 0xf, 0x40, 0x0, 0x74, 0x0,
    0x0,

    /* U+952E "键" */
    0x0, 0x0, 0x0, 0x0, 0x0, 0x0, 0x0, 0x0,
    0x0, 0x1, 0xf4, 0x0, 0x0, 0x0, 0x1e, 0x0,
    0x0, 0x0, 0xfd, 0x0, 0xb9, 0xd0, 0xf, 0xc0,
    0x0, 0x0, 0xbf, 0x50, 0xff, 0xfc, 0xbf, 0xff,
    0xd0, 0x0, 0x7f, 0xff, 0x3f, 0xff, 0x7f, 0xff,
    0xfc, 0x0, 0x3f, 0xff, 0xc7, 0xff, 0x4b, 0xff,
    0xff, 0x0, 0x3f, 0xff, 0xd0, 0x1f, 0xc0, 0x3f,
    0x4f, 0x80, 0x1f, 0xe0, 0x0, 0xf, 0xd7, 0xff,
    0xff, 0xf8, 0xf, 0xf0, 0x0, 0xb, 0xe3, 0xff,
    0xff, 0xff, 0x2, 0xf4, 0x0, 0x3, 0xf0, 0xbf,
    0xff, 0xff, 0x40, 0xf, 0xff, 0xc3, 0xf8, 0x0,
    0x7e, 0x2f, 0x0, 0xb, 0xff, 0xf5, 0xfd, 0x0,
    0x2f, 0x4f, 0xc0, 0x2, 0xff, 0xfc, 0xff, 0xf1,
    0xff, 0xff, 0xe0, 0x0, 0x1f, 0xd4, 0xbf, 0xfc,
    0xff, 0xff, 0xf0, 0x0, 0x7, 0xf0, 0x2f, 0xff,
    0xa, 0xfe, 0xa0, 0x0, 0x2, 0xf8, 0x0, 0x1f,
    0x80, 0x7e, 0x0, 0x0, 0xb, 0xff, 0xe0, 0xb,
    0xd3, 0xff, 0xff, 0x80, 0xf, 0xff, 0xfd, 0x3,
    0xf2, 0xff, 0xff, 0xf0, 0x3, 0xff, 0xff, 0x24,
    0xfc, 0x7f, 0xff, 0xf4, 0x0, 0x6f, 0xfa, 0x2f,
    0xbe, 0x0, 0xfc, 0x0, 0x0, 0x1, 0xfc, 0xb,
    0xff, 0x1b, 0xff, 0xfe, 0x40, 0x0, 0xbe, 0x2,
    0xff, 0xcf, 0xff, 0xff, 0xf0, 0x0, 0x3f, 0x40,
    0x7f, 0xd3, 0xff, 0xff, 0xf4, 0x0, 0xf, 0xd5,
    0xf, 0xf0, 0x3, 0xf4, 0x0, 0x0, 0x3, 0xff,
    0xd3, 0xfc, 0x0, 0xfc, 0x0, 0x0, 0x1, 0xff,
    0xf2, 0xff, 0x80, 0x2d, 0x0, 0x0, 0x0, 0xff,
    0xf1, 0xff, 0xf8, 0x0, 0x0, 0x0, 0x0, 0x7f,
    0xd1, 0xff, 0xff, 0xf9, 0x40, 0x0, 0x0, 0x3f,
    0x80, 0xff, 0xf, 0xff, 0xff, 0xff, 0x0, 0x6,
    0x0, 0x7f, 0x0, 0xbf, 0xff, 0xff, 0xc0, 0x0,
    0x0, 0x1f, 0x0, 0x1, 0xbf, 0xff, 0xd0, 0x0,

    /* U+95F4 "间" */
    0x0, 0x0, 0x50, 0x0, 0x0, 0x0, 0x0, 0x0,
    0x0, 0x0, 0x3f, 0x40, 0x2a, 0xaa, 0xaa, 0xaa,
    0xa0, 0x0, 0x7, 0xfc, 0xf, 0xff, 0xff, 0xff,
    0xff, 0xc0, 0x0, 0x3f, 0xe1, 0xff, 0xff, 0xff,
    0xff, 0xfc, 0x0, 0x2, 0xfe, 0xf, 0xff, 0xff,
    0xff, 0xff, 0x80, 0x0, 0xb, 0xc0, 0x0, 0x0,
    0x0, 0xb, 0xf8, 0x0, 0x0, 0x0, 0x0, 0x0,
    0x0, 0x0, 0xff, 0x40, 0x1, 0x40, 0x0, 0x0,
    0x0, 0x0, 0xf, 0xf0, 0x0, 0xbf, 0x0, 0x0,
    0x0, 0x0, 0x0, 0xff, 0x0, 0xf, 0xf0, 0x1f,
    0xff, 0xff, 0xf0, 0x1f, 0xf0, 0x0, 0xff, 0x3,
    0xff, 0xff, 0xff, 0x41, 0xfe, 0x0, 0x1f, 0xe0,
    0x3f, 0xff, 0xff, 0xf0, 0x2f, 0xe0, 0x2, 0xfe,
    0x7, 0xf0, 0x0, 0xff, 0x3, 0xfd, 0x0, 0x3f,
    0xd0, 0xbf, 0x0, 0xf, 0xf0, 0x3f, 0xc0, 0x3,
    0xfc, 0xb, 0xf0, 0x1, 0xfe, 0x3, 0xfc, 0x0,
    0x3f, 0xc0, 0xff, 0xff, 0xff, 0xd0, 0x7f, 0xc0,
    0x7, 0xfc, 0xf, 0xff, 0xff, 0xfd, 0xb, 0xf8,
    0x0, 0x7f, 0x80, 0xff, 0xff, 0xff, 0xc0, 0xbf,
    0x40, 0xb, 0xf8, 0x1f, 0xc0, 0x3, 0xfc, 0xf,
    0xf4, 0x0, 0xff, 0x42, 0xfc, 0x0, 0x3f, 0x80,
    0xff, 0x0, 0xf, 0xf0, 0x3f, 0xc0, 0x3, 0xf8,
    0xf, 0xf0, 0x0, 0xff, 0x3, 0xff, 0xff, 0xff,
    0x41, 0xff, 0x0, 0x1f, 0xf0, 0x3f, 0xff, 0xff,
    0xf0, 0x2f, 0xe0, 0x2, 0xfe, 0x2, 0xff, 0xff,
    0xfd, 0x2, 0xfd, 0x0, 0x2f, 0xd0, 0x0, 0x0,
    0x0, 0x0, 0x3f, 0xd0, 0x3, 0xfd, 0x0, 0x0,
    0x0, 0x0, 0x3, 0xfc, 0x0, 0x3f, 0xc0, 0x0,
    0x0, 0x0, 0x1, 0xbf, 0xc0, 0x3, 0xfc, 0x0,
    0x0, 0x0, 0x0, 0xbf, 0xf8, 0x0, 0x7f, 0x80,
    0x0, 0x0, 0x0, 0xf, 0xff, 0x0, 0x2, 0xe0,
    0x0, 0x0, 0x0, 0x0, 0x7f, 0x80, 0x0, 0x0,
    0x0, 0x0, 0x0, 0x0, 0x0, 0x0, 0x0, 0x0,

    /* U+9634 "阴" */
    0x0, 0x0, 0x0, 0x0, 0x0, 0x0, 0x0, 0x0,
    0x0, 0x2, 0xff, 0xff, 0x40, 0xaf, 0xff, 0xff,
    0x80, 0x2, 0xff, 0xff, 0xf0, 0xff, 0xff, 0xff,
    0xf8, 0x0, 0xff, 0xff, 0xfc, 0x7f, 0xff, 0xff,
    0xfe, 0x0, 0x3f, 0xeb, 0xfe, 0x2f, 0xff, 0xff,
    0xff, 0x40, 0xf, 0xe0, 0xff, 0xb, 0xf0, 0x0,
    0x2f, 0xc0, 0x7, 0xf4, 0x7f, 0x83, 0xfc, 0x0,
    0xf, 0xf0, 0x2, 0xfc, 0x3f, 0xc0, 0xff, 0x0,
    0x3, 0xfc, 0x0, 0xbf, 0xf, 0xe0, 0x3f, 0xea,
    0xaa, 0xfe, 0x0, 0x3f, 0xcb, 0xf0, 0x1f, 0xff,
    0xff, 0xff, 0x80, 0xf, 0xe3, 0xf4, 0xb, 0xff,
    0xff, 0xff, 0xd0, 0x7, 0xf4, 0xff, 0x2, 0xff,
    0xff, 0xff, 0xf0, 0x1, 0xfd, 0x2f, 0xc0, 0xff,
    0x0, 0x3, 0xfc, 0x0, 0xbf, 0x7, 0xf4, 0x3f,
    0xc0, 0x0, 0xff, 0x0, 0x3f, 0xc0, 0xfe, 0x1f,
    0xe0, 0x0, 0x7f, 0x80, 0xf, 0xf0, 0x3f, 0x87,
    0xf4, 0x0, 0x1f, 0xd0, 0x3, 0xf8, 0xf, 0xe2,
    0xff, 0xff, 0xff, 0xf4, 0x1, 0xfd, 0x7, 0xf4,
    0xff, 0xff, 0xff, 0xfc, 0x0, 0x7f, 0x47, 0xfc,
    0x3f, 0xff, 0xff, 0xff, 0x0, 0x2f, 0xcf, 0xff,
    0x1f, 0xfa, 0xaa, 0xbf, 0xc0, 0xf, 0xf3, 0xff,
    0x4f, 0xf0, 0x0, 0x1f, 0xe0, 0x3, 0xf8, 0xff,
    0x83, 0xfc, 0x0, 0x7, 0xf4, 0x0, 0xfe, 0xa,
    0x2, 0xfd, 0x0, 0x2, 0xfc, 0x0, 0x7f, 0x40,
    0x0, 0xff, 0x0, 0x0, 0xff, 0x0, 0x2f, 0xc0,
    0x0, 0xbf, 0x80, 0x0, 0x3f, 0xc0, 0xb, 0xf0,
    0x0, 0x7f, 0xc0, 0x0, 0xf, 0xe0, 0x3, 0xfc,
    0x0, 0x3f, 0xd0, 0x0, 0xbf, 0xf8, 0x0, 0xfe,
    0x0, 0x1f, 0xe0, 0x0, 0xbf, 0xfc, 0x0, 0x3f,
    0x40, 0x7, 0xf0, 0x0, 0x3f, 0xfe, 0x0, 0xb,
    0x80, 0x0, 0xa0, 0x0, 0x7, 0xf9, 0x0, 0x0,
    0x0, 0x0, 0x0, 0x0, 0x0, 0x0, 0x0, 0x0,

    /* U+9635 "阵" */
    0x0, 0x0, 0x0, 0x0, 0x0, 0xb, 0x80, 0x0,
    0x0, 0x0, 0x6f, 0xaa, 0x0, 0x2, 0xfc, 0x0,
    0x0, 0x0, 0x2f, 0xff, 0xfc, 0x0, 0x3f, 0xc0,
    0x0, 0x0, 0x3, 0xff, 0xff, 0xc6, 0xaf, 0xfe,
    0xaa, 0xa0, 0x0, 0x3f, 0xff, 0xfa, 0xff, 0xff,
    0xff, 0xff, 0xc0, 0x7, 0xf4, 0xbf, 0x3f, 0xff,
    0xff, 0xff, 0xfc, 0x0, 0xbf, 0xf, 0xe1, 0xff,
    0xff, 0xff, 0xff, 0x0, 0xb, 0xf2, 0xfc, 0x0,
    0xbf, 0x40, 0x0, 0x0, 0x0, 0xff, 0x3f, 0x80,
    0x1f, 0xf0, 0x40, 0x0, 0x0, 0xf, 0xe7, 0xf0,
    0x3, 0xfd, 0x3f, 0x0, 0x0, 0x1, 0xfd, 0xfe,
    0x0, 0xbf, 0x8b, 0xf4, 0x0, 0x0, 0x1f, 0xcf,
    0xe0, 0xf, 0xf0, 0xff, 0x0, 0x0, 0x2, 0xfc,
    0xbf, 0x3, 0xfd, 0xf, 0xf0, 0x0, 0x0, 0x3f,
    0xc7, 0xf4, 0xbf, 0xff, 0xff, 0xff, 0x80, 0x3,
    0xf8, 0x3f, 0x8f, 0xff, 0xff, 0xff, 0xfc, 0x0,
    0x3f, 0x83, 0xf8, 0xbf, 0xff, 0xff, 0xff, 0xc0,
    0x7, 0xf4, 0x3f, 0x80, 0xaa, 0xbf, 0xea, 0x90,
    0x0, 0x7f, 0x3, 0xf4, 0x0, 0x3, 0xfc, 0x0,
    0x0, 0xb, 0xf0, 0xbf, 0x0, 0x0, 0x3f, 0xc0,
    0x0, 0x0, 0xff, 0x7f, 0xf0, 0x0, 0x3, 0xf8,
    0x0, 0x0, 0xf, 0xeb, 0xfd, 0x2a, 0xaa, 0xff,
    0xea, 0x90, 0x0, 0xfd, 0xbf, 0x8f, 0xff, 0xff,
    0xff, 0xff, 0x40, 0x1f, 0xd2, 0x81, 0xff, 0xff,
    0xff, 0xff, 0xf4, 0x2, 0xfc, 0x0, 0xf, 0xff,
    0xff, 0xff, 0xfe, 0x0, 0x2f, 0xc0, 0x0, 0x0,
    0x0, 0xff, 0x0, 0x0, 0x3, 0xfc, 0x0, 0x0,
    0x0, 0x1f, 0xe0, 0x0, 0x0, 0x3f, 0x80, 0x0,
    0x0, 0x1, 0xfe, 0x0, 0x0, 0x7, 0xf4, 0x0,
    0x0, 0x0, 0x2f, 0xd0, 0x0, 0x0, 0x7f, 0x0,
    0x0, 0x0, 0x2, 0xfc, 0x0, 0x0, 0x2, 0xd0,
    0x0, 0x0, 0x0, 0xf, 0x40, 0x0, 0x0,

    /* U+96E8 "雨" */
    0x0, 0x6a, 0xaa, 0xaa, 0xaa, 0xaa, 0xaa, 0xa9,
    0x0, 0x7f, 0xff, 0xff, 0xff, 0xff, 0xff, 0xff,
    0xc0, 0x2f, 0xff, 0xff, 0xff, 0xff, 0xff, 0xff,
    0xf4, 0x7, 0xff, 0xff, 0xff, 0xff, 0xff, 0xff,
    0xf8, 0x0, 0x55, 0x55, 0x57, 0xfd, 0x55, 0x55,
    0x50, 0x0, 0x0, 0x0, 0x0, 0xff, 0x0, 0x0,
    0x0, 0x0, 0x0, 0x0, 0x0, 0x3f, 0xc0, 0x0,
    0x0, 0x0, 0x1, 0xaa, 0xaa, 0xbf, 0xfa, 0xaa,
    0xaa, 0x40, 0x1, 0xff, 0xff, 0xff, 0xff, 0xff,
    0xff, 0xf0, 0x0, 0xbf, 0xff, 0xff, 0xff, 0xff,
    0xff, 0xfc, 0x0, 0x3f, 0xff, 0xff, 0xff, 0xff,
    0xff, 0xff, 0x0, 0xf, 0xf0, 0x0, 0x3f, 0xc0,
    0x0, 0x7f, 0x80, 0x3, 0xf8, 0x0, 0xf, 0xf0,
    0x40, 0x2f, 0xd0, 0x1, 0xfe, 0x7f, 0x3, 0xf8,
    0xfd, 0xb, 0xf0, 0x0, 0x7f, 0x5f, 0xf5, 0xfe,
    0x3f, 0xe3, 0xfc, 0x0, 0x2f, 0xc3, 0xfe, 0xbf,
    0x4b, 0xfc, 0xff, 0x0, 0xf, 0xf0, 0x2f, 0x3f,
    0xc0, 0x7e, 0x3f, 0x80, 0x3, 0xfc, 0x0, 0xf,
    0xf0, 0x0, 0x1f, 0xe0, 0x0, 0xfe, 0x10, 0x3,
    0xfc, 0x50, 0xb, 0xf4, 0x0, 0x7f, 0x6f, 0x81,
    0xfe, 0xbf, 0x3, 0xfc, 0x0, 0x2f, 0xdf, 0xf8,
    0x7f, 0xaf, 0xf4, 0xff, 0x0, 0xb, 0xf2, 0xff,
    0x6f, 0xd7, 0xff, 0x3f, 0xc0, 0x3, 0xfc, 0x2f,
    0xdf, 0xf0, 0x3f, 0x9f, 0xe0, 0x0, 0xff, 0x1,
    0xa3, 0xfc, 0x2, 0x87, 0xf4, 0x0, 0x3f, 0x80,
    0x0, 0xff, 0x0, 0x2, 0xfd, 0x0, 0x1f, 0xd0,
    0x0, 0x7f, 0x80, 0x16, 0xff, 0x0, 0xb, 0xf4,
    0x0, 0x1f, 0xd0, 0x1f, 0xff, 0xc0, 0x2, 0xfc,
    0x0, 0xb, 0xf0, 0xf, 0xff, 0xc0, 0x0, 0x3c,
    0x0, 0x0, 0xf4, 0x1, 0xfe, 0x40, 0x0, 0x0,

    /* U+96EA "雪" */
    0x0, 0x0, 0x0, 0x0, 0x0, 0x0, 0x0, 0x0,
    0x0, 0x7f, 0xff, 0xff, 0xff, 0xff, 0xfe, 0x0,
    0x3, 0xff, 0xff, 0xff, 0xff, 0xff, 0xf8, 0x0,
    0x7, 0xff, 0xff, 0xff, 0xff, 0xff, 0x80, 0x0,
    0x0, 0x0, 0x7, 0xf4, 0x0, 0x0, 0x0, 0xb,
    0xff, 0xff, 0xff, 0xff, 0xff, 0xff, 0x80, 0xff,
    0xff, 0xff, 0xff, 0xff, 0xff, 0xff, 0x43, 0xff,
    0xff, 0xff, 0xff, 0xff, 0xff, 0xfd, 0x1f, 0xd0,
    0x0, 0x1f, 0xf0, 0x0, 0xb, 0xf0, 0x7f, 0xa,
    0xa8, 0x7f, 0x86, 0xa9, 0x3f, 0xc2, 0xfc, 0xff,
    0xf6, 0xfd, 0xbf, 0xfc, 0xfe, 0x7, 0xd2, 0xff,
    0x8b, 0xf0, 0xff, 0xd2, 0xf0, 0x4, 0x0, 0x0,
    0x3f, 0xc0, 0x0, 0x1, 0x0, 0x0, 0xbf, 0xf4,
    0xff, 0x2f, 0xfe, 0x0, 0x0, 0x7, 0xff, 0xf3,
    0xf8, 0xff, 0xfc, 0x0, 0x0, 0x6, 0xa9, 0x7,
    0x41, 0xaa, 0x80, 0x0, 0x0, 0x0, 0x0, 0x0,
    0x0, 0x0, 0x0, 0x0, 0x7, 0xff, 0xff, 0xff,
    0xff, 0xfe, 0x0, 0x0, 0x3f, 0xff, 0xff, 0xff,
    0xff, 0xfc, 0x0, 0x0, 0xbf, 0xff, 0xff, 0xff,
    0xff, 0xf0, 0x0, 0x0, 0x0, 0x0, 0x0, 0x0,
    0x3f, 0xc0, 0x0, 0x7, 0xff, 0xff, 0xff, 0xff,
    0xfe, 0x0, 0x0, 0x3f, 0xff, 0xff, 0xff, 0xff,
    0xf4, 0x0, 0x0, 0xbf, 0xff, 0xff, 0xff, 0xff,
    0xc0, 0x0, 0x0, 0x0, 0x0, 0x0, 0x0, 0xff,
    0x0, 0x0, 0x0, 0x0, 0x0, 0x0, 0x7, 0xfc,
    0x0, 0x1, 0xff, 0xff, 0xff, 0xff, 0xff, 0xe0,
    0x0, 0xf, 0xff, 0xff, 0xff, 0xff, 0xff, 0x80,
    0x0, 0x2f, 0xff, 0xff, 0xff, 0xff, 0xfc, 0x0,
    0x0, 0x0, 0x0, 0x0, 0x0, 0x3, 0xd0, 0x0,
    0x0,

    /* U+96F7 "雷" */
    0x0, 0x0, 0x0, 0x0, 0x0, 0x0, 0x0, 0x0,
    0x7, 0xff, 0xff, 0xff, 0xff, 0xff, 0xe0, 0x0,
    0xff, 0xff, 0xff, 0xff, 0xff, 0xfe, 0x0, 0x7,
    0xff, 0xff, 0xff, 0xff, 0xff, 0x80, 0x0, 0x0,
    0x0, 0x1f, 0xd0, 0x0, 0x0, 0x0, 0xbf, 0xff,
    0xff, 0xff, 0xff, 0xff, 0xf8, 0x3f, 0xff, 0xff,
    0xff, 0xff, 0xff, 0xff, 0xd3, 0xff, 0xff, 0xff,
    0xff, 0xff, 0xff, 0xfd, 0x7f, 0x40, 0x0, 0x7f,
    0xc0, 0x0, 0x2f, 0xc7, 0xf0, 0xaa, 0x87, 0xf8,
    0x6a, 0x93, 0xfc, 0xbf, 0x3f, 0xfd, 0xbf, 0x6f,
    0xff, 0x3f, 0xc7, 0xd2, 0xff, 0x8b, 0xf0, 0xff,
    0xd2, 0xf4, 0x10, 0x0, 0x0, 0xff, 0x0, 0x0,
    0x4, 0x0, 0xb, 0xff, 0x8f, 0xf2, 0xff, 0xe0,
    0x0, 0x1, 0xff, 0xfc, 0xfe, 0x3f, 0xff, 0x0,
    0x0, 0x6, 0xa9, 0xf, 0xc1, 0xaa, 0x40, 0x0,
    0x0, 0x0, 0x0, 0x0, 0x0, 0x0, 0x0, 0x0,
    0x7f, 0xff, 0xff, 0xff, 0xff, 0xf0, 0x0, 0xf,
    0xff, 0xff, 0xff, 0xff, 0xff, 0x40, 0x1, 0xff,
    0xff, 0xff, 0xff, 0xff, 0xf4, 0x0, 0x1f, 0xd0,
    0x3, 0xf8, 0x0, 0xff, 0x0, 0x2, 0xff, 0xff,
    0xff, 0xff, 0xff, 0xf0, 0x0, 0x3f, 0xff, 0xff,
    0xff, 0xff, 0xff, 0x0, 0x3, 0xff, 0xff, 0xff,
    0xff, 0xff, 0xe0, 0x0, 0x3f, 0x80, 0xf, 0xf0,
    0x2, 0xfd, 0x0, 0x7, 0xf8, 0x0, 0xff, 0x0,
    0x3f, 0xd0, 0x0, 0xbf, 0xff, 0xff, 0xff, 0xff,
    0xfc, 0x0, 0xb, 0xff, 0xff, 0xff, 0xff, 0xff,
    0xc0, 0x0, 0xff, 0xff, 0xff, 0xff, 0xff, 0xf8,
    0x0, 0x7, 0xc0, 0x0, 0x0, 0x0, 0x19, 0x0,
    0x0,

    /* U+96F9 "雹" */
    0x0, 0x0, 0x0, 0x0, 0x0, 0x0, 0x0, 0x0,
    0x0, 0x7f, 0xff, 0xff, 0xff, 0xff, 0xfe, 0x0,
    0x3, 0xff, 0xff, 0xff, 0xff, 0xff, 0xf8, 0x0,
    0x2, 0xaa, 0xaa, 0xff, 0xaa, 0xaa, 0x40, 0x0,
    0x55, 0x55, 0x5b, 0xf9, 0x55, 0x55, 0x40, 0x1f,
    0xff, 0xff, 0xff, 0xff, 0xff, 0xff, 0xc0, 0xff,
    0xff, 0xff, 0xff, 0xff, 0xff, 0xff, 0x43, 0xf4,
    0x0, 0x3, 0xfc, 0x0, 0x1, 0xfd, 0x1f, 0xd7,
    0xff, 0x4f, 0xf2, 0xff, 0xcb, 0xf0, 0x3f, 0x2f,
    0xfd, 0x7f, 0x8f, 0xff, 0x1f, 0x80, 0x50, 0x0,
    0x2, 0xfd, 0x0, 0x0, 0x14, 0x0, 0x7, 0xff,
    0x8b, 0xf1, 0xff, 0xf0, 0x0, 0x0, 0x3f, 0xff,
    0x2f, 0xcb, 0xff, 0xc0, 0x0, 0x0, 0x4, 0x0,
    0x28, 0x0, 0x0, 0x0, 0x0, 0x1, 0xfc, 0x0,
    0x0, 0x0, 0x0, 0x0, 0x0, 0x1f, 0xff, 0xff,
    0xff, 0xff, 0xfe, 0x0, 0x1, 0xff, 0xff, 0xff,
    0xff, 0xff, 0xfc, 0x0, 0x1f, 0xfe, 0xaa, 0xaa,
    0xaa, 0xbf, 0xe0, 0x2, 0xff, 0x95, 0x55, 0x54,
    0x0, 0xbf, 0x0, 0x1f, 0xff, 0xff, 0xff, 0xfc,
    0x3, 0xfc, 0x0, 0xff, 0xff, 0xff, 0xff, 0xf0,
    0xf, 0xe0, 0x1, 0xe7, 0xf4, 0x0, 0x3f, 0xc1,
    0xff, 0x40, 0x0, 0x2f, 0xff, 0xff, 0xfe, 0x3f,
    0xfc, 0x0, 0x0, 0xbf, 0xff, 0xff, 0xf1, 0xff,
    0xc0, 0x0, 0x3, 0xfd, 0x55, 0x55, 0x1, 0x94,
    0x0, 0x0, 0xf, 0xe0, 0x0, 0x0, 0x0, 0x1,
    0xf4, 0x0, 0x3f, 0xc0, 0x0, 0x0, 0x0, 0x3f,
    0xd0, 0x0, 0xff, 0xff, 0xff, 0xff, 0xff, 0xff,
    0x0, 0x2, 0xff, 0xff, 0xff, 0xff, 0xff, 0xf4,
    0x0, 0x1, 0xbf, 0xff, 0xff, 0xff, 0xfe, 0x40,
    0x0,

    /* U+96FE "雾" */
    0x0, 0x0, 0x55, 0x55, 0x55, 0x55, 0x55, 0x40,
    0x0, 0xf, 0xff, 0xff, 0xff, 0xff, 0xff, 0xf4,
    0x0, 0xf, 0xff, 0xff, 0xff, 0xff, 0xff, 0xf0,
    0x0, 0x0, 0x0, 0x1, 0xfe, 0x0, 0x0, 0x0,
    0x0, 0xbf, 0xff, 0xff, 0xff, 0xff, 0xff, 0xf8,
    0x2, 0xff, 0xff, 0xff, 0xff, 0xff, 0xff, 0xfd,
    0x3, 0xfd, 0x55, 0x57, 0xfd, 0x55, 0x56, 0xfd,
    0x3, 0xf8, 0xff, 0xe3, 0xfc, 0x7f, 0xe2, 0xfc,
    0x3, 0xf4, 0xff, 0xd3, 0xfc, 0xbf, 0xf2, 0xfc,
    0x3, 0xf0, 0x0, 0x7, 0xf8, 0x0, 0x2, 0xf8,
    0x1, 0x83, 0xff, 0xc7, 0xf5, 0xff, 0xe0, 0xa0,
    0x0, 0x1, 0xaa, 0x43, 0xe1, 0xff, 0xd0, 0x0,
    0x0, 0x0, 0x2e, 0x0, 0x0, 0x0, 0x0, 0x0,
    0x0, 0x1, 0xff, 0xaa, 0xaa, 0xaa, 0x6c, 0x0,
    0x0, 0x1f, 0xff, 0xff, 0xff, 0xff, 0xfc, 0x0,
    0x1, 0xff, 0xff, 0xff, 0xff, 0xff, 0xf4, 0x0,
    0x3, 0xff, 0xfe, 0x40, 0x7, 0xff, 0x80, 0x0,
    0x2, 0xe0, 0xbf, 0xff, 0xff, 0xf8, 0x0, 0x0,
    0x0, 0x15, 0xbf, 0xff, 0xff, 0xff, 0xea, 0x40,
    0x2f, 0xff, 0xff, 0xff, 0xff, 0xff, 0xff, 0xc0,
    0x7f, 0xff, 0xfe, 0x50, 0x5a, 0xff, 0xff, 0x80,
    0x2e, 0x95, 0x0, 0x7d, 0x0, 0x0, 0x0, 0x0,
    0x1, 0xaa, 0xaa, 0xff, 0xaa, 0xaa, 0x40, 0x0,
    0x7, 0xff, 0xff, 0xff, 0xff, 0xff, 0xd0, 0x0,
    0x7, 0xff, 0xff, 0xff, 0xff, 0xff, 0xc0, 0x0,
    0x0, 0x1, 0xff, 0xd0, 0x0, 0x3f, 0x80, 0x0,
    0x0, 0x6f, 0xff, 0x40, 0x0, 0x7f, 0x40, 0x0,
    0xb, 0xff, 0xf8, 0x0, 0x2f, 0xff, 0x0, 0x0,
    0xf, 0xff, 0x40, 0x0, 0xbf, 0xfd, 0x0, 0x0,
    0x6, 0x90, 0x0, 0x0, 0x3f, 0xe4, 0x0, 0x0,

    /* U+973E "霾" */
    0x0, 0x0, 0x5, 0x55, 0x55, 0x55, 0x55, 0x40,
    0x0, 0x0, 0x3f, 0xff, 0xff, 0xff, 0xff, 0xfe,
    0x0, 0x0, 0xf, 0xff, 0xff, 0xff, 0xff, 0xff,
    0x40, 0x0, 0x0, 0x0, 0x0, 0xfe, 0x0, 0x0,
    0x0, 0x0, 0x2f, 0xff, 0xff, 0xff, 0xff, 0xff,
    0xff, 0x0, 0x2f, 0xff, 0xff, 0xff, 0xff, 0xff,
    0xff, 0xe0, 0xf, 0xd0, 0x0, 0xf, 0xf0, 0x0,
    0x3, 0xf8, 0x3, 0xf1, 0xff, 0xf3, 0xfc, 0xbf,
    0xf8, 0xfd, 0x0, 0xb4, 0x6f, 0xf4, 0xff, 0x2f,
    0xf9, 0x2e, 0x0, 0x0, 0x0, 0x0, 0x7f, 0x80,
    0x0, 0x0, 0x0, 0x0, 0x2f, 0xff, 0x5f, 0xd7,
    0xff, 0xf0, 0x0, 0x0, 0x6, 0xae, 0x83, 0xe0,
    0xaa, 0xa4, 0x0, 0x0, 0x0, 0x6f, 0x80, 0x5,
    0x55, 0x55, 0x40, 0x0, 0x2f, 0xff, 0xd0, 0x2f,
    0xff, 0xff, 0xfd, 0x0, 0x3f, 0xff, 0x90, 0xf,
    0xff, 0xff, 0xff, 0x80, 0xb, 0x97, 0xd7, 0xc7,
    0xf0, 0x7d, 0xf, 0xd0, 0x0, 0xf0, 0xff, 0xf2,
    0xff, 0xff, 0xff, 0xf4, 0x0, 0x7e, 0xff, 0xf0,
    0xbf, 0xff, 0xff, 0xfc, 0x0, 0x2f, 0xff, 0xd0,
    0x3f, 0x47, 0xf0, 0xbf, 0x0, 0x3f, 0xf9, 0xfc,
    0xf, 0xd5, 0xfd, 0x6f, 0xc0, 0xa, 0x42, 0xff,
    0x83, 0xff, 0xff, 0xff, 0xd0, 0x0, 0x1f, 0xff,
    0xf0, 0xbf, 0xff, 0xff, 0xe0, 0x0, 0xbf, 0xe2,
    0xfc, 0x0, 0xf, 0xe0, 0x0, 0x0, 0xff, 0x47,
    0xff, 0xb, 0xff, 0xff, 0xfc, 0x0, 0x14, 0x1f,
    0xff, 0xc3, 0xff, 0xff, 0xff, 0x40, 0x1, 0xbf,
    0xd7, 0xf0, 0x15, 0xff, 0x55, 0x0, 0x3, 0xff,
    0x43, 0xf8, 0x15, 0x7f, 0xd5, 0x40, 0x2, 0xfd,
    0x2f, 0xfd, 0xff, 0xff, 0xff, 0xff, 0x0, 0x10,
    0xf, 0xfd, 0xbf, 0xff, 0xff, 0xff, 0xd0, 0x0,
    0x3, 0xf8, 0xf, 0xff, 0xff, 0xff, 0xe0, 0x0,

    /* U+98CE "风" */
    0x0, 0x0, 0x0, 0x0, 0x0, 0x0, 0x0, 0x0,
    0x0, 0x2, 0xff, 0xff, 0xff, 0xff, 0xff, 0x80,
    0x0, 0x1f, 0xff, 0xff, 0xff, 0xff, 0xff, 0x0,
    0x0, 0xbf, 0xff, 0xff, 0xff, 0xff, 0xfc, 0x0,
    0x3, 0xff, 0xaa, 0xaa, 0xaa, 0xbf, 0xe0, 0x0,
    0xf, 0xf0, 0x0, 0x0, 0x0, 0xbf, 0x40, 0x0,
    0x3f, 0xc0, 0x0, 0x0, 0x2, 0xfd, 0x0, 0x1,
    0xff, 0x0, 0x0, 0x1f, 0xf, 0xf0, 0x0, 0x7,
    0xf8, 0xb8, 0x0, 0xfd, 0x3f, 0xc0, 0x0, 0x2f,
    0xd7, 0xf8, 0xf, 0xf0, 0xfe, 0x0, 0x0, 0xff,
    0x5f, 0xf0, 0x7f, 0x87, 0xf8, 0x0, 0x3, 0xfc,
    0x3f, 0xe3, 0xfc, 0x2f, 0xd0, 0x0, 0xf, 0xf0,
    0x7f, 0xff, 0xd0, 0xbf, 0x0, 0x0, 0x7f, 0x80,
    0xff, 0xff, 0x3, 0xfc, 0x0, 0x2, 0xfd, 0x0,
    0xff, 0xf0, 0xf, 0xf0, 0x0, 0xf, 0xf0, 0x2,
    0xff, 0x40, 0x3f, 0x80, 0x0, 0x3f, 0xc0, 0xb,
    0xfe, 0x1, 0xfe, 0x0, 0x1, 0xfe, 0x0, 0xbf,
    0xfc, 0x7, 0xf4, 0x0, 0xf, 0xf4, 0xb, 0xff,
    0xf8, 0x2f, 0xc0, 0x0, 0x3f, 0xc0, 0xbf, 0xff,
    0xf0, 0xbf, 0x0, 0x2, 0xfe, 0xb, 0xfd, 0x7f,
    0xd3, 0xfc, 0x0, 0xf, 0xf0, 0xbf, 0xe0, 0xff,
    0xcf, 0xf0, 0x0, 0x7f, 0xcb, 0xfe, 0x1, 0xff,
    0x3f, 0xc0, 0x3, 0xfd, 0x3f, 0xe0, 0x3, 0xf8,
    0xfe, 0x1d, 0x2f, 0xf0, 0xbd, 0x0, 0x2, 0x43,
    0xfc, 0xf8, 0xff, 0x40, 0x0, 0x0, 0x0, 0xf,
    0xf7, 0xdb, 0xfc, 0x0, 0x0, 0x0, 0x0, 0x3f,
    0xff, 0x2f, 0xc0, 0x0, 0x0, 0x0, 0x0, 0xbf,
    0xf8, 0x3d, 0x0, 0x0, 0x0, 0x0, 0x0, 0xff,
    0xc0, 0x0, 0x0, 0x0, 0x0, 0x0, 0x1, 0xfd,
    0x0,

    /* U+9AD8 "高" */
    0x0, 0x0, 0x0, 0x0, 0x0, 0x0, 0x0, 0x0,
    0x0, 0x0, 0x0, 0x0, 0x3, 0xf0, 0x0, 0x0,
    0x0, 0x0, 0x0, 0x0, 0x3, 0xfd, 0x0, 0x0,
    0x0, 0x0, 0x15, 0x55, 0x55, 0xff, 0x95, 0x55,
    0x50, 0x0, 0x3f, 0xff, 0xff, 0xff, 0xff, 0xff,
    0xff, 0x80, 0x2f, 0xff, 0xff, 0xff, 0xff, 0xff,
    0xff, 0xe0, 0x7, 0xff, 0xff, 0xff, 0xff, 0xff,
    0xff, 0xf0, 0x0, 0x0, 0x0, 0x0, 0x0, 0x0,
    0x0, 0x0, 0x0, 0x0, 0x2a, 0xaa, 0xaa, 0xaa,
    0xa9, 0x0, 0x0, 0x0, 0x3f, 0xff, 0xff, 0xff,
    0xff, 0xc0, 0x0, 0x0, 0x1f, 0xff, 0xff, 0xff,
    0xff, 0xf0, 0x0, 0x0, 0xb, 0xf4, 0x0, 0x0,
    0x7, 0xfc, 0x0, 0x0, 0x2, 0xff, 0xaa, 0xaa,
    0xab, 0xff, 0x0, 0x0, 0x0, 0xff, 0xff, 0xff,
    0xff, 0xff, 0x80, 0x0, 0x0, 0x1f, 0xff, 0xff,
    0xff, 0xff, 0x80, 0x0, 0x0, 0x0, 0x0, 0x0,
    0x0, 0x0, 0x0, 0x0, 0x0, 0x15, 0x55, 0x55,
    0x55, 0x55, 0x55, 0x40, 0x0, 0x7f, 0xff, 0xff,
    0xff, 0xff, 0xff, 0xf8, 0x0, 0x3f, 0xff, 0xff,
    0xff, 0xff, 0xff, 0xff, 0x0, 0x1f, 0xff, 0xff,
    0xff, 0xff, 0xff, 0xff, 0x80, 0x7, 0xf4, 0x0,
    0x0, 0x0, 0x0, 0x2f, 0xd0, 0x2, 0xfd, 0xb,
    0xff, 0xff, 0xfc, 0xf, 0xf4, 0x0, 0xff, 0x7,
    0xff, 0xff, 0xff, 0x43, 0xfc, 0x0, 0x3f, 0xc3,
    0xfe, 0xaa, 0xbf, 0xd0, 0xff, 0x0, 0xf, 0xf0,
    0xff, 0x0, 0x7, 0xf0, 0x7f, 0x80, 0x7, 0xf8,
    0x3f, 0xff, 0xff, 0xfc, 0x1f, 0xe0, 0x1, 0xfd,
    0x1f, 0xff, 0xff, 0xfe, 0xb, 0xf4, 0x0, 0xbf,
    0x7, 0xff, 0xff, 0xfe, 0x3, 0xfc, 0x0, 0x3f,
    0xc1, 0xf8, 0x0, 0x0, 0x2f, 0xff, 0x0, 0xf,
    0xf0, 0x14, 0x0, 0x0, 0x1f, 0xff, 0x40, 0x1,
    0xf0, 0x0, 0x0, 0x0, 0x2, 0xe9, 0x0, 0x0
};


/*---------------------
 *  GLYPH DESCRIPTION
 *--------------------*/

static const lv_font_fmt_txt_glyph_dsc_t glyph_dsc[] = {
    {.bitmap_index = 0, .adv_w = 0, .box_w = 0, .box_h = 0, .ofs_x = 0, .ofs_y = 0} /* id = 0 reserved */,
    {.bitmap_index = 0, .adv_w = 307, .box_w = 0, .box_h = 0, .ofs_x = 0, .ofs_y = 0},
    {.bitmap_index = 0, .adv_w = 307, .box_w = 10, .box_h = 23, .ofs_x = 4, .ofs_y = 0},
    {.bitmap_index = 58, .adv_w = 307, .box_w = 13, .box_h = 11, .ofs_x = 4, .ofs_y = 14},
    {.bitmap_index = 94, .adv_w = 307, .box_w = 20, .box_h = 23, .ofs_x = -1, .ofs_y = 0},
    {.bitmap_index = 209, .adv_w = 307, .box_w = 20, .box_h = 31, .ofs_x = -1, .ofs_y = -4},
    {.bitmap_index = 364, .adv_w = 307, .box_w = 22, .box_h = 23, .ofs_x = -2, .ofs_y = 0},
    {.bitmap_index = 491, .adv_w = 307, .box_w = 18, .box_h = 23, .ofs_x = 0, .ofs_y = 0},
    {.bitmap_index = 595, .adv_w = 307, .box_w = 7, .box_h = 11, .ofs_x = 7, .ofs_y = 14},
    {.bitmap_index = 615, .adv_w = 307, .box_w = 16, .box_h = 34, .ofs_x = 2, .ofs_y = -6},
    {.bitmap_index = 751, .adv_w = 307, .box_w = 15, .box_h = 34, .ofs_x = 0, .ofs_y = -6},
    {.bitmap_index = 879, .adv_w = 307, .box_w = 18, .box_h = 17, .ofs_x = 0, .ofs_y = 2},
    {.bitmap_index = 956, .adv_w = 307, .box_w = 17, .box_h = 16, .ofs_x = 0, .ofs_y = 2},
    {.bitmap_index = 1024, .adv_w = 307, .box_w = 13, .box_h = 14, .ofs_x = -1, .ofs_y = -8},
    {.bitmap_index = 1070, .adv_w = 307, .box_w = 16, .box_h = 4, .ofs_x = 1, .ofs_y = 9},
    {.bitmap_index = 1086, .adv_w = 307, .box_w = 7, .box_h = 7, .ofs_x = 4, .ofs_y = 0},
    {.bitmap_index = 1099, .adv_w = 307, .box_w = 20, .box_h = 31, .ofs_x = -1, .ofs_y = -4},
    {.bitmap_index = 1254, .adv_w = 307, .box_w = 18, .box_h = 23, .ofs_x = 0, .ofs_y = 0},
    {.bitmap_index = 1358, .adv_w = 307, .box_w = 17, .box_h = 23, .ofs_x = -1, .ofs_y = 0},
    {.bitmap_index = 1456, .adv_w = 307, .box_w = 19, .box_h = 23, .ofs_x = -1, .ofs_y = 0},
    {.bitmap_index = 1566, .adv_w = 307, .box_w = 18, .box_h = 23, .ofs_x = -1, .ofs_y = 0},
    {.bitmap_index = 1670, .adv_w = 307, .box_w = 17, .box_h = 23, .ofs_x = 0, .ofs_y = 0},
    {.bitmap_index = 1768, .adv_w = 307, .box_w = 19, .box_h = 23, .ofs_x = -1, .ofs_y = 0},
    {.bitmap_index = 1878, .adv_w = 307, .box_w = 17, .box_h = 23, .ofs_x = 0, .ofs_y = 0},
    {.bitmap_index = 1976, .adv_w = 307, .box_w = 17, .box_h = 23, .ofs_x = 2, .ofs_y = 0},
    {.bitmap_index = 2074, .adv_w = 307, .box_w = 19, .box_h = 23, .ofs_x = -1, .ofs_y = 0},
    {.bitmap_index = 2184, .adv_w = 307, .box_w = 18, .box_h = 23, .ofs_x = 1, .ofs_y = 0},
    {.bitmap_index = 2288, .adv_w = 307, .box_w = 9, .box_h = 18, .ofs_x = 4, .ofs_y = 0},
    {.bitmap_index = 2329, .adv_w = 307, .box_w = 14, .box_h = 26, .ofs_x = -1, .ofs_y = -8},
    {.bitmap_index = 2420, .adv_w = 307, .box_w = 17, .box_h = 17, .ofs_x = 1, .ofs_y = 2},
    {.bitmap_index = 2493, .adv_w = 307, .box_w = 18, .box_h = 12, .ofs_x = 0, .ofs_y = 5},
    {.bitmap_index = 2547, .adv_w = 307, .box_w = 17, .box_h = 17, .ofs_x = 0, .ofs_y = 2},
    {.bitmap_index = 2620, .adv_w = 307, .box_w = 16, .box_h = 23, .ofs_x = 3, .ofs_y = 0},
    {.bitmap_index = 2712, .adv_w = 307, .box_w = 20, .box_h = 23, .ofs_x = -1, .ofs_y = 0},
    {.bitmap_index = 2827, .adv_w = 307, .box_w = 18, .box_h = 23, .ofs_x = -2, .ofs_y = 0},
    {.bitmap_index = 2931, .adv_w = 307, .box_w = 18, .box_h = 23, .ofs_x = 0, .ofs_y = 0},
    {.bitmap_index = 3035, .adv_w = 307, .box_w = 19, .box_h = 23, .ofs_x = 0, .ofs_y = 0},
    {.bitmap_index = 3145, .adv_w = 307, .box_w = 19, .box_h = 23, .ofs_x = -1, .ofs_y = 0},
    {.bitmap_index = 3255, .adv_w = 307, .box_w = 19, .box_h = 23, .ofs_x = 0, .ofs_y = 0},
    {.bitmap_index = 3365, .adv_w = 307, .box_w = 19, .box_h = 23, .ofs_x = 0, .ofs_y = 0},
    {.bitmap_index = 3475, .adv_w = 307, .box_w = 18, .box_h = 23, .ofs_x = 0, .ofs_y = 0},
    {.bitmap_index = 3579, .adv_w = 307, .box_w = 20, .box_h = 23, .ofs_x = -1, .ofs_y = 0},
    {.bitmap_index = 3694, .adv_w = 307, .box_w = 18, .box_h = 23, .ofs_x = 0, .ofs_y = 0},
    {.bitmap_index = 3798, .adv_w = 307, .box_w = 19, .box_h = 23, .ofs_x = -1, .ofs_y = 0},
    {.bitmap_index = 3908, .adv_w = 307, .box_w = 19, .box_h = 23, .ofs_x = -1, .ofs_y = 0},
    {.bitmap_index = 4018, .adv_w = 307, .box_w = 15, .box_h = 23, .ofs_x = 1, .ofs_y = 0},
    {.bitmap_index = 4105, .adv_w = 307, .box_w = 21, .box_h = 23, .ofs_x = -1, .ofs_y = 0},
    {.bitmap_index = 4226, .adv_w = 307, .box_w = 20, .box_h = 23, .ofs_x = -1, .ofs_y = 0},
    {.bitmap_index = 4341, .adv_w = 307, .box_w = 18, .box_h = 23, .ofs_x = 0, .ofs_y = 0},
    {.bitmap_index = 4445, .adv_w = 307, .box_w = 20, .box_h = 23, .ofs_x = -1, .ofs_y = 0},
    {.bitmap_index = 4560, .adv_w = 307, .box_w = 18, .box_h = 31, .ofs_x = 0, .ofs_y = -8},
    {.bitmap_index = 4700, .adv_w = 307, .box_w = 20, .box_h = 23, .ofs_x = -1, .ofs_y = 0},
    {.bitmap_index = 4815, .adv_w = 307, .box_w = 18, .box_h = 23, .ofs_x = 0, .ofs_y = 0},
    {.bitmap_index = 4919, .adv_w = 307, .box_w = 18, .box_h = 23, .ofs_x = 2, .ofs_y = 0},
    {.bitmap_index = 5023, .adv_w = 307, .box_w = 19, .box_h = 23, .ofs_x = 0, .ofs_y = 0},
    {.bitmap_index = 5133, .adv_w = 307, .box_w = 18, .box_h = 23, .ofs_x = 2, .ofs_y = 0},
    {.bitmap_index = 5237, .adv_w = 307, .box_w = 21, .box_h = 23, .ofs_x = -1, .ofs_y = 0},
    {.bitmap_index = 5358, .adv_w = 307, .box_w = 20, .box_h = 23, .ofs_x = -1, .ofs_y = 0},
    {.bitmap_index = 5473, .adv_w = 307, .box_w = 18, .box_h = 23, .ofs_x = 2, .ofs_y = 0},
    {.bitmap_index = 5577, .adv_w = 307, .box_w = 18, .box_h = 23, .ofs_x = 0, .ofs_y = 0},
    {.bitmap_index = 5681, .adv_w = 307, .box_w = 17, .box_h = 35, .ofs_x = 1, .ofs_y = -6},
    {.bitmap_index = 5830, .adv_w = 307, .box_w = 10, .box_h = 31, .ofs_x = 4, .ofs_y = -4},
    {.bitmap_index = 5908, .adv_w = 307, .box_w = 17, .box_h = 35, .ofs_x = 0, .ofs_y = -6},
    {.bitmap_index = 6057, .adv_w = 307, .box_w = 14, .box_h = 12, .ofs_x = 2, .ofs_y = 10},
    {.bitmap_index = 6099, .adv_w = 307, .box_w = 17, .box_h = 4, .ofs_x = -2, .ofs_y = -6},
    {.bitmap_index = 6116, .adv_w = 307, .box_w = 10, .box_h = 10, .ofs_x = 6, .ofs_y = 17},
    {.bitmap_index = 6141, .adv_w = 307, .box_w = 19, .box_h = 18, .ofs_x = -1, .ofs_y = 0},
    {.bitmap_index = 6227, .adv_w = 307, .box_w = 18, .box_h = 23, .ofs_x = -1, .ofs_y = 0},
    {.bitmap_index = 6331, .adv_w = 307, .box_w = 17, .box_h = 18, .ofs_x = 0, .ofs_y = 0},
    {.bitmap_index = 6408, .adv_w = 307, .box_w = 19, .box_h = 23, .ofs_x = 0, .ofs_y = 0},
    {.bitmap_index = 6518, .adv_w = 307, .box_w = 17, .box_h = 18, .ofs_x = 0, .ofs_y = 0},
    {.bitmap_index = 6595, .adv_w = 307, .box_w = 22, .box_h = 31, .ofs_x = -3, .ofs_y = -8},
    {.bitmap_index = 6766, .adv_w = 307, .box_w = 20, .box_h = 26, .ofs_x = -2, .ofs_y = -8},
    {.bitmap_index = 6896, .adv_w = 307, .box_w = 18, .box_h = 23, .ofs_x = -1, .ofs_y = 0},
    {.bitmap_index = 7000, .adv_w = 307, .box_w = 16, .box_h = 25, .ofs_x = 1, .ofs_y = 0},
    {.bitmap_index = 7100, .adv_w = 307, .box_w = 20, .box_h = 33, .ofs_x = -3, .ofs_y = -8},
    {.bitmap_index = 7265, .adv_w = 307, .box_w = 17, .box_h = 23, .ofs_x = 0, .ofs_y = 0},
    {.bitmap_index = 7363, .adv_w = 307, .box_w = 19, .box_h = 23, .ofs_x = -2, .ofs_y = 0},
    {.bitmap_index = 7473, .adv_w = 307, .box_w = 20, .box_h = 18, .ofs_x = -2, .ofs_y = 0},
    {.bitmap_index = 7563, .adv_w = 307, .box_w = 18, .box_h = 18, .ofs_x = -1, .ofs_y = 0},
    {.bitmap_index = 7644, .adv_w = 307, .box_w = 17, .box_h = 18, .ofs_x = 0, .ofs_y = 0},
    {.bitmap_index = 7721, .adv_w = 307, .box_w = 19, .box_h = 24, .ofs_x = -2, .ofs_y = -6},
    {.bitmap_index = 7835, .adv_w = 307, .box_w = 18, .box_h = 24, .ofs_x = 0, .ofs_y = -6},
    {.bitmap_index = 7943, .adv_w = 307, .box_w = 18, .box_h = 18, .ofs_x = 0, .ofs_y = 0},
    {.bitmap_index = 8024, .adv_w = 307, .box_w = 17, .box_h = 18, .ofs_x = 0, .ofs_y = 0},
    {.bitmap_index = 8101, .adv_w = 307, .box_w = 17, .box_h = 23, .ofs_x = 1, .ofs_y = 0},
    {.bitmap_index = 8199, .adv_w = 307, .box_w = 18, .box_h = 18, .ofs_x = 0, .ofs_y = 0},
    {.bitmap_index = 8280, .adv_w = 307, .box_w = 16, .box_h = 18, .ofs_x = 2, .ofs_y = 0},
    {.bitmap_index = 8352, .adv_w = 307, .box_w = 20, .box_h = 18, .ofs_x = -1, .ofs_y = 0},
    {.bitmap_index = 8442, .adv_w = 307, .box_w = 18, .box_h = 18, .ofs_x = -1, .ofs_y = 0},
    {.bitmap_index = 8523, .adv_w = 307, .box_w = 20, .box_h = 26, .ofs_x = -2, .ofs_y = -8},
    {.bitmap_index = 8653, .adv_w = 307, .box_w = 17, .box_h = 18, .ofs_x = 0, .ofs_y = 0},
    {.bitmap_index = 8730, .adv_w = 307, .box_w = 18, .box_h = 35, .ofs_x = 1, .ofs_y = -7},
    {.bitmap_index = 8888, .adv_w = 307, .box_w = 10, .box_h = 31, .ofs_x = 4, .ofs_y = -4},
    {.bitmap_index = 8966, .adv_w = 307, .box_w = 18, .box_h = 35, .ofs_x = -1, .ofs_y = -7},
    {.bitmap_index = 9124, .adv_w = 307, .box_w = 18, .box_h = 8, .ofs_x = 0, .ofs_y = 7},
    {.bitmap_index = 9160, .adv_w = 614, .box_w = 31, .box_h = 5, .ofs_x = 3, .ofs_y = 10},
    {.bitmap_index = 9199, .adv_w = 614, .box_w = 31, .box_h = 29, .ofs_x = 4, .ofs_y = -2},
    {.bitmap_index = 9424, .adv_w = 614, .box_w = 31, .box_h = 27, .ofs_x = 2, .ofs_y = -2},
    {.bitmap_index = 9634, .adv_w = 614, .box_w = 30, .box_h = 30, .ofs_x = 3, .ofs_y = -3},
    {.bitmap_index = 9859, .adv_w = 614, .box_w = 30, .box_h = 31, .ofs_x = 4, .ofs_y = -3},
    {.bitmap_index = 10092, .adv_w = 614, .box_w = 31, .box_h = 30, .ofs_x = 2, .ofs_y = -3},
    {.bitmap_index = 10325, .adv_w = 614, .box_w = 31, .box_h = 24, .ofs_x = 2, .ofs_y = -1},
    {.bitmap_index = 10511, .adv_w = 614, .box_w = 30, .box_h = 29, .ofs_x = 4, .ofs_y = -3},
    {.bitmap_index = 10729, .adv_w = 614, .box_w = 32, .box_h = 27, .ofs_x = 2, .ofs_y = -2},
    {.bitmap_index = 10945, .adv_w = 614, .box_w = 33, .box_h = 32, .ofs_x = 2, .ofs_y = -4},
    {.bitmap_index = 11209, .adv_w = 614, .box_w = 30, .box_h = 31, .ofs_x = 4, .ofs_y = -3},
    {.bitmap_index = 11442, .adv_w = 614, .box_w = 30, .box_h = 31, .ofs_x = 4, .ofs_y = -3},
    {.bitmap_index = 11675, .adv_w = 614, .box_w = 30, .box_h = 27, .ofs_x = 2, .ofs_y = -2},
    {.bitmap_index = 11878, .adv_w = 614, .box_w = 33, .box_h = 29, .ofs_x = 2, .ofs_y = -2},
    {.bitmap_index = 12118, .adv_w = 614, .box_w = 31, .box_h = 31, .ofs_x = 3, .ofs_y = -3},
    {.bitmap_index = 12359, .adv_w = 614, .box_w = 31, .box_h = 31, .ofs_x = 3, .ofs_y = -4},
    {.bitmap_index = 12600, .adv_w = 614, .box_w = 32, .box_h = 31, .ofs_x = 3, .ofs_y = -4},
    {.bitmap_index = 12848, .adv_w = 614, .box_w = 33, .box_h = 31, .ofs_x = 2, .ofs_y = -4},
    {.bitmap_index = 13104, .adv_w = 614, .box_w = 31, .box_h = 31, .ofs_x = 4, .ofs_y = -3},
    {.bitmap_index = 13345, .adv_w = 614, .box_w = 32, .box_h = 30, .ofs_x = 2, .ofs_y = -3},
    {.bitmap_index = 13585, .adv_w = 614, .box_w = 30, .box_h = 31, .ofs_x = 4, .ofs_y = -3},
    {.bitmap_index = 13818, .adv_w = 614, .box_w = 32, .box_h = 30, .ofs_x = 2, .ofs_y = -3},
    {.bitmap_index = 14058, .adv_w = 614, .box_w = 32, .box_h = 31, .ofs_x = 3, .ofs_y = -3},
    {.bitmap_index = 14306, .adv_w = 614, .box_w = 33, .box_h = 29, .ofs_x = 2, .ofs_y = -3},
    {.bitmap_index = 14546, .adv_w = 614, .box_w = 32, .box_h = 30, .ofs_x = 2, .ofs_y = -4},
    {.bitmap_index = 14786, .adv_w = 614, .box_w = 32, .box_h = 27, .ofs_x = 3, .ofs_y = -2},
    {.bitmap_index = 15002, .adv_w = 614, .box_w = 33, .box_h = 30, .ofs_x = 2, .ofs_y = -3},
    {.bitmap_index = 15250, .adv_w = 614, .box_w = 32, .box_h = 30, .ofs_x = 3, .ofs_y = -3},
    {.bitmap_index = 15490, .adv_w = 614, .box_w = 33, .box_h = 31, .ofs_x = 2, .ofs_y = -3},
    {.bitmap_index = 15746, .adv_w = 614, .box_w = 31, .box_h = 31, .ofs_x = 2, .ofs_y = -3},
    {.bitmap_index = 15987, .adv_w = 614, .box_w = 31, .box_h = 31, .ofs_x = 3, .ofs_y = -3},
    {.bitmap_index = 16228, .adv_w = 614, .box_w = 32, .box_h = 29, .ofs_x = 2, .ofs_y = -3},
    {.bitmap_index = 16460, .adv_w = 614, .box_w = 32, .box_h = 31, .ofs_x = 2, .ofs_y = -3},
    {.bitmap_index = 16708, .adv_w = 614, .box_w = 32, .box_h = 31, .ofs_x = 2, .ofs_y = -3},
    {.bitmap_index = 16956, .adv_w = 614, .box_w = 33, .box_h = 30, .ofs_x = 2, .ofs_y = -3},
    {.bitmap_index = 17204, .adv_w = 614, .box_w = 30, .box_h = 31, .ofs_x = 4, .ofs_y = -3},
    {.bitmap_index = 17437, .adv_w = 614, .box_w = 33, .box_h = 30, .ofs_x = 2, .ofs_y = -2},
    {.bitmap_index = 17685, .adv_w = 614, .box_w = 31, .box_h = 30, .ofs_x = 3, .ofs_y = -3},
    {.bitmap_index = 17918, .adv_w = 614, .box_w = 33, .box_h = 30, .ofs_x = 1, .ofs_y = -3},
    {.bitmap_index = 18166, .adv_w = 614, .box_w = 33, .box_h = 30, .ofs_x = 2, .ofs_y = -3},
    {.bitmap_index = 18414, .adv_w = 614, .box_w = 33, .box_h = 31, .ofs_x = 2, .ofs_y = -3},
    {.bitmap_index = 18670, .adv_w = 614, .box_w = 34, .box_h = 31, .ofs_x = 2, .ofs_y = -3},
    {.bitmap_index = 18934, .adv_w = 614, .box_w = 31, .box_h = 30, .ofs_x = 3, .ofs_y = -4},
    {.bitmap_index = 19167, .adv_w = 614, .box_w = 34, .box_h = 31, .ofs_x = 2, .ofs_y = -3},
    {.bitmap_index = 19431, .adv_w = 614, .box_w = 34, .box_h = 32, .ofs_x = 2, .ofs_y = -4},
    {.bitmap_index = 19703, .adv_w = 614, .box_w = 33, .box_h = 31, .ofs_x = 2, .ofs_y = -3},
    {.bitmap_index = 19959, .adv_w = 614, .box_w = 32, .box_h = 31, .ofs_x = 2, .ofs_y = -3},
    {.bitmap_index = 20207, .adv_w = 614, .box_w = 33, .box_h = 32, .ofs_x = 2, .ofs_y = -4},
    {.bitmap_index = 20471, .adv_w = 614, .box_w = 28, .box_h = 29, .ofs_x = 5, .ofs_y = -3},
    {.bitmap_index = 20674, .adv_w = 614, .box_w = 33, .box_h = 31, .ofs_x = 3, .ofs_y = -4},
    {.bitmap_index = 20930, .adv_w = 614, .box_w = 30, .box_h = 30, .ofs_x = 2, .ofs_y = -3},
    {.bitmap_index = 21155, .adv_w = 614, .box_w = 33, .box_h = 31, .ofs_x = 3, .ofs_y = -3},
    {.bitmap_index = 21411, .adv_w = 614, .box_w = 31, .box_h = 31, .ofs_x = 4, .ofs_y = -3},
    {.bitmap_index = 21652, .adv_w = 614, .box_w = 30, .box_h = 31, .ofs_x = 3, .ofs_y = -4},
    {.bitmap_index = 21885, .adv_w = 614, .box_w = 34, .box_h = 30, .ofs_x = 2, .ofs_y = -4},
    {.bitmap_index = 22140, .adv_w = 614, .box_w = 33, .box_h = 31, .ofs_x = 2, .ofs_y = -4},
    {.bitmap_index = 22396, .adv_w = 614, .box_w = 33, .box_h = 30, .ofs_x = 2, .ofs_y = -2},
    {.bitmap_index = 22644, .adv_w = 614, .box_w = 34, .box_h = 31, .ofs_x = 2, .ofs_y = -3},
    {.bitmap_index = 22908, .adv_w = 614, .box_w = 32, .box_h = 31, .ofs_x = 3, .ofs_y = -3},
    {.bitmap_index = 23156, .adv_w = 614, .box_w = 34, .box_h = 27, .ofs_x = 1, .ofs_y = -2},
    {.bitmap_index = 23386, .adv_w = 614, .box_w = 31, .box_h = 30, .ofs_x = 4, .ofs_y = -3},
    {.bitmap_index = 23619, .adv_w = 614, .box_w = 32, .box_h = 30, .ofs_x = 3, .ofs_y = -3},
    {.bitmap_index = 23859, .adv_w = 614, .box_w = 34, .box_h = 31, .ofs_x = 2, .ofs_y = -4},
    {.bitmap_index = 24123, .adv_w = 614, .box_w = 32, .box_h = 29, .ofs_x = 2, .ofs_y = -2},
    {.bitmap_index = 24355, .adv_w = 614, .box_w = 32, .box_h = 29, .ofs_x = 2, .ofs_y = -2},
    {.bitmap_index = 24587, .adv_w = 614, .box_w = 34, .box_h = 31, .ofs_x = 2, .ofs_y = -3},
    {.bitmap_index = 24851, .adv_w = 614, .box_w = 32, .box_h = 32, .ofs_x = 3, .ofs_y = -4},
    {.bitmap_index = 25107, .adv_w = 614, .box_w = 34, .box_h = 29, .ofs_x = 2, .ofs_y = -3},
    {.bitmap_index = 25354, .adv_w = 614, .box_w = 31, .box_h = 29, .ofs_x = 5, .ofs_y = -3},
    {.bitmap_index = 25579, .adv_w = 614, .box_w = 31, .box_h = 30, .ofs_x = 3, .ofs_y = -4},
    {.bitmap_index = 25812, .adv_w = 614, .box_w = 32, .box_h = 30, .ofs_x = 2, .ofs_y = -3},
    {.bitmap_index = 26052, .adv_w = 614, .box_w = 32, .box_h = 31, .ofs_x = 2, .ofs_y = -3},
    {.bitmap_index = 26300, .adv_w = 614, .box_w = 32, .box_h = 31, .ofs_x = 2, .ofs_y = -3},
    {.bitmap_index = 26548, .adv_w = 614, .box_w = 33, .box_h = 29, .ofs_x = 2, .ofs_y = -3},
    {.bitmap_index = 26788, .adv_w = 614, .box_w = 32, .box_h = 30, .ofs_x = 2, .ofs_y = -3},
    {.bitmap_index = 27028, .adv_w = 614, .box_w = 32, .box_h = 31, .ofs_x = 3, .ofs_y = -3},
    {.bitmap_index = 27276, .adv_w = 614, .box_w = 27, .box_h = 31, .ofs_x = 5, .ofs_y = -3},
    {.bitmap_index = 27486, .adv_w = 614, .box_w = 33, .box_h = 32, .ofs_x = 3, .ofs_y = -4},
    {.bitmap_index = 27750, .adv_w = 614, .box_w = 32, .box_h = 30, .ofs_x = 4, .ofs_y = -3},
    {.bitmap_index = 27990, .adv_w = 614, .box_w = 31, .box_h = 30, .ofs_x = 4, .ofs_y = -3},
    {.bitmap_index = 28223, .adv_w = 614, .box_w = 31, .box_h = 31, .ofs_x = 4, .ofs_y = -3},
    {.bitmap_index = 28464, .adv_w = 614, .box_w = 33, .box_h = 31, .ofs_x = 2, .ofs_y = -4},
    {.bitmap_index = 28720, .adv_w = 614, .box_w = 34, .box_h = 31, .ofs_x = 1, .ofs_y = -4},
    {.bitmap_index = 28984, .adv_w = 614, .box_w = 34, .box_h = 31, .ofs_x = 1, .ofs_y = -3},
    {.bitmap_index = 29248, .adv_w = 614, .box_w = 31, .box_h = 31, .ofs_x = 4, .ofs_y = -3},
    {.bitmap_index = 29489, .adv_w = 614, .box_w = 31, .box_h = 31, .ofs_x = 4, .ofs_y = -3},
    {.bitmap_index = 29730, .adv_w = 614, .box_w = 33, .box_h = 31, .ofs_x = 3, .ofs_y = -3},
    {.bitmap_index = 29986, .adv_w = 614, .box_w = 34, .box_h = 31, .ofs_x = 2, .ofs_y = -4},
    {.bitmap_index = 30250, .adv_w = 614, .box_w = 33, .box_h = 31, .ofs_x = 2, .ofs_y = -4},
    {.bitmap_index = 30506, .adv_w = 614, .box_w = 34, .box_h = 30, .ofs_x = 2, .ofs_y = -3},
    {.bitmap_index = 30761, .adv_w = 614, .box_w = 33, .box_h = 29, .ofs_x = 3, .ofs_y = -3},
    {.bitmap_index = 31001, .adv_w = 614, .box_w = 31, .box_h = 30, .ofs_x = 4, .ofs_y = -3},
    {.bitmap_index = 31234, .adv_w = 614, .box_w = 30, .box_h = 30, .ofs_x = 5, .ofs_y = -3},
    {.bitmap_index = 31459, .adv_w = 614, .box_w = 31, .box_h = 30, .ofs_x = 4, .ofs_y = -3},
    {.bitmap_index = 31692, .adv_w = 614, .box_w = 32, .box_h = 30, .ofs_x = 3, .ofs_y = -3},
    {.bitmap_index = 31932, .adv_w = 614, .box_w = 33, .box_h = 30, .ofs_x = 2, .ofs_y = -3},
    {.bitmap_index = 32180, .adv_w = 614, .box_w = 31, .box_h = 30, .ofs_x = 2, .ofs_y = -3},
    {.bitmap_index = 32413, .adv_w = 614, .box_w = 33, .box_h = 31, .ofs_x = 2, .ofs_y = -3}
};

/*---------------------
 *  CHARACTER MAPPING
 *--------------------*/

static const uint16_t unicode_list_1[] = {
    0x0, 0x3, 0x9, 0xe, 0x2d, 0x5d, 0x8c, 0x91,
    0x94, 0xac, 0x14d, 0x14e, 0x36b, 0x36d, 0x385, 0x3b0,
    0x41d, 0x49f, 0x516, 0x517, 0x541, 0x547, 0x557, 0x5d6,
    0x668, 0x8db, 0x8de, 0x928, 0xa83, 0xb1a, 0xb27, 0xb29,
    0xb31, 0xb39, 0xbcb, 0xd81, 0xda4, 0xe0f, 0xe18, 0xfde,
    0x107f, 0x10a6, 0x113a, 0x1410, 0x1509, 0x15a5, 0x15d0, 0x17b0,
    0x17e5, 0x17f6, 0x181f, 0x1874, 0x187a, 0x18b4, 0x18f4, 0x191f,
    0x19e5, 0x1a21, 0x1ac0, 0x1d63, 0x1e14, 0x1e99, 0x1f4b, 0x2029,
    0x207f, 0x20da, 0x2479, 0x25af, 0x287e, 0x2b3a, 0x30a7, 0x30bf,
    0x30dc, 0x3151, 0x316e, 0x32fd, 0x3472, 0x35b7, 0x3dd5, 0x3def,
    0x3df7, 0x3f25, 0x41de, 0x43cd, 0x469f, 0x4719, 0x472e, 0x47f4,
    0x4834, 0x4835, 0x48e8, 0x48ea, 0x48f7, 0x48f9, 0x48fe, 0x493e,
    0x4ace, 0x4cd8
};

/*Collect the unicode lists and glyph_id offsets*/
static const lv_font_fmt_txt_cmap_t cmaps[] =
{
    {
        .range_start = 32, .range_length = 95, .glyph_id_start = 1,
        .unicode_list = NULL, .glyph_id_ofs_list = NULL, .list_length = 0, .type = LV_FONT_FMT_TXT_CMAP_FORMAT0_TINY
    },
    {
        .range_start = 19968, .range_length = 19673, .glyph_id_start = 96,
        .unicode_list = unicode_list_1, .glyph_id_ofs_list = NULL, .list_length = 98, .type = LV_FONT_FMT_TXT_CMAP_SPARSE_TINY
    }
};



/*--------------------
 *  ALL CUSTOM DATA
 *--------------------*/

#if LVGL_VERSION_MAJOR == 8
/*Store all the custom data of the font*/
static  lv_font_fmt_txt_glyph_cache_t cache;
#endif

#if LVGL_VERSION_MAJOR >= 8
static const lv_font_fmt_txt_dsc_t font_dsc = {
#else
static lv_font_fmt_txt_dsc_t font_dsc = {
#endif
    .glyph_bitmap = glyph_bitmap,
    .glyph_dsc = glyph_dsc,
    .cmaps = cmaps,
    .kern_dsc = NULL,
    .kern_scale = 0,
    .cmap_num = 2,
    .bpp = 2,
    .kern_classes = 0,
    .bitmap_format = 0,
#if LVGL_VERSION_MAJOR == 8
    .cache = &cache
#endif

};



/*-----------------
 *  PUBLIC FONT
 *----------------*/

/*Initialize a public general font descriptor*/
#if LVGL_VERSION_MAJOR >= 8
const lv_font_t my_chinese_font_32 = {
#else
lv_font_t my_chinese_font_32 = {
#endif
    .get_glyph_dsc = lv_font_get_glyph_dsc_fmt_txt,    /*Function pointer to get glyph's data*/
    .get_glyph_bitmap = lv_font_get_bitmap_fmt_txt,    /*Function pointer to get glyph's bitmap*/
    .line_height = 37,          /*The maximum line height required by the font*/
    .base_line = 8,             /*Baseline measured from the bottom of the line*/
#if !(LVGL_VERSION_MAJOR == 6 && LVGL_VERSION_MINOR == 0)
    .subpx = LV_FONT_SUBPX_NONE,
#endif
#if LV_VERSION_CHECK(7, 4, 0) || LVGL_VERSION_MAJOR >= 8
    .underline_position = -5,
    .underline_thickness = 2,
#endif
    .dsc = &font_dsc,          /*The custom font data. Will be accessed by `get_glyph_bitmap/dsc` */
#if LV_VERSION_CHECK(8, 2, 0) || LVGL_VERSION_MAJOR >= 9
    .fallback = &lv_font_montserrat_14,  /* 回退 ASCII 字体 */
#endif
    .user_data = NULL,
};



#endif /*#if MY_CHINESE_FONT_32*/
