#include <stdint.h>
#include "image.h"

#ifdef __has_include
    #if __has_include("lvgl.h")
        #ifndef LV_LVGL_H_INCLUDE_SIMPLE
            #define LV_LVGL_H_INCLUDE_SIMPLE
        #endif
    #endif
#endif

#if defined(LV_LVGL_H_INCLUDE_SIMPLE)
    #include "lvgl.h"
#else
    #include "lvgl/lvgl.h"
#endif


#ifndef LV_ATTRIBUTE_MEM_ALIGN
#define LV_ATTRIBUTE_MEM_ALIGN
#endif

#ifndef LV_ATTRIBUTE_IMG_WALLPAPER
#define LV_ATTRIBUTE_IMG_WALLPAPER
#endif

const LV_ATTRIBUTE_MEM_ALIGN LV_ATTRIBUTE_LARGE_CONST LV_ATTRIBUTE_IMG_WALLPAPER uint8_t wallpaper_map[] = {
  0x29, 0x29, 0x29, 0xff, 	/*Color of index 0*/
  0x1f, 0x28, 0x54, 0xff, 	/*Color of index 1*/
  0x75, 0xce, 0xd8, 0xff, 	/*Color of index 2*/
  0x20, 0xcd, 0xe6, 0xff, 	/*Color of index 3*/
  0x44, 0xcb, 0xe0, 0xff, 	/*Color of index 4*/
  0x5a, 0xc7, 0xd7, 0xff, 	/*Color of index 5*/
  0x42, 0xb9, 0xcc, 0xff, 	/*Color of index 6*/
  0x2c, 0xb5, 0xcb, 0xff, 	/*Color of index 7*/
  0x5a, 0xaf, 0xba, 0xff, 	/*Color of index 8*/
  0x41, 0xae, 0xbe, 0xff, 	/*Color of index 9*/
  0x2d, 0xac, 0xbf, 0xff, 	/*Color of index 10*/
  0x1f, 0xab, 0xc2, 0xff, 	/*Color of index 11*/
  0x10, 0xac, 0xc1, 0xff, 	/*Color of index 12*/
  0x43, 0xa4, 0xb1, 0xff, 	/*Color of index 13*/
  0x28, 0xa4, 0xb7, 0xff, 	/*Color of index 14*/
  0x5b, 0xa0, 0xa8, 0xff, 	/*Color of index 15*/
  0x17, 0xa1, 0xba, 0xff, 	/*Color of index 16*/
  0x0c, 0x9e, 0xb5, 0xff, 	/*Color of index 17*/
  0x2b, 0x9a, 0xaa, 0xff, 	/*Color of index 18*/
  0x3f, 0x97, 0xa5, 0xff, 	/*Color of index 19*/
  0x70, 0x94, 0x9b, 0xff, 	/*Color of index 20*/
  0x0f, 0x95, 0xab, 0xff, 	/*Color of index 21*/
  0x3b, 0x88, 0x96, 0xff, 	/*Color of index 22*/
  0x58, 0x81, 0x8c, 0xff, 	/*Color of index 23*/
  0x59, 0x76, 0x7d, 0xff, 	/*Color of index 24*/
  0x39, 0x74, 0x81, 0xff, 	/*Color of index 25*/
  0x56, 0x69, 0x71, 0xff, 	/*Color of index 26*/
  0x38, 0x65, 0x71, 0xff, 	/*Color of index 27*/
  0x4b, 0x5d, 0x63, 0xff, 	/*Color of index 28*/
  0x34, 0x56, 0x66, 0xff, 	/*Color of index 29*/
  0x33, 0x4b, 0x53, 0xff, 	/*Color of index 30*/
  0x20, 0x39, 0x3f, 0xff, 	/*Color of index 31*/
  0xc6, 0xde, 0xdc, 0xff, 	/*Color of index 32*/
  0x9e, 0xd2, 0xd5, 0xff, 	/*Color of index 33*/
  0xa6, 0xc0, 0xbc, 0xff, 	/*Color of index 34*/
  0x7d, 0xbf, 0xc6, 0xff, 	/*Color of index 35*/
  0x95, 0xb9, 0xb8, 0xff, 	/*Color of index 36*/
  0x79, 0xb3, 0xb7, 0xff, 	/*Color of index 37*/
  0x97, 0xad, 0xa7, 0xff, 	/*Color of index 38*/
  0x7a, 0xa5, 0xa8, 0xff, 	/*Color of index 39*/
  0x89, 0x9a, 0x97, 0xff, 	/*Color of index 40*/
  0x5a, 0x90, 0x96, 0xff, 	/*Color of index 41*/
  0x6c, 0x81, 0x7b, 0xff, 	/*Color of index 42*/
  0x2c, 0x31, 0x30, 0xff, 	/*Color of index 43*/
  0xce, 0xd3, 0xce, 0xff, 	/*Color of index 44*/
  0xc1, 0xc9, 0xc1, 0xff, 	/*Color of index 45*/
  0x33, 0x35, 0x33, 0xff, 	/*Color of index 46*/
  0xc6, 0xc2, 0xb4, 0xff, 	/*Color of index 47*/
  0xb2, 0xb5, 0xa9, 0xff, 	/*Color of index 48*/
  0xf5, 0xbc, 0x0f, 0xff, 	/*Color of index 49*/
  0xd6, 0xa5, 0x25, 0xff, 	/*Color of index 50*/
  0x43, 0x3e, 0x2d, 0xff, 	/*Color of index 51*/
  0xf4, 0xe3, 0xd8, 0xff, 	/*Color of index 52*/
  0xe5, 0xc8, 0xc4, 0xff, 	/*Color of index 53*/
  0xf0, 0xc7, 0xb1, 0xff, 	/*Color of index 54*/
  0xd6, 0xc6, 0xb6, 0xff, 	/*Color of index 55*/
  0xe0, 0xc0, 0xb9, 0xff, 	/*Color of index 56*/
  0xcb, 0xbb, 0xa8, 0xff, 	/*Color of index 57*/
  0xe5, 0xb9, 0x9f, 0xff, 	/*Color of index 58*/
  0xbe, 0xab, 0xa7, 0xff, 	/*Color of index 59*/
  0xda, 0xae, 0x93, 0xff, 	/*Color of index 60*/
  0xc1, 0xac, 0x91, 0xff, 	/*Color of index 61*/
  0xad, 0xa4, 0x9e, 0xff, 	/*Color of index 62*/
  0xcb, 0xa1, 0x85, 0xff, 	/*Color of index 63*/
  0x9e, 0x8f, 0x8c, 0xff, 	/*Color of index 64*/
  0xbd, 0x92, 0x75, 0xff, 	/*Color of index 65*/
  0xaf, 0x8f, 0x5b, 0xff, 	/*Color of index 66*/
  0xaf, 0x84, 0x6c, 0xff, 	/*Color of index 67*/
  0xc6, 0x91, 0x28, 0xff, 	/*Color of index 68*/
  0xb1, 0x87, 0x38, 0xff, 	/*Color of index 69*/
  0xa5, 0x7a, 0x58, 0xff, 	/*Color of index 70*/
  0xa2, 0x6c, 0x38, 0xff, 	/*Color of index 71*/
  0x76, 0x64, 0x5f, 0xff, 	/*Color of index 72*/
  0x7e, 0x67, 0x4c, 0xff, 	/*Color of index 73*/
  0x7f, 0x56, 0x4f, 0xff, 	/*Color of index 74*/
  0x7e, 0x58, 0x39, 0xff, 	/*Color of index 75*/
  0x7d, 0x58, 0x17, 0xff, 	/*Color of index 76*/
  0x6f, 0x4e, 0x30, 0xff, 	/*Color of index 77*/
  0x62, 0x46, 0x40, 0xff, 	/*Color of index 78*/
  0x66, 0x45, 0x31, 0xff, 	/*Color of index 79*/
  0x67, 0x44, 0x27, 0xff, 	/*Color of index 80*/
  0x42, 0x3f, 0x3d, 0xff, 	/*Color of index 81*/
  0x47, 0x40, 0x32, 0xff, 	/*Color of index 82*/
  0x47, 0x3d, 0x39, 0xff, 	/*Color of index 83*/
  0x47, 0x3e, 0x34, 0xff, 	/*Color of index 84*/
  0x5c, 0x3d, 0x2c, 0xff, 	/*Color of index 85*/
  0x43, 0x3b, 0x38, 0xff, 	/*Color of index 86*/
  0x3a, 0x39, 0x38, 0xff, 	/*Color of index 87*/
  0x5c, 0x3b, 0x23, 0xff, 	/*Color of index 88*/
  0x43, 0x39, 0x32, 0xff, 	/*Color of index 89*/
  0x61, 0x39, 0x25, 0xff, 	/*Color of index 90*/
  0x42, 0x3a, 0x2c, 0xff, 	/*Color of index 91*/
  0x47, 0x39, 0x27, 0xff, 	/*Color of index 92*/
  0x3c, 0x36, 0x32, 0xff, 	/*Color of index 93*/
  0x42, 0x35, 0x33, 0xff, 	/*Color of index 94*/
  0x3f, 0x37, 0x2d, 0xff, 	/*Color of index 95*/
  0x53, 0x38, 0x20, 0xff, 	/*Color of index 96*/
  0x42, 0x38, 0x25, 0xff, 	/*Color of index 97*/
  0x54, 0x32, 0x2c, 0xff, 	/*Color of index 98*/
  0x3f, 0x36, 0x25, 0xff, 	/*Color of index 99*/
  0x5a, 0x34, 0x22, 0xff, 	/*Color of index 100*/
  0x3e, 0x34, 0x2b, 0xff, 	/*Color of index 101*/
  0x4c, 0x33, 0x21, 0xff, 	/*Color of index 102*/
  0x3c, 0x31, 0x2b, 0xff, 	/*Color of index 103*/
  0x42, 0x33, 0x21, 0xff, 	/*Color of index 104*/
  0x51, 0x31, 0x21, 0xff, 	/*Color of index 105*/
  0x52, 0x32, 0x1c, 0xff, 	/*Color of index 106*/
  0x4a, 0x31, 0x1b, 0xff, 	/*Color of index 107*/
  0x4f, 0x2e, 0x1e, 0xff, 	/*Color of index 108*/
  0x3a, 0x2d, 0x28, 0xff, 	/*Color of index 109*/
  0x49, 0x2d, 0x20, 0xff, 	/*Color of index 110*/
  0x4a, 0x2c, 0x1b, 0xff, 	/*Color of index 111*/
  0x43, 0x2a, 0x20, 0xff, 	/*Color of index 112*/
  0x46, 0x2c, 0x15, 0xff, 	/*Color of index 113*/
  0x59, 0x2e, 0x07, 0xff, 	/*Color of index 114*/
  0x3a, 0x29, 0x1d, 0xff, 	/*Color of index 115*/
  0x45, 0x28, 0x1a, 0xff, 	/*Color of index 116*/
  0x47, 0x26, 0x18, 0xff, 	/*Color of index 117*/
  0x51, 0x2a, 0x07, 0xff, 	/*Color of index 118*/
  0x3c, 0x28, 0x14, 0xff, 	/*Color of index 119*/
  0x40, 0x25, 0x1a, 0xff, 	/*Color of index 120*/
  0x40, 0x26, 0x15, 0xff, 	/*Color of index 121*/
  0x4b, 0x28, 0x08, 0xff, 	/*Color of index 122*/
  0x34, 0x24, 0x1c, 0xff, 	/*Color of index 123*/
  0x3d, 0x22, 0x18, 0xff, 	/*Color of index 124*/
  0x46, 0x27, 0x04, 0xff, 	/*Color of index 125*/
  0x2a, 0x21, 0x1f, 0xff, 	/*Color of index 126*/
  0x40, 0x26, 0x05, 0xff, 	/*Color of index 127*/
  0x3b, 0x22, 0x14, 0xff, 	/*Color of index 128*/
  0x49, 0x25, 0x04, 0xff, 	/*Color of index 129*/
  0x41, 0x23, 0x08, 0xff, 	/*Color of index 130*/
  0x41, 0x23, 0x04, 0xff, 	/*Color of index 131*/
  0x32, 0x20, 0x13, 0xff, 	/*Color of index 132*/
  0x38, 0x1d, 0x13, 0xff, 	/*Color of index 133*/
  0x3c, 0x21, 0x04, 0xff, 	/*Color of index 134*/
  0x39, 0x1e, 0x0b, 0xff, 	/*Color of index 135*/
  0x32, 0x1c, 0x11, 0xff, 	/*Color of index 136*/
  0x40, 0x1e, 0x04, 0xff, 	/*Color of index 137*/
  0x37, 0x1f, 0x03, 0xff, 	/*Color of index 138*/
  0x38, 0x1e, 0x03, 0xff, 	/*Color of index 139*/
  0x2b, 0x1a, 0x11, 0xff, 	/*Color of index 140*/
  0x32, 0x1a, 0x0c, 0xff, 	/*Color of index 141*/
  0x2b, 0x19, 0x0c, 0xff, 	/*Color of index 142*/
  0x32, 0x1a, 0x03, 0xff, 	/*Color of index 143*/
  0x23, 0x16, 0x11, 0xff, 	/*Color of index 144*/
  0x26, 0x17, 0x0b, 0xff, 	/*Color of index 145*/
  0x29, 0x15, 0x10, 0xff, 	/*Color of index 146*/
  0x29, 0x15, 0x0a, 0xff, 	/*Color of index 147*/
  0x30, 0x16, 0x02, 0xff, 	/*Color of index 148*/
  0x2b, 0x15, 0x03, 0xff, 	/*Color of index 149*/
  0x23, 0x12, 0x0a, 0xff, 	/*Color of index 150*/
  0x1d, 0x11, 0x0a, 0xff, 	/*Color of index 151*/
  0x22, 0x11, 0x03, 0xff, 	/*Color of index 152*/
  0x15, 0x10, 0x05, 0xff, 	/*Color of index 153*/
  0x1d, 0x0f, 0x04, 0xff, 	/*Color of index 154*/
  0x20, 0x0d, 0x08, 0xff, 	/*Color of index 155*/
  0x19, 0x0d, 0x08, 0xff, 	/*Color of index 156*/
  0x20, 0x0d, 0x03, 0xff, 	/*Color of index 157*/
  0x19, 0x0c, 0x03, 0xff, 	/*Color of index 158*/
  0x15, 0x09, 0x03, 0xff, 	/*Color of index 159*/
  0x0e, 0x08, 0x02, 0xff, 	/*Color of index 160*/
  0x18, 0x06, 0x01, 0xff, 	/*Color of index 161*/
  0x11, 0x05, 0x02, 0xff, 	/*Color of index 162*/
  0x0c, 0x03, 0x01, 0xff, 	/*Color of index 163*/
  0xfa, 0xee, 0xee, 0xff, 	/*Color of index 164*/
  0xf4, 0xe0, 0xe2, 0xff, 	/*Color of index 165*/
  0xee, 0xda, 0xdc, 0xff, 	/*Color of index 166*/
  0xec, 0xd4, 0xd9, 0xff, 	/*Color of index 167*/
  0xea, 0xd1, 0xd2, 0xff, 	/*Color of index 168*/
  0xec, 0xcf, 0xcc, 0xff, 	/*Color of index 169*/
  0xe9, 0xcc, 0xca, 0xff, 	/*Color of index 170*/
  0xe6, 0xc9, 0xc9, 0xff, 	/*Color of index 171*/
  0xe2, 0xc4, 0xc2, 0xff, 	/*Color of index 172*/
  0xdd, 0xc1, 0xc5, 0xff, 	/*Color of index 173*/
  0xdc, 0xbc, 0xc3, 0xff, 	/*Color of index 174*/
  0xd7, 0xb9, 0xb7, 0xff, 	/*Color of index 175*/
  0xd6, 0xb6, 0xb5, 0xff, 	/*Color of index 176*/
  0xd3, 0xb3, 0xb9, 0xff, 	/*Color of index 177*/
  0xd3, 0xb1, 0xb1, 0xff, 	/*Color of index 178*/
  0xcd, 0xad, 0xb2, 0xff, 	/*Color of index 179*/
  0xd0, 0xad, 0xac, 0xff, 	/*Color of index 180*/
  0xcd, 0xa8, 0xa7, 0xff, 	/*Color of index 181*/
  0xc8, 0xa5, 0xab, 0xff, 	/*Color of index 182*/
  0xc7, 0xa4, 0xa2, 0xff, 	/*Color of index 183*/
  0xc1, 0x9e, 0x9c, 0xff, 	/*Color of index 184*/
  0xbf, 0x99, 0xa2, 0xff, 	/*Color of index 185*/
  0xba, 0x98, 0x96, 0xff, 	/*Color of index 186*/
  0xb1, 0x93, 0x9c, 0xff, 	/*Color of index 187*/
  0xb4, 0x91, 0x90, 0xff, 	/*Color of index 188*/
  0xf6, 0x81, 0xa9, 0xff, 	/*Color of index 189*/
  0xaf, 0x8a, 0x8c, 0xff, 	/*Color of index 190*/
  0xaa, 0x85, 0x85, 0xff, 	/*Color of index 191*/
  0xa3, 0x82, 0x7f, 0xff, 	/*Color of index 192*/
  0xa0, 0x7c, 0x8d, 0xff, 	/*Color of index 193*/
  0x92, 0x7e, 0x80, 0xff, 	/*Color of index 194*/
  0xe2, 0x70, 0x92, 0xff, 	/*Color of index 195*/
  0x9f, 0x7b, 0x7b, 0xff, 	/*Color of index 196*/
  0x86, 0x78, 0x78, 0xff, 	/*Color of index 197*/
  0x9a, 0x74, 0x73, 0xff, 	/*Color of index 198*/
  0x91, 0x71, 0x6e, 0xff, 	/*Color of index 199*/
  0x8d, 0x6b, 0x6a, 0xff, 	/*Color of index 200*/
  0xc5, 0x5d, 0x78, 0xff, 	/*Color of index 201*/
  0x86, 0x63, 0x64, 0xff, 	/*Color of index 202*/
  0x7b, 0x5c, 0x5f, 0xff, 	/*Color of index 203*/
  0x72, 0x56, 0x58, 0xff, 	/*Color of index 204*/
  0xb3, 0x48, 0x5b, 0xff, 	/*Color of index 205*/
  0x68, 0x4e, 0x4e, 0xff, 	/*Color of index 206*/
  0x5d, 0x47, 0x4e, 0xff, 	/*Color of index 207*/
  0x58, 0x3d, 0x3f, 0xff, 	/*Color of index 208*/
  0x7f, 0x36, 0x37, 0xff, 	/*Color of index 209*/
  0x4b, 0x31, 0x3c, 0xff, 	/*Color of index 210*/
  0x48, 0x29, 0x2a, 0xff, 	/*Color of index 211*/
  0x37, 0x1c, 0x1c, 0xff, 	/*Color of index 212*/
  0x27, 0x18, 0x1d, 0xff, 	/*Color of index 213*/
  0x1c, 0x0e, 0x13, 0xff, 	/*Color of index 214*/
  0x14, 0x0a, 0x0b, 0xff, 	/*Color of index 215*/
  0x07, 0x01, 0x01, 0xff, 	/*Color of index 216*/
  0xd4, 0xb1, 0xc6, 0xff, 	/*Color of index 217*/
  0xc8, 0xa5, 0xc2, 0xff, 	/*Color of index 218*/
  0xbe, 0x99, 0xb8, 0xff, 	/*Color of index 219*/
  0xb1, 0x8e, 0xb0, 0xff, 	/*Color of index 220*/
  0xa5, 0x7e, 0xa3, 0xff, 	/*Color of index 221*/
  0x90, 0x6e, 0x7f, 0xff, 	/*Color of index 222*/
  0x82, 0x63, 0x75, 0xff, 	/*Color of index 223*/
  0x7a, 0x58, 0x7c, 0xff, 	/*Color of index 224*/
  0x6b, 0x4f, 0x5e, 0xff, 	/*Color of index 225*/
  0x6f, 0x47, 0x6d, 0xff, 	/*Color of index 226*/
  0x65, 0x35, 0x66, 0xff, 	/*Color of index 227*/
  0x55, 0x35, 0x4e, 0xff, 	/*Color of index 228*/
  0x48, 0x27, 0x40, 0xff, 	/*Color of index 229*/
  0x3c, 0x24, 0x30, 0xff, 	/*Color of index 230*/
  0x3c, 0x20, 0x3b, 0xff, 	/*Color of index 231*/
  0x33, 0x18, 0x2c, 0xff, 	/*Color of index 232*/
  0x1b, 0x13, 0x1a, 0xff, 	/*Color of index 233*/
  0x1f, 0x0a, 0x1f, 0xff, 	/*Color of index 234*/
  0x11, 0x03, 0x10, 0xff, 	/*Color of index 235*/
  0x0c, 0x04, 0x0b, 0xff, 	/*Color of index 236*/
  0x8e, 0x6b, 0x97, 0xff, 	/*Color of index 237*/
  0x7d, 0x54, 0x90, 0xff, 	/*Color of index 238*/
  0x7c, 0x4a, 0xac, 0xff, 	/*Color of index 239*/
  0x71, 0x3b, 0x7e, 0xff, 	/*Color of index 240*/
  0x4b, 0x26, 0x67, 0xff, 	/*Color of index 241*/
  0x4c, 0x25, 0x52, 0xff, 	/*Color of index 242*/
  0x42, 0x1b, 0x6a, 0xff, 	/*Color of index 243*/
  0x3c, 0x1a, 0x58, 0xff, 	/*Color of index 244*/
  0x32, 0x0f, 0x57, 0xff, 	/*Color of index 245*/
  0x3a, 0x03, 0x79, 0xff, 	/*Color of index 246*/
  0x30, 0x14, 0x3f, 0xff, 	/*Color of index 247*/
  0x36, 0x05, 0x6e, 0xff, 	/*Color of index 248*/
  0x28, 0x07, 0x4d, 0xff, 	/*Color of index 249*/
  0x24, 0x09, 0x38, 0xff, 	/*Color of index 250*/
  0x21, 0x06, 0x42, 0xff, 	/*Color of index 251*/
  0x1c, 0x08, 0x2c, 0xff, 	/*Color of index 252*/
  0x1a, 0x03, 0x37, 0xff, 	/*Color of index 253*/
  0x14, 0x03, 0x2a, 0xff, 	/*Color of index 254*/
  0x11, 0x03, 0x1e, 0xff, 	/*Color of index 255*/

  0x72, 0x72, 0x72, 0x72, 0x72, 0x76, 0x76, 0x81, 0x81, 0x83, 0x82, 0x89, 0x86, 0x87, 0x87, 0x8a, 0x8b, 0x8b, 0x8b, 0x8b, 0x8a, 0x8f, 0x8f, 0x8f, 0x8f, 0x8f, 0x8f, 0x8f, 0x8b, 0x8b, 0x8b, 0x8b, 0x86, 0x86, 0x86, 0x86, 0x86, 0x82, 0x86, 0x82, 0x83, 0x81, 0x81, 0x81, 0x81, 0x7d, 0x7f, 0x83, 0x8f, 0x8b, 0x8f, 0x8f, 0x8f, 0x8f, 0x8f, 0x8f, 0x8f, 0x8f, 0x8f, 0x8f, 0x8f, 0x8f, 0x8f, 0x8f, 0x8f, 0x8f, 0x8f, 0x8f, 0x8f, 0x8b, 0x8b, 0x8b, 0x8b, 0x8b, 0x8b, 0x8a, 0x8a, 0x8a, 0x8a, 0x8a, 0x8a, 0x8a, 0x8a, 0x8a, 0x8a, 0x86, 0x86, 0x86, 0x86, 0x86, 0x86, 0x86, 0x82, 0x86, 0x82, 0x7f, 0x82, 0x7f, 0x82, 0x82, 0x82, 0x82, 0x82, 0x82, 0x82, 0x82, 0x82, 0x7f, 0x7f, 0x7f, 0x83, 0x86, 0x86, 0x8a, 0x86, 0x89, 0x8b, 0x89, 0x8a, 0x8b, 0x89, 0x8f, 0x8b, 0x8f, 0x98, 0x9a, 0x9e, 0x8e, 0x91, 0x80, 0x70, 0x84, 0x6e, 0x66, 0x68, 0x60, 0x66, 0x66, 0x66, 0x66, 0x68, 0x6b, 0x6b, 0x6e, 0x68, 0x68, 0x6e, 0x68, 0x68, 0x63, 0x63, 0x63, 0x63, 0x61, 0x61, 0x61, 0x61, 0x60, 0x61, 0x5c, 0x5c, 0x33, 0x5c, 0x33, 0x5c, 0x5c, 0x5c, 0x5c, 0x5c, 0x5c, 0x5c, 0x5c, 0x5c, 0x5b, 0x5b, 0x5b, 0x5b, 0x5b, 0x5b, 0x5b, 0x5b, 0x5c, 0x33, 0x5c, 0x33, 0x33, 0x33, 0x33, 0x33, 0x33, 0x33, 0x33, 0x33, 0x33, 0x33, 0x33, 0x5b, 0x33, 0x5b, 0x33, 0x33, 0x33, 0x54, 0x33, 0x33, 0x33, 0x33, 0x33, 0x33, 0x33, 0x33, 0x33, 0x52, 0x33, 0x52, 0x33, 0x52, 0x52, 0x33, 0x52, 0x33, 0x52, 0x33, 0x52, 0x52, 0x52, 0x52, 0x52, 0x52, 0x52, 0x52, 0x52, 0x52, 0x52, 0x52, 0x52, 0x52, 0x54, 0x54, 0x54, 
  0x72, 0x58, 0x72, 0x72, 0x72, 0x76, 0x76, 0x7a, 0x81, 0x81, 0x82, 0x86, 0x83, 0x87, 0x89, 0x8a, 0x8b, 0x8b, 0x8b, 0x8b, 0x8b, 0x8b, 0x8f, 0x8f, 0x8f, 0x8b, 0x8f, 0x8b, 0x8b, 0x8b, 0x8b, 0x8b, 0x86, 0x8a, 0x86, 0x8a, 0x86, 0x82, 0x86, 0x82, 0x83, 0x81, 0x81, 0x81, 0x7d, 0x81, 0x7f, 0x86, 0x8b, 0x8f, 0x8f, 0x8f, 0x8f, 0x8f, 0x8f, 0x8f, 0x8f, 0x8f, 0x8f, 0x8f, 0x8f, 0x94, 0x8f, 0x94, 0x8f, 0x94, 0x8f, 0x8f, 0x8b, 0x8a, 0x8a, 0x8b, 0x8b, 0x8b, 0x8b, 0x8a, 0x8a, 0x8a, 0x8a, 0x86, 0x8a, 0x86, 0x8a, 0x8a, 0x8a, 0x8a, 0x86, 0x8a, 0x86, 0x86, 0x86, 0x82, 0x86, 0x82, 0x82, 0x82, 0x82, 0x82, 0x82, 0x7f, 0x82, 0x82, 0x82, 0x82, 0x82, 0x82, 0x82, 0x7f, 0x83, 0x7f, 0x86, 0x86, 0x86, 0x86, 0x86, 0x8a, 0x89, 0x8a, 0x89, 0x8b, 0x8b, 0x8b, 0x8f, 0x8f, 0x98, 0x9e, 0x98, 0x8c, 0x8e, 0x73, 0x78, 0x78, 0x66, 0x66, 0x66, 0x66, 0x60, 0x66, 0x66, 0x66, 0x6b, 0x6e, 0x68, 0x6b, 0x68, 0x6e, 0x68, 0x68, 0x68, 0x63, 0x66, 0x61, 0x66, 0x61, 0x61, 0x61, 0x61, 0x61, 0x5c, 0x61, 0x33, 0x5c, 0x33, 0x5c, 0x5c, 0x5c, 0x61, 0x5c, 0x33, 0x5c, 0x33, 0x5c, 0x5b, 0x5c, 0x5f, 0x5b, 0x5b, 0x5b, 0x5b, 0x5b, 0x5b, 0x5b, 0x5b, 0x33, 0x5c, 0x33, 0x33, 0x33, 0x33, 0x5c, 0x33, 0x5c, 0x33, 0x33, 0x33, 0x33, 0x33, 0x5b, 0x33, 0x5b, 0x33, 0x59, 0x33, 0x33, 0x54, 0x33, 0x33, 0x33, 0x33, 0x33, 0x52, 0x33, 0x33, 0x52, 0x52, 0x52, 0x33, 0x52, 0x52, 0x33, 0x52, 0x33, 0x52, 0x33, 0x52, 0x52, 0x52, 0x52, 0x52, 0x52, 0x52, 0x52, 0x52, 0x52, 0x52, 0x52, 0x51, 0x52, 0x51, 0x52, 
  0x72, 0x72, 0x72, 0x72, 0x72, 0x76, 0x76, 0x76, 0x7a, 0x81, 0x83, 0x83, 0x89, 0x89, 0x8b, 0x89, 0x8a, 0x8b, 0x8b, 0x8b, 0x8a, 0x8f, 0x8f, 0x8f, 0x8f, 0x8f, 0x8f, 0x8f, 0x8b, 0x8b, 0x8b, 0x8b, 0x8a, 0x86, 0x86, 0x86, 0x86, 0x82, 0x86, 0x82, 0x83, 0x81, 0x81, 0x7d, 0x81, 0x7d, 0x7f, 0x83, 0x8f, 0x8b, 0x8f, 0x8f, 0x8f, 0x8f, 0x8f, 0x8f, 0x8f, 0x8f, 0x8f, 0x8f, 0x8f, 0x8f, 0x8f, 0x8f, 0x8f, 0x8f, 0x8f, 0x8f, 0x8a, 0x8b, 0x8b, 0x8b, 0x8b, 0x8b, 0x8b, 0x8b, 0x8b, 0x8b, 0x86, 0x8a, 0x86, 0x8a, 0x8a, 0x8a, 0x8a, 0x89, 0x8a, 0x86, 0x8a, 0x82, 0x82, 0x86, 0x82, 0x86, 0x82, 0x7f, 0x82, 0x7f, 0x82, 0x82, 0x82, 0x82, 0x82, 0x82, 0x82, 0x82, 0x82, 0x83, 0x83, 0x83, 0x83, 0x86, 0x86, 0x8a, 0x86, 0x89, 0x8b, 0x89, 0x8a, 0x87, 0x8a, 0x8f, 0x8b, 0x8f, 0x9a, 0x9a, 0x97, 0x8c, 0x88, 0x6e, 0x7c, 0x77, 0x66, 0x66, 0x68, 0x60, 0x66, 0x66, 0x66, 0x66, 0x66, 0x68, 0x6b, 0x6b, 0x6b, 0x68, 0x6e, 0x68, 0x63, 0x68, 0x61, 0x63, 0x61, 0x63, 0x61, 0x61, 0x61, 0x60, 0x5c, 0x5c, 0x5c, 0x33, 0x5c, 0x33, 0x5c, 0x5c, 0x5c, 0x5c, 0x5c, 0x5c, 0x5c, 0x5c, 0x5c, 0x5f, 0x5b, 0x5b, 0x5b, 0x5b, 0x5b, 0x5b, 0x5b, 0x33, 0x5b, 0x33, 0x33, 0x33, 0x33, 0x33, 0x33, 0x33, 0x33, 0x33, 0x33, 0x33, 0x33, 0x33, 0x5b, 0x33, 0x5b, 0x33, 0x33, 0x33, 0x54, 0x33, 0x33, 0x33, 0x33, 0x33, 0x33, 0x33, 0x33, 0x52, 0x33, 0x52, 0x33, 0x52, 0x33, 0x52, 0x33, 0x52, 0x33, 0x52, 0x33, 0x52, 0x52, 0x52, 0x52, 0x52, 0x52, 0x52, 0x52, 0x52, 0x52, 0x52, 0x52, 0x52, 0x54, 0x52, 0x54, 0x54, 
  0x72, 0x58, 0x72, 0x72, 0x72, 0x76, 0x76, 0x76, 0x7d, 0x81, 0x7f, 0x83, 0x86, 0x89, 0x89, 0x8a, 0x89, 0x8a, 0x8b, 0x8b, 0x8b, 0x8b, 0x8f, 0x8f, 0x8f, 0x8b, 0x8f, 0x8b, 0x8b, 0x8b, 0x8b, 0x8b, 0x86, 0x8a, 0x86, 0x8a, 0x86, 0x82, 0x86, 0x82, 0x83, 0x81, 0x81, 0x81, 0x7d, 0x81, 0x7d, 0x86, 0x8b, 0x8f, 0x8f, 0x8f, 0x8f, 0x8f, 0x8f, 0x8f, 0x8f, 0x8f, 0x8f, 0x8f, 0x8f, 0x94, 0x8f, 0x94, 0x8f, 0x94, 0x8f, 0x8f, 0x8a, 0x8b, 0x8b, 0x8b, 0x8b, 0x8b, 0x8b, 0x8b, 0x8b, 0x8b, 0x8a, 0x8a, 0x8a, 0x8a, 0x8a, 0x8a, 0x8a, 0x8a, 0x8a, 0x86, 0x86, 0x86, 0x82, 0x86, 0x82, 0x86, 0x82, 0x82, 0x82, 0x82, 0x82, 0x82, 0x82, 0x82, 0x82, 0x82, 0x82, 0x82, 0x82, 0x83, 0x86, 0x83, 0x86, 0x86, 0x86, 0x86, 0x86, 0x8a, 0x89, 0x8b, 0x8b, 0x8a, 0x8a, 0x8b, 0x8b, 0x95, 0x99, 0x98, 0x91, 0x8e, 0x80, 0x70, 0x84, 0x74, 0x68, 0x66, 0x66, 0x60, 0x66, 0x66, 0x66, 0x61, 0x6b, 0x66, 0x6b, 0x6b, 0x68, 0x6b, 0x68, 0x68, 0x68, 0x63, 0x66, 0x61, 0x66, 0x61, 0x61, 0x61, 0x61, 0x61, 0x5c, 0x5c, 0x5c, 0x33, 0x5c, 0x33, 0x5c, 0x5c, 0x61, 0x5c, 0x33, 0x5c, 0x33, 0x5c, 0x5b, 0x5c, 0x59, 0x5b, 0x5b, 0x5b, 0x5b, 0x5b, 0x5b, 0x5b, 0x5b, 0x5b, 0x33, 0x33, 0x33, 0x33, 0x33, 0x5c, 0x33, 0x5c, 0x33, 0x33, 0x33, 0x33, 0x33, 0x5b, 0x5b, 0x33, 0x54, 0x33, 0x54, 0x33, 0x54, 0x33, 0x33, 0x33, 0x33, 0x33, 0x52, 0x33, 0x52, 0x33, 0x52, 0x52, 0x52, 0x33, 0x52, 0x33, 0x52, 0x33, 0x52, 0x33, 0x52, 0x52, 0x52, 0x52, 0x52, 0x52, 0x52, 0x52, 0x52, 0x52, 0x52, 0x52, 0x52, 0x51, 0x52, 0x53, 
  0x72, 0x72, 0x72, 0x72, 0x72, 0x76, 0x76, 0x7a, 0x76, 0x7d, 0x7d, 0x83, 0x89, 0x89, 0x89, 0x8a, 0x8a, 0x8a, 0x8b, 0x8b, 0x8a, 0x8f, 0x8f, 0x8f, 0x8f, 0x8f, 0x8f, 0x8f, 0x8b, 0x8b, 0x8b, 0x8b, 0x8a, 0x86, 0x86, 0x86, 0x86, 0x86, 0x82, 0x82, 0x83, 0x81, 0x81, 0x7d, 0x81, 0x7d, 0x7d, 0x86, 0x8b, 0x8b, 0x8f, 0x8f, 0x8f, 0x8f, 0x8e, 0x8f, 0x8f, 0x8f, 0x8f, 0x8f, 0x8f, 0x8f, 0x8f, 0x8f, 0x8f, 0x8f, 0x8f, 0x8f, 0x8b, 0x8f, 0x8b, 0x8f, 0x8b, 0x8b, 0x8b, 0x8b, 0x8b, 0x8b, 0x8b, 0x8b, 0x8b, 0x8b, 0x8a, 0x8a, 0x8a, 0x8a, 0x8b, 0x86, 0x8a, 0x82, 0x86, 0x82, 0x86, 0x82, 0x82, 0x7f, 0x82, 0x82, 0x82, 0x82, 0x82, 0x82, 0x82, 0x82, 0x82, 0x82, 0x82, 0x86, 0x83, 0x86, 0x83, 0x86, 0x86, 0x8a, 0x86, 0x86, 0x8a, 0x89, 0x8a, 0x89, 0x8a, 0x8b, 0x8a, 0x95, 0x9a, 0x99, 0x91, 0x8e, 0x73, 0x74, 0x80, 0x6b, 0x66, 0x66, 0x60, 0x66, 0x60, 0x66, 0x66, 0x66, 0x66, 0x68, 0x6b, 0x6b, 0x6b, 0x68, 0x6e, 0x68, 0x63, 0x68, 0x61, 0x63, 0x61, 0x63, 0x61, 0x61, 0x5c, 0x61, 0x5c, 0x5c, 0x33, 0x5c, 0x33, 0x5c, 0x5c, 0x5c, 0x5c, 0x5c, 0x5c, 0x5c, 0x5c, 0x33, 0x5c, 0x5b, 0x5b, 0x5b, 0x5b, 0x59, 0x5b, 0x5b, 0x5b, 0x5b, 0x33, 0x5b, 0x33, 0x33, 0x33, 0x33, 0x33, 0x33, 0x33, 0x33, 0x33, 0x33, 0x33, 0x33, 0x5b, 0x33, 0x5b, 0x33, 0x33, 0x54, 0x33, 0x33, 0x33, 0x33, 0x33, 0x33, 0x33, 0x33, 0x33, 0x52, 0x33, 0x52, 0x33, 0x52, 0x33, 0x52, 0x33, 0x52, 0x33, 0x52, 0x33, 0x52, 0x33, 0x52, 0x33, 0x52, 0x52, 0x52, 0x52, 0x52, 0x52, 0x52, 0x52, 0x52, 0x54, 0x52, 0x53, 0x52, 
  0x72, 0x72, 0x72, 0x72, 0x76, 0x76, 0x76, 0x76, 0x7d, 0x76, 0x7d, 0x7f, 0x86, 0x89, 0x8a, 0x8a, 0x8a, 0x8a, 0x8b, 0x8b, 0x8b, 0x8b, 0x8b, 0x8f, 0x8f, 0x8b, 0x8f, 0x8d, 0x8f, 0x8b, 0x8b, 0x8b, 0x86, 0x89, 0x86, 0x86, 0x86, 0x82, 0x86, 0x82, 0x7f, 0x81, 0x81, 0x81, 0x81, 0x81, 0x83, 0x83, 0x86, 0x8f, 0x8f, 0x8f, 0x8f, 0x94, 0x8f, 0x8f, 0x8f, 0x8f, 0x8f, 0x8f, 0x8f, 0x8f, 0x8f, 0x8f, 0x93, 0x8f, 0x93, 0x8f, 0x8f, 0x8f, 0x8f, 0x8f, 0x8f, 0x8f, 0x8f, 0x8f, 0x8f, 0x8f, 0x8f, 0x8f, 0x8f, 0x8f, 0x86, 0x8a, 0x86, 0x8a, 0x86, 0x86, 0x86, 0x82, 0x86, 0x82, 0x82, 0x82, 0x82, 0x82, 0x82, 0x82, 0x82, 0x82, 0x83, 0x82, 0x86, 0x82, 0x82, 0x82, 0x86, 0x86, 0x86, 0x86, 0x86, 0x89, 0x86, 0x86, 0x86, 0x86, 0x86, 0x86, 0x86, 0x8a, 0x8b, 0x89, 0x8a, 0x98, 0x99, 0x99, 0x97, 0x8c, 0x70, 0x78, 0x78, 0x68, 0x66, 0x66, 0x60, 0x60, 0x60, 0x66, 0x66, 0x66, 0x66, 0x69, 0x68, 0x68, 0x68, 0x68, 0x68, 0x68, 0x68, 0x63, 0x66, 0x61, 0x66, 0x61, 0x61, 0x60, 0x61, 0x60, 0x61, 0x5c, 0x5c, 0x5c, 0x5c, 0x5c, 0x5c, 0x5c, 0x5c, 0x5c, 0x5c, 0x5b, 0x5c, 0x5c, 0x5b, 0x5c, 0x5b, 0x5b, 0x59, 0x5f, 0x5b, 0x5b, 0x5b, 0x5b, 0x33, 0x33, 0x33, 0x5c, 0x33, 0x33, 0x5c, 0x33, 0x5c, 0x33, 0x5c, 0x33, 0x33, 0x5c, 0x33, 0x5b, 0x33, 0x33, 0x33, 0x33, 0x33, 0x33, 0x33, 0x33, 0x33, 0x33, 0x33, 0x33, 0x33, 0x33, 0x33, 0x33, 0x52, 0x52, 0x52, 0x33, 0x52, 0x33, 0x52, 0x33, 0x33, 0x33, 0x33, 0x33, 0x33, 0x33, 0x52, 0x52, 0x52, 0x54, 0x54, 0x54, 0x54, 0x54, 0x52, 0x51, 0x52, 0x53, 
  0x76, 0x76, 0x76, 0x76, 0x7a, 0x7a, 0x7a, 0x76, 0x7d, 0x76, 0x7d, 0x83, 0x86, 0x89, 0x89, 0x8a, 0x86, 0x8a, 0x8b, 0x8b, 0x8a, 0x8f, 0x8b, 0x8f, 0x8f, 0x8f, 0x8f, 0x8f, 0x8b, 0x8b, 0x8b, 0x8b, 0x86, 0x86, 0x86, 0x86, 0x86, 0x82, 0x82, 0x86, 0x7f, 0x81, 0x81, 0x81, 0x81, 0x81, 0x7f, 0x86, 0x82, 0x89, 0x8f, 0x8f, 0x8f, 0x8f, 0x8f, 0x8f, 0x8f, 0x8f, 0x8f, 0x8f, 0x8f, 0x8f, 0x8f, 0x8f, 0x8f, 0x8d, 0x8f, 0x8f, 0x8f, 0x8f, 0x8f, 0x8f, 0x8f, 0x8f, 0x8f, 0x8f, 0x8f, 0x8f, 0x8f, 0x8f, 0x8f, 0x8b, 0x8a, 0x86, 0x8a, 0x8a, 0x8a, 0x86, 0x86, 0x86, 0x82, 0x86, 0x82, 0x82, 0x82, 0x82, 0x82, 0x82, 0x82, 0x83, 0x82, 0x86, 0x82, 0x86, 0x82, 0x86, 0x82, 0x86, 0x86, 0x86, 0x86, 0x86, 0x89, 0x86, 0x86, 0x86, 0x86, 0x86, 0x86, 0x86, 0x89, 0x8a, 0x8b, 0x98, 0x9c, 0x99, 0x91, 0x80, 0x70, 0x78, 0x78, 0x66, 0x66, 0x66, 0x60, 0x60, 0x66, 0x60, 0x66, 0x66, 0x66, 0x6e, 0x66, 0x68, 0x6e, 0x68, 0x68, 0x68, 0x63, 0x68, 0x61, 0x63, 0x63, 0x61, 0x61, 0x5c, 0x61, 0x5c, 0x61, 0x5c, 0x5c, 0x33, 0x5c, 0x5c, 0x5c, 0x5c, 0x5c, 0x5b, 0x5c, 0x5c, 0x5c, 0x5b, 0x5c, 0x5b, 0x33, 0x5b, 0x5b, 0x59, 0x5b, 0x5b, 0x5b, 0x5b, 0x33, 0x5c, 0x33, 0x33, 0x5c, 0x33, 0x33, 0x33, 0x33, 0x33, 0x33, 0x5c, 0x33, 0x33, 0x5b, 0x33, 0x5b, 0x33, 0x33, 0x33, 0x33, 0x33, 0x33, 0x33, 0x33, 0x33, 0x33, 0x33, 0x33, 0x33, 0x33, 0x52, 0x33, 0x52, 0x33, 0x52, 0x33, 0x52, 0x33, 0x54, 0x33, 0x54, 0x33, 0x33, 0x33, 0x54, 0x52, 0x54, 0x52, 0x54, 0x52, 0x54, 0x52, 0x54, 0x54, 0x52, 0x53, 0x52, 
  0x7a, 0x81, 0x7a, 0x81, 0x81, 0x81, 0x7d, 0x7d, 0x7d, 0x7d, 0x7d, 0x7f, 0x82, 0x89, 0x86, 0x8a, 0x8a, 0x8a, 0x8a, 0x8b, 0x8b, 0x8b, 0x8b, 0x8f, 0x8f, 0x8f, 0x8f, 0x8f, 0x8f, 0x8a, 0x8b, 0x8b, 0x8a, 0x86, 0x8a, 0x86, 0x86, 0x86, 0x82, 0x82, 0x83, 0x7d, 0x81, 0x81, 0x81, 0x81, 0x81, 0x83, 0x86, 0x89, 0x8f, 0x8f, 0x8f, 0x8f, 0x8f, 0x8f, 0x8f, 0x8f, 0x8f, 0x8f, 0x8f, 0x8f, 0x8f, 0x8f, 0x8f, 0x8f, 0x8f, 0x8f, 0x8f, 0x8f, 0x8f, 0x8f, 0x8f, 0x8f, 0x8f, 0x8f, 0x8f, 0x8f, 0x8f, 0x8f, 0x8f, 0x8b, 0x8a, 0x8a, 0x86, 0x8a, 0x86, 0x8a, 0x82, 0x86, 0x82, 0x86, 0x82, 0x82, 0x82, 0x82, 0x82, 0x82, 0x82, 0x82, 0x86, 0x82, 0x87, 0x82, 0x82, 0x82, 0x86, 0x86, 0x86, 0x86, 0x86, 0x89, 0x86, 0x86, 0x86, 0x86, 0x86, 0x86, 0x86, 0x87, 0x8b, 0x87, 0x8f, 0x9a, 0x9e, 0x97, 0x8e, 0x7b, 0x71, 0x7b, 0x74, 0x6b, 0x66, 0x66, 0x60, 0x66, 0x60, 0x66, 0x66, 0x66, 0x66, 0x66, 0x68, 0x66, 0x68, 0x68, 0x68, 0x68, 0x68, 0x63, 0x66, 0x61, 0x66, 0x61, 0x61, 0x60, 0x61, 0x60, 0x61, 0x60, 0x5b, 0x5c, 0x5c, 0x5c, 0x5c, 0x5c, 0x61, 0x5c, 0x5c, 0x5b, 0x5c, 0x5c, 0x5b, 0x33, 0x5c, 0x5b, 0x5b, 0x5b, 0x5b, 0x5b, 0x5b, 0x33, 0x5b, 0x33, 0x33, 0x5c, 0x33, 0x33, 0x5c, 0x33, 0x5c, 0x33, 0x5c, 0x33, 0x33, 0x5c, 0x33, 0x5b, 0x33, 0x33, 0x33, 0x33, 0x33, 0x33, 0x33, 0x33, 0x33, 0x33, 0x33, 0x33, 0x33, 0x33, 0x33, 0x33, 0x52, 0x52, 0x52, 0x33, 0x52, 0x52, 0x52, 0x33, 0x33, 0x33, 0x52, 0x52, 0x52, 0x33, 0x52, 0x52, 0x52, 0x54, 0x54, 0x54, 0x54, 0x54, 0x54, 0x54, 0x54, 0x54, 
  0x82, 0x82, 0x82, 0x81, 0x82, 0x7a, 0x82, 0x7f, 0x7f, 0x7f, 0x7f, 0x7d, 0x82, 0x87, 0x86, 0x8a, 0x86, 0x8a, 0x8b, 0x8b, 0x8b, 0x8b, 0x8b, 0x8f, 0x8f, 0x8d, 0x8f, 0x8f, 0x8b, 0x8b, 0x8b, 0x8b, 0x86, 0x8a, 0x86, 0x8a, 0x86, 0x86, 0x82, 0x82, 0x7f, 0x81, 0x81, 0x81, 0x81, 0x81, 0x83, 0x82, 0x89, 0x89, 0x8f, 0x8f, 0x8f, 0x94, 0x8f, 0x8f, 0x8f, 0x8f, 0x8f, 0x8f, 0x8f, 0x8f, 0x8f, 0x8f, 0x8f, 0x8f, 0x8f, 0x8f, 0x8f, 0x8f, 0x8f, 0x8f, 0x8f, 0x8f, 0x8f, 0x8f, 0x8f, 0x8f, 0x8f, 0x8f, 0x8d, 0x8b, 0x8a, 0x86, 0x8a, 0x8a, 0x8a, 0x86, 0x86, 0x82, 0x86, 0x82, 0x82, 0x82, 0x82, 0x82, 0x82, 0x82, 0x82, 0x82, 0x82, 0x87, 0x82, 0x86, 0x82, 0x86, 0x82, 0x86, 0x86, 0x86, 0x86, 0x86, 0x89, 0x86, 0x86, 0x83, 0x86, 0x82, 0x86, 0x87, 0x8b, 0x8d, 0x8d, 0x9e, 0x97, 0x99, 0x88, 0x77, 0x74, 0x7c, 0x70, 0x6b, 0x60, 0x66, 0x66, 0x60, 0x66, 0x60, 0x66, 0x66, 0x68, 0x69, 0x66, 0x68, 0x6e, 0x68, 0x68, 0x68, 0x63, 0x68, 0x61, 0x63, 0x63, 0x61, 0x61, 0x61, 0x5c, 0x61, 0x5c, 0x61, 0x5c, 0x33, 0x5c, 0x5c, 0x5c, 0x61, 0x5c, 0x5b, 0x5c, 0x5c, 0x5c, 0x33, 0x5c, 0x33, 0x5c, 0x33, 0x5b, 0x5b, 0x5b, 0x5b, 0x5b, 0x5b, 0x33, 0x5c, 0x33, 0x33, 0x5c, 0x33, 0x33, 0x33, 0x33, 0x33, 0x33, 0x5c, 0x33, 0x33, 0x5b, 0x33, 0x5b, 0x33, 0x33, 0x33, 0x33, 0x33, 0x33, 0x52, 0x33, 0x33, 0x33, 0x33, 0x33, 0x33, 0x33, 0x33, 0x52, 0x33, 0x52, 0x33, 0x52, 0x33, 0x52, 0x33, 0x54, 0x33, 0x54, 0x33, 0x54, 0x52, 0x54, 0x52, 0x54, 0x52, 0x54, 0x54, 0x54, 0x54, 0x52, 0x54, 0x54, 0x54, 
  0x82, 0x82, 0x82, 0x82, 0x82, 0x82, 0x82, 0x82, 0x83, 0x82, 0x81, 0x82, 0x86, 0x89, 0x8a, 0x8a, 0x8a, 0x8a, 0x8f, 0x8b, 0x8f, 0x8b, 0x8f, 0x8f, 0x8f, 0x8f, 0x8f, 0x8f, 0x8f, 0x8b, 0x8f, 0x8b, 0x8b, 0x8a, 0x8a, 0x8b, 0x8a, 0x86, 0x82, 0x86, 0x83, 0x81, 0x81, 0x81, 0x81, 0x7d, 0x81, 0x83, 0x82, 0x89, 0x8b, 0x8d, 0x8f, 0x8d, 0x8f, 0x8f, 0x8f, 0x8d, 0x8f, 0x94, 0x8f, 0x8f, 0x8f, 0x8f, 0x8f, 0x8b, 0x8f, 0x8b, 0x8f, 0x8b, 0x8f, 0x8f, 0x8f, 0x8f, 0x8f, 0x8f, 0x8f, 0x8f, 0x8f, 0x8f, 0x8b, 0x8b, 0x8a, 0x8a, 0x8a, 0x8a, 0x86, 0x8a, 0x82, 0x86, 0x82, 0x86, 0x82, 0x82, 0x82, 0x82, 0x82, 0x82, 0x82, 0x82, 0x86, 0x82, 0x87, 0x82, 0x86, 0x82, 0x86, 0x82, 0x86, 0x83, 0x89, 0x86, 0x86, 0x86, 0x86, 0x86, 0x83, 0x86, 0x86, 0x8d, 0x87, 0x8d, 0x8f, 0x99, 0x9a, 0x97, 0x84, 0x71, 0x73, 0x7c, 0x70, 0x66, 0x66, 0x60, 0x60, 0x60, 0x60, 0x66, 0x66, 0x66, 0x69, 0x66, 0x68, 0x68, 0x68, 0x68, 0x68, 0x63, 0x68, 0x61, 0x63, 0x63, 0x63, 0x61, 0x61, 0x60, 0x61, 0x60, 0x61, 0x60, 0x5b, 0x5c, 0x5c, 0x5c, 0x5c, 0x5c, 0x5c, 0x5c, 0x5c, 0x5b, 0x5c, 0x5c, 0x5b, 0x5c, 0x33, 0x5c, 0x5b, 0x5b, 0x5b, 0x5b, 0x5b, 0x33, 0x5b, 0x33, 0x5b, 0x33, 0x33, 0x33, 0x5c, 0x33, 0x5c, 0x33, 0x5c, 0x33, 0x33, 0x5b, 0x33, 0x5b, 0x33, 0x33, 0x33, 0x33, 0x33, 0x33, 0x33, 0x33, 0x33, 0x33, 0x33, 0x33, 0x33, 0x33, 0x33, 0x33, 0x52, 0x52, 0x33, 0x33, 0x52, 0x33, 0x52, 0x33, 0x33, 0x54, 0x33, 0x54, 0x54, 0x33, 0x54, 0x54, 0x54, 0x54, 0x52, 0x54, 0x54, 0x52, 0x53, 0x52, 0x54, 0x54, 
  0x82, 0x82, 0x89, 0x82, 0x83, 0x82, 0x89, 0x86, 0x86, 0x82, 0x82, 0x86, 0x89, 0x8b, 0x8b, 0x8a, 0x8a, 0x8b, 0x8d, 0x8f, 0x8d, 0x8f, 0x8f, 0x8f, 0x8f, 0x8f, 0x8f, 0x8f, 0x8d, 0x8f, 0x8f, 0x8f, 0x8b, 0x8b, 0x8b, 0x8b, 0x8b, 0x8a, 0x89, 0x86, 0x83, 0x83, 0x81, 0x7d, 0x7d, 0x81, 0x7f, 0x7f, 0x82, 0x8a, 0x87, 0x8b, 0x8d, 0x8f, 0x8f, 0x8f, 0x8f, 0x8f, 0x8f, 0x8f, 0x8f, 0x8f, 0x8f, 0x8f, 0x8b, 0x8b, 0x8a, 0x8b, 0x8b, 0x8f, 0x8b, 0x8f, 0x8f, 0x8f, 0x8f, 0x8f, 0x8f, 0x8f, 0x8f, 0x8b, 0x8f, 0x8b, 0x8a, 0x8a, 0x8a, 0x8a, 0x8a, 0x86, 0x86, 0x82, 0x86, 0x82, 0x82, 0x83, 0x82, 0x82, 0x7f, 0x82, 0x82, 0x87, 0x82, 0x89, 0x82, 0x89, 0x86, 0x87, 0x86, 0x82, 0x86, 0x82, 0x86, 0x86, 0x86, 0x82, 0x86, 0x83, 0x86, 0x89, 0x87, 0x8b, 0x87, 0x87, 0x98, 0x9c, 0x9a, 0x91, 0x84, 0x74, 0x71, 0x7b, 0x6e, 0x66, 0x66, 0x60, 0x66, 0x6b, 0x60, 0x66, 0x60, 0x66, 0x69, 0x66, 0x6e, 0x68, 0x6e, 0x68, 0x68, 0x63, 0x68, 0x63, 0x61, 0x68, 0x61, 0x66, 0x61, 0x63, 0x5c, 0x61, 0x5c, 0x61, 0x33, 0x5c, 0x33, 0x5c, 0x5c, 0x5c, 0x5c, 0x5b, 0x5c, 0x5c, 0x5b, 0x5c, 0x5c, 0x61, 0x33, 0x5b, 0x33, 0x5c, 0x5b, 0x5b, 0x5b, 0x5b, 0x33, 0x5b, 0x33, 0x5c, 0x33, 0x5b, 0x33, 0x5b, 0x5b, 0x5b, 0x5b, 0x33, 0x5b, 0x33, 0x5b, 0x33, 0x5b, 0x33, 0x5b, 0x33, 0x33, 0x33, 0x33, 0x33, 0x33, 0x33, 0x33, 0x33, 0x33, 0x52, 0x33, 0x52, 0x33, 0x33, 0x52, 0x33, 0x33, 0x54, 0x33, 0x54, 0x54, 0x33, 0x54, 0x54, 0x54, 0x54, 0x54, 0x54, 0x54, 0x52, 0x53, 0x52, 0x54, 0x54, 0x52, 0x54, 0x52, 0x52, 
  0x82, 0x82, 0x82, 0x82, 0x86, 0x82, 0x89, 0x82, 0x89, 0x89, 0x86, 0x8b, 0x8a, 0x89, 0x8b, 0x8b, 0x8b, 0x8b, 0x8f, 0x8f, 0x8f, 0x8f, 0x8f, 0x8f, 0x8f, 0x8f, 0x8f, 0x8f, 0x8f, 0x8f, 0x8f, 0x8f, 0x8b, 0x8f, 0x8b, 0x8b, 0x8a, 0x8a, 0x86, 0x86, 0x83, 0x83, 0x81, 0x7f, 0x7d, 0x7f, 0x81, 0x82, 0x82, 0x89, 0x8b, 0x8f, 0x8f, 0x8f, 0x8f, 0x8f, 0x8f, 0x8f, 0x8f, 0x8f, 0x8f, 0x8b, 0x8b, 0x8b, 0x8f, 0x8a, 0x8b, 0x8a, 0x8a, 0x8f, 0x8b, 0x8f, 0x8f, 0x8f, 0x8f, 0x8f, 0x8f, 0x8f, 0x8f, 0x8b, 0x8b, 0x8a, 0x8a, 0x8a, 0x8a, 0x8a, 0x89, 0x86, 0x86, 0x82, 0x82, 0x82, 0x82, 0x7f, 0x82, 0x7f, 0x7f, 0x82, 0x82, 0x82, 0x82, 0x87, 0x89, 0x87, 0x82, 0x89, 0x82, 0x86, 0x82, 0x86, 0x82, 0x82, 0x82, 0x82, 0x7f, 0x86, 0x86, 0x86, 0x87, 0x87, 0x8d, 0x95, 0x93, 0x92, 0x7b, 0x80, 0x79, 0x6e, 0x79, 0x84, 0x6e, 0x60, 0x66, 0x66, 0x66, 0x60, 0x66, 0x66, 0x66, 0x66, 0x6e, 0x66, 0x68, 0x68, 0x68, 0x68, 0x63, 0x66, 0x63, 0x66, 0x63, 0x63, 0x63, 0x63, 0x5c, 0x66, 0x5c, 0x60, 0x61, 0x60, 0x5c, 0x33, 0x5c, 0x33, 0x5c, 0x5c, 0x5c, 0x5c, 0x5c, 0x5b, 0x5c, 0x5c, 0x5c, 0x5c, 0x5b, 0x33, 0x5c, 0x33, 0x61, 0x5b, 0x5b, 0x5b, 0x5b, 0x5b, 0x5b, 0x33, 0x33, 0x33, 0x5c, 0x5b, 0x5b, 0x5b, 0x33, 0x5b, 0x33, 0x5b, 0x33, 0x5b, 0x33, 0x5b, 0x33, 0x33, 0x33, 0x33, 0x33, 0x33, 0x33, 0x33, 0x33, 0x33, 0x52, 0x33, 0x52, 0x33, 0x52, 0x33, 0x33, 0x33, 0x54, 0x33, 0x54, 0x33, 0x54, 0x33, 0x54, 0x54, 0x54, 0x54, 0x54, 0x54, 0x54, 0x54, 0x52, 0x54, 0x52, 0x54, 0x51, 0x52, 0x54, 0x52, 
  0x82, 0x82, 0x86, 0x82, 0x86, 0x82, 0x89, 0x86, 0x8a, 0x86, 0x89, 0x8f, 0x89, 0x8f, 0x8b, 0x8b, 0x8b, 0x8b, 0x8f, 0x8d, 0x8f, 0x8f, 0x8f, 0x8f, 0x8f, 0x8f, 0x8f, 0x8f, 0x8f, 0x8f, 0x8f, 0x8f, 0x8f, 0x8b, 0x8f, 0x8a, 0x86, 0x8a, 0x8b, 0x86, 0x86, 0x83, 0x83, 0x7f, 0x81, 0x7f, 0x7f, 0x7f, 0x82, 0x86, 0x8a, 0x89, 0x87, 0x8b, 0x8b, 0x8f, 0x8b, 0x8b, 0x8b, 0x8f, 0x8b, 0x8b, 0x8f, 0x8b, 0x8a, 0x8a, 0x86, 0x82, 0x86, 0x8b, 0x8b, 0x8f, 0x8f, 0x8f, 0x8f, 0x8f, 0x8f, 0x8f, 0x8f, 0x8b, 0x8a, 0x8a, 0x8a, 0x8a, 0x8a, 0x8a, 0x86, 0x86, 0x86, 0x82, 0x82, 0x82, 0x7f, 0x7f, 0x7a, 0x7a, 0x7f, 0x7a, 0x82, 0x82, 0x86, 0x82, 0x89, 0x86, 0x89, 0x86, 0x89, 0x82, 0x82, 0x82, 0x82, 0x82, 0x82, 0x82, 0x86, 0x82, 0x87, 0x87, 0x87, 0x8d, 0x87, 0x74, 0x6e, 0x70, 0x75, 0x80, 0x7c, 0x6f, 0x78, 0x80, 0x7c, 0x66, 0x66, 0x66, 0x6a, 0x66, 0x66, 0x66, 0x66, 0x69, 0x66, 0x6e, 0x66, 0x68, 0x6b, 0x68, 0x66, 0x68, 0x66, 0x63, 0x63, 0x66, 0x63, 0x66, 0x63, 0x61, 0x61, 0x61, 0x5c, 0x61, 0x33, 0x5c, 0x33, 0x5c, 0x5c, 0x5c, 0x5c, 0x5b, 0x5c, 0x5c, 0x5b, 0x5c, 0x5b, 0x5c, 0x33, 0x61, 0x33, 0x5b, 0x5b, 0x5b, 0x5b, 0x5b, 0x33, 0x5b, 0x33, 0x5c, 0x33, 0x5b, 0x33, 0x5b, 0x5b, 0x5b, 0x5b, 0x33, 0x5b, 0x33, 0x5b, 0x33, 0x5b, 0x33, 0x5b, 0x33, 0x33, 0x33, 0x33, 0x33, 0x33, 0x33, 0x33, 0x33, 0x33, 0x52, 0x33, 0x52, 0x33, 0x33, 0x52, 0x33, 0x33, 0x33, 0x33, 0x54, 0x33, 0x54, 0x54, 0x54, 0x54, 0x54, 0x54, 0x54, 0x54, 0x52, 0x53, 0x52, 0x53, 0x52, 0x52, 0x52, 0x51, 0x52, 
  0x82, 0x82, 0x82, 0x86, 0x83, 0x89, 0x82, 0x8a, 0x86, 0x8b, 0x8b, 0x8b, 0x8f, 0x8f, 0x8f, 0x8b, 0x8b, 0x8f, 0x8f, 0x8f, 0x8f, 0x8f, 0x8f, 0x8f, 0x8f, 0x8f, 0x8f, 0x8f, 0x8f, 0x8b, 0x8f, 0x8d, 0x8f, 0x8f, 0x8f, 0x8a, 0x8a, 0x8a, 0x8b, 0x89, 0x86, 0x83, 0x82, 0x82, 0x82, 0x82, 0x82, 0x7f, 0x82, 0x89, 0x86, 0x86, 0x8b, 0x86, 0x8a, 0x86, 0x87, 0x8a, 0x8a, 0x8a, 0x8a, 0x8a, 0x8a, 0x8a, 0x8a, 0x86, 0x7f, 0x82, 0x82, 0x87, 0x89, 0x8f, 0x8f, 0x8d, 0x8b, 0x8f, 0x8b, 0x8f, 0x8b, 0x8b, 0x8b, 0x8a, 0x8a, 0x8a, 0x8a, 0x8a, 0x86, 0x86, 0x86, 0x82, 0x82, 0x82, 0x7f, 0x77, 0x7a, 0x77, 0x7a, 0x77, 0x82, 0x82, 0x82, 0x89, 0x87, 0x89, 0x87, 0x89, 0x86, 0x82, 0x86, 0x82, 0x82, 0x82, 0x82, 0x82, 0x82, 0x87, 0x8d, 0x88, 0x80, 0x6e, 0x64, 0x6b, 0x71, 0x75, 0x77, 0x87, 0x75, 0x6f, 0x78, 0x80, 0x84, 0x79, 0x6b, 0x69, 0x64, 0x64, 0x64, 0x64, 0x69, 0x66, 0x6e, 0x66, 0x66, 0x64, 0x66, 0x66, 0x66, 0x66, 0x66, 0x63, 0x66, 0x63, 0x66, 0x61, 0x63, 0x66, 0x5c, 0x60, 0x61, 0x60, 0x5c, 0x33, 0x5c, 0x33, 0x5c, 0x5c, 0x61, 0x5c, 0x5c, 0x5b, 0x5c, 0x5c, 0x5c, 0x5c, 0x5c, 0x5b, 0x5c, 0x5b, 0x5b, 0x5b, 0x5b, 0x5b, 0x5b, 0x5b, 0x5b, 0x33, 0x33, 0x33, 0x5c, 0x5b, 0x5b, 0x5b, 0x33, 0x5b, 0x33, 0x5b, 0x33, 0x5b, 0x33, 0x5b, 0x33, 0x33, 0x33, 0x33, 0x33, 0x33, 0x33, 0x33, 0x33, 0x33, 0x52, 0x33, 0x33, 0x33, 0x52, 0x33, 0x33, 0x33, 0x54, 0x33, 0x54, 0x33, 0x54, 0x33, 0x54, 0x54, 0x54, 0x54, 0x54, 0x54, 0x54, 0x54, 0x52, 0x54, 0x52, 0x54, 0x51, 0x52, 0x52, 0x51, 
  0x82, 0x86, 0x86, 0x82, 0x89, 0x82, 0x89, 0x8b, 0x8b, 0x8b, 0x8f, 0x8f, 0x8f, 0x8f, 0x8f, 0x8f, 0x8f, 0x8f, 0x8f, 0x8f, 0x8f, 0x8f, 0x8f, 0x8f, 0x8f, 0x8f, 0x8f, 0x8f, 0x8f, 0x8b, 0x8f, 0x8f, 0x8f, 0x8f, 0x8f, 0x8b, 0x8a, 0x8b, 0x8a, 0x8a, 0x8a, 0x86, 0x82, 0x82, 0x82, 0x82, 0x83, 0x82, 0x86, 0x82, 0x83, 0x82, 0x86, 0x86, 0x86, 0x87, 0x86, 0x86, 0x86, 0x86, 0x8a, 0x86, 0x8a, 0x86, 0x86, 0x82, 0x82, 0x7f, 0x82, 0x82, 0x87, 0x87, 0x8f, 0x87, 0x8f, 0x8b, 0x8b, 0x8b, 0x8a, 0x8a, 0x8a, 0x8a, 0x8a, 0x8a, 0x8b, 0x87, 0x8a, 0x86, 0x86, 0x82, 0x82, 0x82, 0x7a, 0x7a, 0x7a, 0x7a, 0x7a, 0x7a, 0x82, 0x82, 0x89, 0x86, 0x89, 0x86, 0x89, 0x86, 0x89, 0x82, 0x86, 0x82, 0x82, 0x82, 0x82, 0x80, 0x87, 0x87, 0x74, 0x69, 0x66, 0x66, 0x6c, 0x6f, 0x6c, 0x6f, 0x75, 0x87, 0x75, 0x6e, 0x78, 0x7c, 0x7c, 0x80, 0x7c, 0x66, 0x64, 0x60, 0x60, 0x64, 0x66, 0x69, 0x6b, 0x62, 0x60, 0x64, 0x64, 0x6a, 0x60, 0x68, 0x60, 0x5c, 0x66, 0x66, 0x63, 0x66, 0x63, 0x61, 0x61, 0x61, 0x5c, 0x5c, 0x5c, 0x5c, 0x5c, 0x61, 0x5c, 0x63, 0x5c, 0x5b, 0x5c, 0x5c, 0x5b, 0x5c, 0x5b, 0x5c, 0x5b, 0x5c, 0x33, 0x5b, 0x5b, 0x5b, 0x33, 0x5b, 0x33, 0x33, 0x33, 0x5b, 0x5b, 0x5b, 0x5b, 0x33, 0x5b, 0x33, 0x5b, 0x33, 0x5b, 0x5b, 0x5b, 0x5b, 0x5b, 0x33, 0x5b, 0x5b, 0x5b, 0x5b, 0x5b, 0x5b, 0x33, 0x33, 0x33, 0x33, 0x33, 0x33, 0x33, 0x33, 0x52, 0x33, 0x52, 0x33, 0x33, 0x33, 0x33, 0x54, 0x54, 0x54, 0x54, 0x54, 0x54, 0x54, 0x54, 0x54, 0x54, 0x52, 0x53, 0x52, 0x51, 0x52, 0x52, 0x52, 0x51, 0x52, 
  0x86, 0x86, 0x82, 0x86, 0x87, 0x86, 0x87, 0x8b, 0x8f, 0x8f, 0x8f, 0x8f, 0x8f, 0x8f, 0x8f, 0x8f, 0x8f, 0x8f, 0x8f, 0x8f, 0x8f, 0x8f, 0x8f, 0x8f, 0x8f, 0x8f, 0x8f, 0x8f, 0x8f, 0x8f, 0x8b, 0x8f, 0x87, 0x8f, 0x87, 0x8f, 0x8b, 0x8a, 0x8a, 0x8a, 0x89, 0x86, 0x86, 0x82, 0x86, 0x82, 0x86, 0x83, 0x86, 0x86, 0x83, 0x83, 0x83, 0x82, 0x7f, 0x7f, 0x82, 0x7f, 0x7f, 0x82, 0x7f, 0x83, 0x7f, 0x83, 0x86, 0x82, 0x7f, 0x7a, 0x7f, 0x82, 0x87, 0x89, 0x87, 0x8f, 0x87, 0x8b, 0x8b, 0x8b, 0x8a, 0x8a, 0x8a, 0x8a, 0x8a, 0x8a, 0x8b, 0x8a, 0x86, 0x86, 0x86, 0x7f, 0x82, 0x7a, 0x77, 0x76, 0x71, 0x7a, 0x7a, 0x7a, 0x82, 0x87, 0x86, 0x87, 0x89, 0x87, 0x89, 0x87, 0x86, 0x87, 0x82, 0x86, 0x82, 0x82, 0x80, 0x8d, 0x79, 0x6c, 0x64, 0x69, 0x6e, 0x6c, 0x6f, 0x6a, 0x6f, 0x80, 0x87, 0x85, 0x74, 0x6f, 0x7c, 0x7c, 0x80, 0x80, 0x80, 0x75, 0x58, 0x60, 0x5a, 0x60, 0x64, 0x69, 0x66, 0x66, 0x5c, 0x60, 0x64, 0x64, 0x6a, 0x60, 0x66, 0x6e, 0x5c, 0x66, 0x66, 0x68, 0x63, 0x5c, 0x61, 0x60, 0x61, 0x5c, 0x5c, 0x5c, 0x5c, 0x5c, 0x61, 0x5c, 0x61, 0x5c, 0x5c, 0x5b, 0x5c, 0x5c, 0x5c, 0x5c, 0x5c, 0x5c, 0x5c, 0x5b, 0x33, 0x5c, 0x5b, 0x33, 0x5b, 0x33, 0x5b, 0x5b, 0x5b, 0x5b, 0x5b, 0x33, 0x5b, 0x33, 0x5b, 0x33, 0x5b, 0x5b, 0x5b, 0x5b, 0x5b, 0x5b, 0x33, 0x5b, 0x33, 0x5b, 0x33, 0x5b, 0x33, 0x5b, 0x33, 0x33, 0x33, 0x33, 0x59, 0x33, 0x33, 0x33, 0x33, 0x33, 0x33, 0x54, 0x59, 0x54, 0x59, 0x54, 0x54, 0x54, 0x54, 0x54, 0x54, 0x54, 0x54, 0x52, 0x52, 0x52, 0x54, 0x52, 0x51, 0x52, 0x51, 0x52, 
  0x8b, 0x87, 0x8a, 0x89, 0x86, 0x86, 0x86, 0x8b, 0x8f, 0x8f, 0x8f, 0x8f, 0x8f, 0x8f, 0x94, 0x8f, 0x94, 0x8f, 0x8f, 0x8f, 0x8f, 0x8f, 0x8f, 0x8f, 0x8f, 0x8f, 0x94, 0x8f, 0x8b, 0x8f, 0x87, 0x8f, 0x8b, 0x8f, 0x8b, 0x8f, 0x8b, 0x8b, 0x8a, 0x8a, 0x8a, 0x89, 0x82, 0x86, 0x82, 0x82, 0x83, 0x86, 0x83, 0x86, 0x83, 0x86, 0x7f, 0x7f, 0x7d, 0x7a, 0x7a, 0x7a, 0x7a, 0x7a, 0x7f, 0x7f, 0x82, 0x7f, 0x7f, 0x7f, 0x7d, 0x7f, 0x7a, 0x82, 0x82, 0x87, 0x89, 0x87, 0x8b, 0x8b, 0x8b, 0x8b, 0x8a, 0x8a, 0x8a, 0x8a, 0x86, 0x8a, 0x89, 0x86, 0x86, 0x82, 0x82, 0x7f, 0x7f, 0x7a, 0x7a, 0x7a, 0x7a, 0x76, 0x7a, 0x7a, 0x82, 0x82, 0x86, 0x86, 0x86, 0x89, 0x86, 0x89, 0x86, 0x89, 0x87, 0x82, 0x80, 0x87, 0x88, 0x6e, 0x66, 0x69, 0x69, 0x69, 0x69, 0x6c, 0x69, 0x6e, 0x87, 0x85, 0x80, 0x87, 0x74, 0x70, 0x80, 0x7b, 0x7c, 0x80, 0x80, 0x85, 0x6f, 0x5a, 0x60, 0x5a, 0x66, 0x69, 0x69, 0x64, 0x60, 0x5a, 0x64, 0x60, 0x5a, 0x6f, 0x7c, 0x80, 0x74, 0x6e, 0x5c, 0x66, 0x68, 0x66, 0x5c, 0x5c, 0x5c, 0x5c, 0x5c, 0x5c, 0x5c, 0x61, 0x5c, 0x63, 0x5c, 0x5b, 0x5c, 0x5c, 0x5b, 0x5c, 0x5b, 0x5c, 0x5b, 0x5c, 0x33, 0x5c, 0x5b, 0x5b, 0x33, 0x5b, 0x33, 0x5b, 0x33, 0x5b, 0x5b, 0x5b, 0x5b, 0x33, 0x5b, 0x33, 0x5b, 0x33, 0x5b, 0x5b, 0x5b, 0x5b, 0x5b, 0x5b, 0x33, 0x5b, 0x33, 0x5b, 0x33, 0x5b, 0x33, 0x33, 0x33, 0x5b, 0x33, 0x33, 0x33, 0x33, 0x54, 0x33, 0x54, 0x33, 0x54, 0x33, 0x54, 0x59, 0x54, 0x59, 0x54, 0x54, 0x54, 0x54, 0x54, 0x54, 0x52, 0x53, 0x52, 0x53, 0x52, 0x51, 0x52, 0x51, 0x52, 0x51, 
  0x87, 0x8f, 0x87, 0x8b, 0x86, 0x87, 0x8b, 0x8b, 0x8f, 0x8f, 0x8f, 0x8f, 0x8f, 0x8f, 0x8f, 0x8f, 0x8f, 0x8f, 0x8f, 0x8f, 0x8f, 0x8f, 0x8f, 0x8f, 0x8f, 0x8f, 0x8f, 0x8f, 0x8f, 0x8d, 0x8b, 0x8d, 0x8b, 0x8d, 0x8b, 0x8f, 0x8a, 0x8b, 0x8a, 0x8a, 0x8a, 0x86, 0x86, 0x86, 0x86, 0x86, 0x86, 0x83, 0x86, 0x83, 0x83, 0x7f, 0x83, 0x7d, 0x7d, 0x76, 0x76, 0x7a, 0x7a, 0x7a, 0x7f, 0x7d, 0x7f, 0x7d, 0x7f, 0x7d, 0x7d, 0x76, 0x7d, 0x7d, 0x82, 0x86, 0x86, 0x89, 0x8b, 0x8b, 0x8b, 0x8b, 0x8a, 0x8a, 0x8a, 0x8a, 0x86, 0x89, 0x86, 0x86, 0x7f, 0x82, 0x82, 0x7f, 0x7a, 0x7a, 0x7a, 0x76, 0x7a, 0x76, 0x7a, 0x7d, 0x7a, 0x82, 0x82, 0x87, 0x86, 0x87, 0x86, 0x87, 0x82, 0x87, 0x82, 0x88, 0x87, 0x74, 0x66, 0x69, 0x6b, 0x69, 0x6a, 0x69, 0x6c, 0x64, 0x74, 0x84, 0x80, 0x80, 0x87, 0x85, 0x74, 0x74, 0x78, 0x7c, 0x7c, 0x80, 0x79, 0x7c, 0x80, 0x69, 0x5a, 0x60, 0x64, 0x69, 0x69, 0x5a, 0x58, 0x64, 0x5a, 0x62, 0x77, 0x7c, 0x7c, 0x78, 0x7b, 0x74, 0x70, 0x5c, 0x66, 0x66, 0x66, 0x5c, 0x5c, 0x5c, 0x5c, 0x5c, 0x5c, 0x5c, 0x61, 0x5c, 0x61, 0x5c, 0x5c, 0x5b, 0x5c, 0x5c, 0x5c, 0x5c, 0x5c, 0x5c, 0x5c, 0x5b, 0x33, 0x5c, 0x5b, 0x33, 0x5b, 0x33, 0x5b, 0x5b, 0x5b, 0x5b, 0x5b, 0x33, 0x5b, 0x33, 0x5b, 0x5b, 0x5b, 0x5b, 0x5b, 0x5b, 0x61, 0x33, 0x5b, 0x33, 0x5b, 0x33, 0x5b, 0x33, 0x5b, 0x33, 0x5c, 0x33, 0x33, 0x33, 0x59, 0x33, 0x33, 0x33, 0x33, 0x33, 0x54, 0x54, 0x59, 0x54, 0x59, 0x54, 0x54, 0x54, 0x54, 0x54, 0x54, 0x54, 0x54, 0x52, 0x52, 0x52, 0x52, 0x52, 0x52, 0x52, 0x51, 0x52, 
  0x8f, 0x8d, 0x8f, 0x87, 0x8b, 0x8b, 0x8b, 0x8f, 0x8f, 0x8f, 0x8f, 0x8f, 0x8f, 0x8f, 0x94, 0x8f, 0x94, 0x8f, 0x8f, 0x8f, 0x8f, 0x8f, 0x8f, 0x8f, 0x8f, 0x8f, 0x94, 0x8f, 0x8f, 0x8b, 0x8d, 0x8f, 0x8b, 0x8f, 0x87, 0x8f, 0x8b, 0x8a, 0x8b, 0x8b, 0x86, 0x89, 0x82, 0x86, 0x82, 0x86, 0x83, 0x86, 0x83, 0x86, 0x83, 0x7f, 0x7f, 0x7a, 0x7d, 0x7a, 0x76, 0x7a, 0x7a, 0x7d, 0x7a, 0x7f, 0x7d, 0x7f, 0x7d, 0x7f, 0x7a, 0x7d, 0x7d, 0x7d, 0x83, 0x82, 0x82, 0x86, 0x86, 0x8b, 0x8b, 0x8b, 0x8b, 0x8a, 0x8a, 0x8b, 0x86, 0x86, 0x89, 0x86, 0x83, 0x7f, 0x7f, 0x7a, 0x7a, 0x7a, 0x76, 0x7a, 0x76, 0x76, 0x76, 0x7d, 0x7d, 0x82, 0x82, 0x86, 0x86, 0x86, 0x86, 0x86, 0x87, 0x82, 0x87, 0x88, 0x66, 0x66, 0x6b, 0x69, 0x6a, 0x69, 0x6a, 0x69, 0x60, 0x74, 0x80, 0x84, 0x84, 0x87, 0x80, 0x87, 0x6f, 0x74, 0x78, 0x84, 0x7c, 0x79, 0x7c, 0x78, 0x85, 0x79, 0x5c, 0x58, 0x64, 0x6b, 0x64, 0x5a, 0x5a, 0x55, 0x69, 0x80, 0x84, 0x78, 0x78, 0x78, 0x78, 0x7c, 0x79, 0x74, 0x5c, 0x66, 0x69, 0x69, 0x66, 0x5c, 0x5c, 0x61, 0x5c, 0x63, 0x5c, 0x63, 0x5c, 0x5b, 0x5c, 0x5c, 0x5b, 0x5c, 0x5b, 0x5c, 0x5b, 0x5c, 0x33, 0x5c, 0x5b, 0x5b, 0x33, 0x5b, 0x33, 0x5b, 0x33, 0x5b, 0x5f, 0x5b, 0x5b, 0x33, 0x5b, 0x33, 0x5b, 0x5b, 0x5b, 0x5b, 0x61, 0x5b, 0x5b, 0x5b, 0x33, 0x5b, 0x33, 0x5b, 0x33, 0x5b, 0x33, 0x33, 0x33, 0x5b, 0x33, 0x33, 0x33, 0x54, 0x33, 0x54, 0x33, 0x54, 0x59, 0x54, 0x54, 0x59, 0x54, 0x59, 0x54, 0x54, 0x54, 0x54, 0x54, 0x54, 0x52, 0x53, 0x52, 0x53, 0x52, 0x51, 0x52, 0x51, 0x52, 0x52, 
  0x8d, 0x8f, 0x8f, 0x8f, 0x8b, 0x8f, 0x8b, 0x8f, 0x8f, 0x8f, 0x94, 0x8f, 0x8f, 0x8f, 0x94, 0x8f, 0x94, 0x8f, 0x94, 0x8f, 0x8f, 0x8f, 0x8f, 0x8f, 0x8f, 0x8f, 0x8f, 0x8f, 0x8f, 0x8f, 0x8f, 0x8f, 0x8d, 0x8f, 0x8f, 0x8f, 0x8f, 0x8f, 0x8b, 0x8a, 0x8a, 0x86, 0x8a, 0x82, 0x86, 0x86, 0x86, 0x86, 0x86, 0x86, 0x83, 0x7f, 0x7f, 0x7d, 0x7a, 0x7a, 0x76, 0x7a, 0x76, 0x7a, 0x7a, 0x7d, 0x76, 0x7d, 0x7a, 0x7d, 0x76, 0x7d, 0x7f, 0x7f, 0x7f, 0x82, 0x82, 0x86, 0x82, 0x87, 0x89, 0x87, 0x86, 0x86, 0x86, 0x86, 0x89, 0x82, 0x86, 0x7f, 0x7f, 0x7f, 0x7a, 0x7d, 0x76, 0x7a, 0x76, 0x76, 0x76, 0x76, 0x76, 0x7a, 0x7a, 0x7f, 0x82, 0x82, 0x87, 0x87, 0x87, 0x82, 0x80, 0x8d, 0x85, 0x69, 0x69, 0x6a, 0x6a, 0x6a, 0x66, 0x6a, 0x64, 0x60, 0x74, 0x80, 0x85, 0x84, 0x84, 0x85, 0x85, 0x85, 0x74, 0x74, 0x7c, 0x7c, 0x7c, 0x80, 0x7c, 0x78, 0x78, 0x87, 0x69, 0x5a, 0x64, 0x69, 0x64, 0x5a, 0x58, 0x6f, 0x85, 0x7c, 0x7c, 0x7c, 0x7c, 0x7c, 0x7c, 0x7c, 0x7c, 0x80, 0x6e, 0x64, 0x64, 0x64, 0x6b, 0x6e, 0x61, 0x5c, 0x61, 0x61, 0x5c, 0x61, 0x61, 0x61, 0x5c, 0x5c, 0x5c, 0x5c, 0x5c, 0x5c, 0x5c, 0x5b, 0x5c, 0x5b, 0x33, 0x5b, 0x5b, 0x5b, 0x5b, 0x5b, 0x5b, 0x33, 0x33, 0x5b, 0x33, 0x5b, 0x33, 0x5b, 0x5b, 0x5b, 0x5b, 0x5b, 0x5b, 0x5b, 0x33, 0x61, 0x5b, 0x5c, 0x5b, 0x33, 0x5c, 0x33, 0x5c, 0x33, 0x5c, 0x33, 0x33, 0x33, 0x33, 0x5b, 0x33, 0x33, 0x33, 0x59, 0x33, 0x59, 0x59, 0x33, 0x59, 0x33, 0x54, 0x54, 0x54, 0x54, 0x54, 0x54, 0x54, 0x52, 0x52, 0x52, 0x52, 0x52, 0x52, 0x52, 0x51, 0x52, 
  0x8f, 0x8f, 0x8f, 0x8f, 0x8b, 0x8b, 0x8b, 0x8f, 0x8f, 0x94, 0x8f, 0x94, 0x8f, 0x94, 0x8f, 0x94, 0x8f, 0x94, 0x8f, 0x94, 0x8f, 0x8f, 0x8f, 0x8f, 0x8f, 0x8f, 0x8f, 0x8f, 0x8f, 0x8f, 0x8f, 0x8f, 0x8f, 0x8f, 0x8f, 0x8f, 0x8f, 0x8f, 0x8f, 0x8a, 0x86, 0x8b, 0x86, 0x86, 0x86, 0x82, 0x86, 0x86, 0x86, 0x86, 0x82, 0x83, 0x7f, 0x7d, 0x7d, 0x7a, 0x7a, 0x76, 0x7a, 0x7a, 0x7d, 0x7a, 0x7d, 0x76, 0x7d, 0x7a, 0x7d, 0x7a, 0x7f, 0x7a, 0x7f, 0x7d, 0x82, 0x82, 0x82, 0x7f, 0x82, 0x7f, 0x82, 0x7f, 0x7d, 0x82, 0x7a, 0x82, 0x7a, 0x7a, 0x7a, 0x7a, 0x7a, 0x7a, 0x76, 0x7a, 0x72, 0x76, 0x76, 0x7a, 0x76, 0x7a, 0x7a, 0x7a, 0x82, 0x82, 0x82, 0x89, 0x82, 0x87, 0x8d, 0x78, 0x66, 0x69, 0x6b, 0x66, 0x6a, 0x66, 0x6a, 0x66, 0x60, 0x6c, 0x87, 0x80, 0x80, 0x84, 0x85, 0x84, 0x85, 0x87, 0x70, 0x74, 0x7c, 0x7c, 0x80, 0x7c, 0x79, 0x7c, 0x78, 0x80, 0x80, 0x55, 0x64, 0x69, 0x55, 0x60, 0x79, 0x80, 0x7c, 0x7c, 0x7c, 0x7c, 0x7c, 0x7c, 0x7c, 0x7c, 0x7c, 0x80, 0x79, 0x66, 0x5a, 0x60, 0x58, 0x66, 0x6f, 0x5e, 0x5c, 0x61, 0x5c, 0x61, 0x63, 0x61, 0x5c, 0x5c, 0x5b, 0x5c, 0x5b, 0x5c, 0x33, 0x5c, 0x5b, 0x5b, 0x5b, 0x5b, 0x5b, 0x5b, 0x5b, 0x5b, 0x5b, 0x33, 0x5b, 0x33, 0x5b, 0x33, 0x5b, 0x33, 0x5b, 0x5b, 0x5b, 0x5b, 0x5b, 0x5b, 0x5c, 0x33, 0x5c, 0x5b, 0x5b, 0x5c, 0x33, 0x5b, 0x33, 0x33, 0x33, 0x33, 0x33, 0x33, 0x33, 0x33, 0x33, 0x33, 0x33, 0x5b, 0x56, 0x5b, 0x54, 0x59, 0x54, 0x59, 0x54, 0x54, 0x54, 0x54, 0x54, 0x54, 0x54, 0x53, 0x52, 0x53, 0x52, 0x51, 0x52, 0x51, 0x52, 0x52, 
  0x8d, 0x8f, 0x8f, 0x8f, 0x8b, 0x8f, 0x8b, 0x8f, 0x8f, 0x8f, 0x94, 0x8f, 0x8f, 0x8f, 0x94, 0x8f, 0x94, 0x8f, 0x94, 0x8f, 0x94, 0x8f, 0x8f, 0x8f, 0x8f, 0x8f, 0x8f, 0x8f, 0x8f, 0x8f, 0x8f, 0x8f, 0x8f, 0x8f, 0x8f, 0x8f, 0x8f, 0x8f, 0x8b, 0x8a, 0x8a, 0x86, 0x89, 0x82, 0x86, 0x86, 0x83, 0x86, 0x83, 0x83, 0x82, 0x7d, 0x7f, 0x7d, 0x7d, 0x76, 0x7a, 0x7a, 0x7a, 0x7d, 0x7a, 0x7d, 0x76, 0x7d, 0x76, 0x7d, 0x76, 0x7d, 0x81, 0x7d, 0x81, 0x7a, 0x7d, 0x81, 0x81, 0x7d, 0x7d, 0x7d, 0x7d, 0x7a, 0x7d, 0x76, 0x7a, 0x7a, 0x7a, 0x7a, 0x76, 0x76, 0x76, 0x76, 0x76, 0x76, 0x76, 0x76, 0x76, 0x76, 0x76, 0x7a, 0x7a, 0x7f, 0x7f, 0x82, 0x82, 0x82, 0x80, 0x8d, 0x74, 0x66, 0x6c, 0x6b, 0x6a, 0x6a, 0x66, 0x6a, 0x66, 0x64, 0x6e, 0x87, 0x80, 0x80, 0x85, 0x84, 0x84, 0x85, 0x87, 0x85, 0x74, 0x74, 0x7c, 0x7c, 0x78, 0x79, 0x7c, 0x78, 0x7c, 0x78, 0x87, 0x6f, 0x5a, 0x62, 0x64, 0x85, 0x7c, 0x80, 0x7c, 0x7c, 0x7c, 0x7c, 0x7c, 0x7c, 0x7c, 0x7c, 0x7c, 0x7c, 0x78, 0x78, 0x60, 0x5a, 0x58, 0x58, 0x5c, 0x75, 0x6d, 0x5c, 0x63, 0x5c, 0x61, 0x61, 0x61, 0x5c, 0x5c, 0x5c, 0x5c, 0x5c, 0x5c, 0x33, 0x5c, 0x33, 0x5b, 0x5b, 0x5b, 0x5b, 0x5b, 0x5b, 0x5b, 0x33, 0x5b, 0x33, 0x5b, 0x33, 0x5b, 0x33, 0x5b, 0x5b, 0x5b, 0x5b, 0x5b, 0x5b, 0x33, 0x61, 0x5b, 0x5c, 0x33, 0x5b, 0x33, 0x5c, 0x33, 0x5c, 0x33, 0x5b, 0x33, 0x33, 0x33, 0x33, 0x33, 0x33, 0x33, 0x59, 0x33, 0x59, 0x59, 0x33, 0x59, 0x33, 0x54, 0x54, 0x54, 0x54, 0x54, 0x54, 0x54, 0x52, 0x52, 0x52, 0x52, 0x52, 0x52, 0x52, 0x51, 0x52, 
  0x8f, 0x8f, 0x8f, 0x8f, 0x8b, 0x8f, 0x8b, 0x8f, 0x8f, 0x94, 0x8f, 0x94, 0x8f, 0x94, 0x8f, 0x94, 0x8f, 0x94, 0x8f, 0x94, 0x8f, 0x94, 0x8f, 0x8f, 0x8f, 0x8f, 0x8f, 0x8f, 0x8f, 0x8f, 0x8f, 0x8f, 0x8f, 0x8f, 0x8f, 0x8f, 0x8f, 0x8f, 0x8f, 0x8a, 0x86, 0x8b, 0x86, 0x86, 0x82, 0x86, 0x86, 0x83, 0x86, 0x86, 0x83, 0x7f, 0x7f, 0x7d, 0x7a, 0x81, 0x7a, 0x7a, 0x7a, 0x7a, 0x7d, 0x76, 0x7d, 0x7a, 0x7d, 0x7a, 0x7d, 0x7a, 0x81, 0x7d, 0x7a, 0x7d, 0x81, 0x81, 0x7a, 0x7d, 0x7a, 0x7d, 0x76, 0x76, 0x76, 0x76, 0x76, 0x76, 0x76, 0x76, 0x72, 0x76, 0x76, 0x76, 0x7a, 0x76, 0x76, 0x76, 0x76, 0x76, 0x76, 0x7a, 0x7a, 0x7a, 0x7a, 0x82, 0x82, 0x75, 0x94, 0x74, 0x69, 0x6f, 0x6a, 0x6a, 0x6a, 0x66, 0x6a, 0x66, 0x64, 0x66, 0x85, 0x84, 0x84, 0x84, 0x80, 0x84, 0x85, 0x84, 0x88, 0x85, 0x74, 0x78, 0x7c, 0x7c, 0x80, 0x7c, 0x7c, 0x7c, 0x78, 0x7c, 0x7c, 0x80, 0x5c, 0x69, 0x85, 0x7c, 0x7c, 0x78, 0x7c, 0x7c, 0x7c, 0x7c, 0x7c, 0x7c, 0x7c, 0x7c, 0x7c, 0x78, 0x78, 0x79, 0x78, 0x60, 0x58, 0x58, 0x58, 0x55, 0x78, 0x6e, 0x5c, 0x68, 0x61, 0x61, 0x61, 0x5c, 0x5b, 0x5c, 0x5b, 0x5c, 0x33, 0x5c, 0x5b, 0x5b, 0x5b, 0x5b, 0x5b, 0x5b, 0x5b, 0x5b, 0x5b, 0x33, 0x5b, 0x33, 0x5b, 0x33, 0x5b, 0x33, 0x5b, 0x5b, 0x5b, 0x5b, 0x33, 0x61, 0x33, 0x5c, 0x33, 0x61, 0x5b, 0x5c, 0x33, 0x5b, 0x33, 0x33, 0x33, 0x33, 0x33, 0x33, 0x33, 0x33, 0x33, 0x33, 0x33, 0x5b, 0x56, 0x5b, 0x54, 0x59, 0x54, 0x59, 0x54, 0x54, 0x54, 0x54, 0x54, 0x54, 0x54, 0x53, 0x52, 0x53, 0x52, 0x51, 0x52, 0x51, 0x52, 0x52, 
  0x8f, 0x8e, 0x8f, 0x8f, 0x8b, 0x8f, 0x8b, 0x8f, 0x8f, 0x8f, 0x94, 0x8f, 0x8f, 0x8f, 0x94, 0x8f, 0x94, 0x8f, 0x94, 0x8f, 0x94, 0x8f, 0x8f, 0x8f, 0x8f, 0x8f, 0x8f, 0x8f, 0x8f, 0x8f, 0x8f, 0x8f, 0x8f, 0x8f, 0x8f, 0x8f, 0x8f, 0x8f, 0x8b, 0x8a, 0x8a, 0x86, 0x89, 0x86, 0x86, 0x86, 0x86, 0x86, 0x83, 0x86, 0x83, 0x83, 0x7f, 0x7d, 0x7d, 0x7a, 0x81, 0x7a, 0x7d, 0x7d, 0x7a, 0x7d, 0x7a, 0x7d, 0x76, 0x7d, 0x76, 0x7d, 0x81, 0x7a, 0x81, 0x76, 0x7d, 0x7a, 0x7d, 0x7a, 0x7a, 0x7a, 0x76, 0x76, 0x76, 0x76, 0x76, 0x76, 0x72, 0x76, 0x76, 0x76, 0x72, 0x76, 0x76, 0x76, 0x76, 0x76, 0x76, 0x7a, 0x76, 0x7a, 0x7a, 0x82, 0x7f, 0x82, 0x82, 0x93, 0x74, 0x69, 0x6f, 0x6a, 0x6c, 0x6a, 0x6a, 0x6a, 0x66, 0x6a, 0x66, 0x85, 0x85, 0x84, 0x84, 0x84, 0x84, 0x84, 0x84, 0x85, 0x85, 0x87, 0x74, 0x75, 0x7c, 0x7c, 0x7c, 0x79, 0x7c, 0x78, 0x78, 0x7c, 0x7c, 0x85, 0x75, 0x80, 0x7c, 0xd4, 0x7c, 0x7c, 0x7c, 0x7c, 0x7c, 0x7c, 0x7c, 0x7c, 0x7c, 0x7c, 0x7c, 0x7c, 0x7c, 0x78, 0x84, 0x6f, 0x58, 0x58, 0x58, 0x55, 0x55, 0x77, 0x6e, 0x5c, 0x63, 0x63, 0x5c, 0x61, 0x5c, 0x5c, 0x5c, 0x5c, 0x5c, 0x5b, 0x5c, 0x5b, 0x5b, 0x5b, 0x5b, 0x5b, 0x5b, 0x5b, 0x5b, 0x5b, 0x5b, 0x5b, 0x5b, 0x5b, 0x33, 0x5b, 0x5b, 0x5b, 0x5b, 0x5b, 0x5b, 0x5b, 0x33, 0x61, 0x5b, 0x5c, 0x33, 0x5b, 0x33, 0x5c, 0x33, 0x5c, 0x33, 0x5b, 0x33, 0x33, 0x33, 0x5b, 0x33, 0x5b, 0x33, 0x59, 0x33, 0x59, 0x59, 0x33, 0x59, 0x33, 0x59, 0x54, 0x59, 0x54, 0x54, 0x54, 0x54, 0x52, 0x52, 0x52, 0x52, 0x52, 0x52, 0x52, 0x51, 0x52, 
  0x8f, 0x94, 0x8f, 0x8f, 0x8f, 0x8f, 0x8f, 0x8f, 0x8f, 0x94, 0x8f, 0x8f, 0x8f, 0x94, 0x8f, 0x94, 0x8f, 0x94, 0x8f, 0x94, 0x94, 0x94, 0x94, 0x94, 0x94, 0x8f, 0x8f, 0x8f, 0x8f, 0x8f, 0x8f, 0x8f, 0x8f, 0x8f, 0x8f, 0x8f, 0x8f, 0x8b, 0x8b, 0x8a, 0x8a, 0x8a, 0x8a, 0x86, 0x86, 0x82, 0x86, 0x86, 0x86, 0x86, 0x83, 0x83, 0x86, 0x7f, 0x7f, 0x7d, 0x7d, 0x7d, 0x7d, 0x7d, 0x81, 0x7d, 0x81, 0x7d, 0x7d, 0x7d, 0x7d, 0x81, 0x7a, 0x81, 0x76, 0x7d, 0x7a, 0x81, 0x76, 0x7a, 0x76, 0x7a, 0x76, 0x72, 0x76, 0x72, 0x76, 0x72, 0x71, 0x72, 0x76, 0x72, 0x76, 0x72, 0x76, 0x76, 0x76, 0x7a, 0x76, 0x76, 0x7a, 0x7a, 0x81, 0x7a, 0x82, 0x7a, 0x8d, 0x7c, 0x69, 0x6f, 0x6b, 0x6a, 0x6a, 0x69, 0x69, 0x69, 0x64, 0x64, 0x75, 0x85, 0x7c, 0x80, 0x85, 0x80, 0x85, 0x85, 0x85, 0x84, 0x87, 0x88, 0x74, 0x78, 0x7c, 0x7c, 0x80, 0x80, 0x7c, 0x7c, 0x80, 0xd4, 0x7c, 0xd4, 0x7c, 0xd4, 0x7c, 0x7c, 0x7c, 0x7c, 0x7c, 0x7c, 0x7c, 0x7c, 0x7c, 0x7c, 0x7c, 0x7c, 0x7c, 0x7c, 0x7c, 0x7c, 0x7c, 0x88, 0x64, 0x58, 0x5a, 0x58, 0x5a, 0x58, 0x80, 0x67, 0x5b, 0x61, 0x63, 0x63, 0x61, 0x5b, 0x5c, 0x5b, 0x5c, 0x33, 0x5b, 0x33, 0x5b, 0x5b, 0x5b, 0x5b, 0x5b, 0x5b, 0x5b, 0x5b, 0x5b, 0x5b, 0x5b, 0x5b, 0x5c, 0x5b, 0x61, 0x61, 0x5b, 0x61, 0x33, 0x5c, 0x61, 0x33, 0x5c, 0x5b, 0x61, 0x5c, 0x5b, 0x61, 0x33, 0x5b, 0x33, 0x5b, 0x33, 0x5b, 0x5b, 0x59, 0x59, 0x59, 0x5b, 0x59, 0x59, 0x5b, 0x54, 0x59, 0x54, 0x59, 0x54, 0x59, 0x54, 0x59, 0x54, 0x54, 0x54, 0x52, 0x53, 0x52, 0x51, 0x52, 0x51, 0x52, 0x52, 0x52, 
  0x8f, 0x8f, 0x8f, 0x8f, 0x8f, 0x8f, 0x8f, 0x8f, 0x8f, 0x8f, 0x8f, 0x8f, 0x8f, 0x94, 0x8f, 0x94, 0x8f, 0x94, 0x8f, 0x94, 0x8f, 0x8f, 0x94, 0x8f, 0x94, 0x8f, 0x8f, 0x8f, 0x8f, 0x8f, 0x8f, 0x8f, 0x8f, 0x94, 0x8f, 0x8f, 0x8f, 0x8b, 0x8b, 0x8a, 0x8a, 0x8a, 0x8a, 0x86, 0x8a, 0x82, 0x86, 0x86, 0x86, 0x86, 0x86, 0x83, 0x86, 0x7f, 0x83, 0x7f, 0x83, 0x81, 0x83, 0x81, 0x7f, 0x7d, 0x7d, 0x7d, 0x7d, 0x7d, 0x7d, 0x7d, 0x7d, 0x81, 0x7a, 0x7d, 0x81, 0x81, 0x7a, 0x7a, 0x7a, 0x76, 0x7a, 0x76, 0x76, 0x76, 0x76, 0x76, 0x76, 0x72, 0x76, 0x72, 0x76, 0x76, 0x76, 0x72, 0x76, 0x76, 0x7a, 0x76, 0x7a, 0x7a, 0x7a, 0x82, 0x7a, 0x87, 0x80, 0x69, 0x6f, 0x6c, 0x6b, 0x6c, 0x6a, 0x6c, 0x6a, 0x69, 0x64, 0x6e, 0x87, 0x78, 0x7c, 0x85, 0x80, 0x85, 0x80, 0x85, 0x84, 0x85, 0x88, 0x87, 0x74, 0x78, 0x7c, 0x7c, 0x7c, 0x80, 0x80, 0x80, 0x85, 0x7c, 0x85, 0x7c, 0x85, 0x7c, 0x85, 0x7c, 0x85, 0x7c, 0x7c, 0x78, 0x7c, 0x7c, 0x7c, 0x7c, 0x7c, 0x7c, 0x7c, 0x7c, 0x7c, 0x7c, 0x7c, 0x7c, 0x79, 0x5a, 0x5a, 0x58, 0x5a, 0x55, 0x55, 0x79, 0x6d, 0x5c, 0x63, 0x61, 0x61, 0x5c, 0x5c, 0x5c, 0x5b, 0x5c, 0x33, 0x5c, 0x5b, 0x5c, 0x5b, 0x5f, 0x5b, 0x5f, 0x5b, 0x61, 0x5f, 0x61, 0x5f, 0x5b, 0x5b, 0x5c, 0x61, 0x5f, 0x61, 0x5b, 0x61, 0x33, 0x5c, 0x5b, 0x61, 0x33, 0x61, 0x33, 0x61, 0x33, 0x5c, 0x33, 0x5b, 0x59, 0x33, 0x33, 0x33, 0x59, 0x59, 0x5b, 0x59, 0x5b, 0x59, 0x59, 0x59, 0x33, 0x59, 0x33, 0x59, 0x33, 0x59, 0x56, 0x54, 0x54, 0x54, 0x52, 0x52, 0x52, 0x54, 0x52, 0x52, 0x52, 0x51, 0x52, 
  0x8f, 0x94, 0x8f, 0x8f, 0x8f, 0x8f, 0x8b, 0x8f, 0x8f, 0x8f, 0x8d, 0x8f, 0x8f, 0x8f, 0x8f, 0x94, 0x8f, 0x94, 0x8f, 0x94, 0x94, 0x8f, 0x94, 0x8f, 0x94, 0x8f, 0x8f, 0x8f, 0x8f, 0x8f, 0x8f, 0x8f, 0x8f, 0x8f, 0x8f, 0x8f, 0x8f, 0x8b, 0x8b, 0x8a, 0x8a, 0x8a, 0x8a, 0x8a, 0x86, 0x82, 0x86, 0x86, 0x86, 0x86, 0x86, 0x86, 0x86, 0x86, 0x83, 0x7f, 0x7f, 0x83, 0x7d, 0x83, 0x7f, 0x7f, 0x7f, 0x7f, 0x7f, 0x7a, 0x7f, 0x81, 0x7f, 0x7d, 0x7a, 0x7d, 0x81, 0x7d, 0x7a, 0x76, 0x7a, 0x7a, 0x76, 0x76, 0x7a, 0x76, 0x76, 0x76, 0x76, 0x76, 0x76, 0x72, 0x76, 0x72, 0x76, 0x76, 0x76, 0x7a, 0x76, 0x76, 0x7a, 0x7a, 0x7a, 0x7a, 0x86, 0x85, 0x69, 0x70, 0x6b, 0x6f, 0x6c, 0x6c, 0x6a, 0x6a, 0x69, 0x64, 0x69, 0x80, 0x80, 0x80, 0x7c, 0x80, 0x85, 0x80, 0x85, 0x85, 0x85, 0x84, 0x87, 0x84, 0x74, 0x78, 0x7c, 0x78, 0x78, 0x6f, 0x78, 0x6f, 0x74, 0x74, 0x70, 0x70, 0x70, 0x74, 0x74, 0x74, 0x78, 0x78, 0x7c, 0x7c, 0x7c, 0x7c, 0x7c, 0x7c, 0x7c, 0x7c, 0x7c, 0x7c, 0x7c, 0x7c, 0x78, 0x78, 0x80, 0x69, 0x58, 0x5a, 0x5a, 0x58, 0x55, 0x55, 0x84, 0x63, 0x5c, 0x68, 0x61, 0x5c, 0x5b, 0x5c, 0x61, 0x33, 0x5c, 0x33, 0x5c, 0x33, 0x5b, 0x5b, 0x5b, 0x5b, 0x5b, 0x5b, 0x61, 0x5b, 0x5c, 0x5b, 0x5c, 0x5b, 0x61, 0x61, 0x5b, 0x61, 0x33, 0x61, 0x33, 0x61, 0x33, 0x61, 0x33, 0x61, 0x33, 0x61, 0x33, 0x5b, 0x33, 0x5b, 0x5b, 0x33, 0x5b, 0x33, 0x59, 0x59, 0x59, 0x59, 0x59, 0x5b, 0x54, 0x59, 0x54, 0x59, 0x54, 0x59, 0x59, 0x59, 0x54, 0x54, 0x54, 0x53, 0x52, 0x53, 0x52, 0x53, 0x52, 0x53, 0x52, 0x53, 
  0x8f, 0x8f, 0x8f, 0x8f, 0x8f, 0x8f, 0x8f, 0x8f, 0x8f, 0x8d, 0x8b, 0x8d, 0x8f, 0x8f, 0x94, 0x8f, 0x94, 0x8f, 0x94, 0x8f, 0x94, 0x8f, 0x94, 0x8f, 0x94, 0x8f, 0x8f, 0x8f, 0x8f, 0x8f, 0x8f, 0x8f, 0x8f, 0x94, 0x8f, 0x8f, 0x8f, 0x8b, 0x8b, 0x8a, 0x8a, 0x8a, 0x8a, 0x86, 0x8a, 0x82, 0x86, 0x86, 0x86, 0x86, 0x87, 0x89, 0x87, 0x83, 0x82, 0x86, 0x82, 0x83, 0x83, 0x83, 0x83, 0x83, 0x82, 0x7f, 0x82, 0x83, 0x82, 0x83, 0x7f, 0x7f, 0x7a, 0x7d, 0x7d, 0x7d, 0x7a, 0x7a, 0x7a, 0x76, 0x7a, 0x76, 0x76, 0x7a, 0x76, 0x76, 0x76, 0x76, 0x72, 0x71, 0x72, 0x76, 0x76, 0x72, 0x76, 0x76, 0x7a, 0x76, 0x7a, 0x7a, 0x81, 0x82, 0x8d, 0x6f, 0x6f, 0x71, 0x6f, 0x6f, 0x6a, 0x6c, 0x6a, 0x6a, 0x6a, 0x64, 0x78, 0x85, 0x80, 0x80, 0x7c, 0x85, 0x80, 0x85, 0x80, 0x85, 0x84, 0x85, 0x88, 0x87, 0x78, 0x78, 0x78, 0x7c, 0x6e, 0x6f, 0x6f, 0x6c, 0x6f, 0x6c, 0x6c, 0x6c, 0x6c, 0x6c, 0x6c, 0x6c, 0x6c, 0x6c, 0x75, 0x75, 0x7c, 0x7c, 0x7c, 0x7c, 0x7c, 0x7c, 0x7c, 0x7c, 0x7c, 0x7c, 0x7c, 0x78, 0x80, 0x79, 0x5a, 0x5a, 0x5a, 0x5a, 0x58, 0x58, 0x66, 0x84, 0x63, 0x63, 0x63, 0x5c, 0x5c, 0x5c, 0x5c, 0x5b, 0x33, 0x5c, 0x33, 0x61, 0x33, 0x61, 0x5b, 0x5c, 0x61, 0x5b, 0x5c, 0x5b, 0x5c, 0x33, 0x61, 0x5b, 0x61, 0x5f, 0x61, 0x5b, 0x61, 0x33, 0x61, 0x33, 0x61, 0x33, 0x61, 0x33, 0x61, 0x33, 0x5c, 0x33, 0x5b, 0x5b, 0x33, 0x5b, 0x33, 0x5b, 0x59, 0x59, 0x59, 0x5b, 0x59, 0x59, 0x59, 0x33, 0x59, 0x33, 0x59, 0x33, 0x59, 0x54, 0x54, 0x54, 0x54, 0x52, 0x52, 0x52, 0x52, 0x54, 0x52, 0x54, 0x53, 0x56, 
  0x8f, 0x8f, 0x8f, 0x8f, 0x8b, 0x8f, 0x8b, 0x8b, 0x8f, 0x8b, 0x8f, 0x8b, 0x8f, 0x8f, 0x8f, 0x94, 0x8f, 0x94, 0x8f, 0x94, 0x8f, 0x94, 0x8f, 0x94, 0x8f, 0x8f, 0x8f, 0x8f, 0x8f, 0x8f, 0x8f, 0x8f, 0x8f, 0x8f, 0x8f, 0x8f, 0x8f, 0x8b, 0x8b, 0x8a, 0x8a, 0x8a, 0x8a, 0x86, 0x86, 0x86, 0x82, 0x86, 0x86, 0x82, 0x86, 0x87, 0x86, 0x86, 0x86, 0x82, 0x86, 0x82, 0x86, 0x83, 0x86, 0x82, 0x86, 0x82, 0x83, 0x82, 0x83, 0x82, 0x7f, 0x82, 0x7f, 0x81, 0x81, 0x7a, 0x7d, 0x7a, 0x7a, 0x7a, 0x76, 0x76, 0x7a, 0x76, 0x76, 0x76, 0x76, 0x76, 0x72, 0x76, 0x76, 0x72, 0x76, 0x76, 0x76, 0x7a, 0x76, 0x76, 0x7a, 0x7a, 0x7a, 0x87, 0x74, 0x70, 0x6f, 0x6f, 0x6f, 0x6f, 0x6c, 0x6c, 0x6a, 0x6a, 0x64, 0x6f, 0x85, 0x7c, 0x80, 0x85, 0x85, 0x84, 0x80, 0x80, 0x85, 0x85, 0x87, 0x84, 0x87, 0x88, 0x74, 0x74, 0x7c, 0x78, 0x6e, 0x6c, 0x6c, 0x6c, 0x6c, 0x6c, 0x6c, 0x6c, 0x6c, 0x6c, 0x6c, 0x6c, 0x69, 0x69, 0x69, 0x6c, 0x74, 0x7c, 0x7c, 0xd4, 0x7c, 0x7c, 0x7c, 0x7c, 0x7c, 0x7c, 0x7c, 0x7c, 0x7c, 0x80, 0x6e, 0x58, 0x5a, 0x5a, 0x58, 0x58, 0x55, 0x70, 0x78, 0x5b, 0x63, 0x5c, 0x5c, 0x5c, 0x5c, 0x5b, 0x5c, 0x33, 0x61, 0x5b, 0x5c, 0x63, 0x5b, 0x61, 0x5b, 0x5c, 0x33, 0x5c, 0x33, 0x5c, 0x5c, 0x5b, 0x61, 0x61, 0x5b, 0x61, 0x5c, 0x61, 0x5b, 0x61, 0x5b, 0x61, 0x5b, 0x61, 0x5b, 0x61, 0x33, 0x61, 0x5b, 0x5b, 0x5f, 0x33, 0x5b, 0x59, 0x5b, 0x59, 0x59, 0x59, 0x5b, 0x59, 0x33, 0x59, 0x54, 0x59, 0x59, 0x59, 0x59, 0x59, 0x54, 0x54, 0x54, 0x53, 0x52, 0x53, 0x52, 0x53, 0x54, 0x53, 0x53, 0x56, 
  0x8f, 0x8f, 0x8f, 0x8f, 0x8b, 0x8b, 0x8b, 0x8b, 0x8b, 0x8b, 0x8f, 0x8f, 0x8f, 0x8d, 0x8f, 0x8f, 0x94, 0x8f, 0x94, 0x8f, 0x95, 0x8f, 0x94, 0x8f, 0x8f, 0x8f, 0x8f, 0x8f, 0x8f, 0x8f, 0x8f, 0x8f, 0x8f, 0x8f, 0x8f, 0x8f, 0x8b, 0x8b, 0x8b, 0x8a, 0x86, 0x8a, 0x86, 0x86, 0x86, 0x86, 0x82, 0x86, 0x82, 0x86, 0x86, 0x86, 0x86, 0x82, 0x82, 0x86, 0x82, 0x86, 0x83, 0x86, 0x83, 0x86, 0x86, 0x86, 0x82, 0x83, 0x83, 0x83, 0x82, 0x83, 0x82, 0x81, 0x7a, 0x82, 0x7a, 0x82, 0x7a, 0x7a, 0x7a, 0x7a, 0x76, 0x7a, 0x76, 0x7a, 0x76, 0x76, 0x76, 0x76, 0x76, 0x72, 0x76, 0x72, 0x76, 0x76, 0x76, 0x7a, 0x7a, 0x7a, 0x87, 0x80, 0x6e, 0x6f, 0x6f, 0x6f, 0x6f, 0x6b, 0x6f, 0x6b, 0x6c, 0x64, 0x69, 0x80, 0x7c, 0x85, 0x85, 0x85, 0x85, 0x80, 0x7c, 0x85, 0x7c, 0x80, 0x87, 0x85, 0x85, 0x8d, 0x78, 0x74, 0x7c, 0x78, 0x6e, 0x6c, 0x6c, 0x6f, 0x6c, 0x6c, 0x6c, 0x6c, 0x6c, 0x6c, 0x6c, 0x6c, 0x69, 0x6c, 0x69, 0x6c, 0x6c, 0x6e, 0x78, 0x7c, 0x7c, 0x7c, 0x7c, 0x7c, 0x7c, 0x7c, 0x7c, 0x7c, 0x7c, 0x7c, 0x78, 0x55, 0x5a, 0x5a, 0x5a, 0x5a, 0x5a, 0x55, 0x79, 0x6d, 0x5c, 0x63, 0x61, 0x5c, 0x5b, 0x5c, 0x5c, 0x5c, 0x5c, 0x61, 0x5c, 0x61, 0x5f, 0x63, 0x5f, 0x5c, 0x5b, 0x5c, 0x5b, 0x5c, 0x33, 0x61, 0x33, 0x61, 0x5b, 0x61, 0x61, 0x61, 0x61, 0x61, 0x61, 0x61, 0x61, 0x61, 0x61, 0x61, 0x61, 0x61, 0x5f, 0x5f, 0x5b, 0x5f, 0x5b, 0x59, 0x59, 0x59, 0x5b, 0x59, 0x59, 0x5b, 0x59, 0x5b, 0x59, 0x5b, 0x59, 0x59, 0x5e, 0x59, 0x54, 0x59, 0x54, 0x52, 0x52, 0x52, 0x52, 0x51, 0x54, 0x53, 0x51, 0x53, 
  0x8f, 0x8f, 0x8f, 0x8f, 0x8b, 0x8b, 0x8b, 0x8a, 0x8f, 0x8b, 0x8f, 0x8f, 0x8f, 0x8f, 0x8f, 0x8f, 0x8f, 0x8f, 0x94, 0x8f, 0x94, 0x8f, 0x8f, 0x94, 0x8f, 0x8f, 0x8f, 0x8f, 0x8f, 0x8f, 0x8f, 0x8f, 0x8f, 0x8f, 0x8f, 0x8f, 0x8b, 0x8b, 0x8b, 0x86, 0x8a, 0x8a, 0x86, 0x86, 0x86, 0x86, 0x86, 0x82, 0x86, 0x82, 0x86, 0x86, 0x86, 0x82, 0x86, 0x82, 0x86, 0x83, 0x86, 0x83, 0x86, 0x86, 0x82, 0x86, 0x83, 0x83, 0x82, 0x83, 0x82, 0x83, 0x82, 0x7f, 0x7f, 0x7a, 0x7f, 0x7a, 0x81, 0x7a, 0x7a, 0x7a, 0x7a, 0x76, 0x7a, 0x7a, 0x7a, 0x76, 0x76, 0x76, 0x76, 0x76, 0x72, 0x76, 0x76, 0x76, 0x76, 0x76, 0x76, 0x82, 0x87, 0x6e, 0x71, 0x70, 0x6f, 0x6f, 0x6f, 0x6c, 0x6f, 0x6c, 0x6c, 0x69, 0x71, 0x80, 0x85, 0x80, 0x85, 0x80, 0x80, 0x84, 0x84, 0x79, 0x74, 0x78, 0x87, 0x85, 0x85, 0x8d, 0x78, 0x74, 0x78, 0x78, 0x69, 0x6c, 0x6c, 0x6c, 0x6e, 0x6c, 0x6c, 0x6c, 0x6c, 0x6c, 0x6a, 0x6c, 0x69, 0x69, 0x69, 0x6a, 0x6b, 0x6a, 0x6c, 0x70, 0x7c, 0x7c, 0x7c, 0x7c, 0x7c, 0x7c, 0x7c, 0x7c, 0x7c, 0x7c, 0x7c, 0x6a, 0x55, 0x5a, 0x5a, 0x58, 0x5a, 0x58, 0x60, 0x73, 0x63, 0x5c, 0x61, 0x5c, 0x5c, 0x5c, 0x5b, 0x5c, 0x5c, 0x61, 0x5c, 0x5f, 0x61, 0x5f, 0x63, 0x33, 0x61, 0x33, 0x5c, 0x5b, 0x61, 0x33, 0x61, 0x5b, 0x61, 0x61, 0x61, 0x61, 0x61, 0x61, 0x61, 0x61, 0x61, 0x61, 0x61, 0x61, 0x33, 0x61, 0x5f, 0x5f, 0x5f, 0x5b, 0x5b, 0x59, 0x5b, 0x59, 0x59, 0x59, 0x5b, 0x59, 0x59, 0x59, 0x59, 0x59, 0x59, 0x59, 0x59, 0x56, 0x5b, 0x54, 0x54, 0x53, 0x52, 0x51, 0x54, 0x54, 0x56, 0x51, 0x53, 0x51, 
  0x8f, 0x8f, 0x8f, 0x8f, 0x8b, 0x8f, 0x8a, 0x8b, 0x8b, 0x8b, 0x8b, 0x8f, 0x8f, 0x8f, 0x8f, 0x8f, 0x8f, 0x8f, 0x8f, 0x94, 0x8f, 0x8f, 0x94, 0x8f, 0x8f, 0x8f, 0x8f, 0x8f, 0x8f, 0x8f, 0x8f, 0x8f, 0x8f, 0x8f, 0x8f, 0x8f, 0x8b, 0x8b, 0x8b, 0x8a, 0x86, 0x8a, 0x86, 0x86, 0x86, 0x86, 0x82, 0x86, 0x82, 0x86, 0x86, 0x86, 0x86, 0x82, 0x86, 0x82, 0x86, 0x86, 0x83, 0x86, 0x86, 0x86, 0x86, 0x86, 0x82, 0x83, 0x83, 0x83, 0x82, 0x83, 0x82, 0x7f, 0x7f, 0x7a, 0x7f, 0x7a, 0x82, 0x7a, 0x7d, 0x7a, 0x7a, 0x7a, 0x7a, 0x7a, 0x7a, 0x76, 0x76, 0x76, 0x76, 0x72, 0x76, 0x76, 0x72, 0x76, 0x7a, 0x76, 0x71, 0x8b, 0x74, 0x70, 0x6f, 0x6f, 0x6f, 0x6f, 0x6f, 0x6b, 0x6f, 0x6b, 0x69, 0x6e, 0x85, 0x84, 0x80, 0x85, 0x80, 0x80, 0x85, 0x84, 0x79, 0x78, 0x74, 0x78, 0x87, 0x85, 0x85, 0x8d, 0x78, 0x74, 0x7c, 0x78, 0x6e, 0x6c, 0x6b, 0x6f, 0x6c, 0x6c, 0x6c, 0x6c, 0x6c, 0x6c, 0x6c, 0x6c, 0x6a, 0x69, 0x6c, 0x69, 0x6a, 0x6a, 0x6a, 0x69, 0x74, 0x7c, 0x7c, 0x7c, 0x7c, 0x7c, 0x7c, 0x7c, 0x7c, 0x7c, 0x7c, 0x71, 0x64, 0x55, 0x5a, 0x5a, 0x5a, 0x58, 0x58, 0x66, 0x73, 0x5c, 0x5c, 0x63, 0x5c, 0x5c, 0x5c, 0x5c, 0x5b, 0x5c, 0x5b, 0x61, 0x5f, 0x61, 0x5f, 0x5c, 0x5b, 0x5c, 0x5b, 0x61, 0x33, 0x61, 0x61, 0x61, 0x61, 0x5f, 0x61, 0x61, 0x61, 0x61, 0x61, 0x61, 0x61, 0x61, 0x61, 0x61, 0x61, 0x61, 0x5f, 0x5f, 0x5b, 0x5f, 0x5f, 0x5b, 0x59, 0x59, 0x5b, 0x59, 0x33, 0x59, 0x5b, 0x59, 0x5b, 0x59, 0x5b, 0x59, 0x59, 0x59, 0x54, 0x54, 0x54, 0x52, 0x52, 0x52, 0x52, 0x51, 0x54, 0x53, 0x51, 0x53, 
  0x8f, 0x8f, 0x8f, 0x8f, 0x8b, 0x8a, 0x8b, 0x8b, 0x8b, 0x8f, 0x8b, 0x8f, 0x8f, 0x8f, 0x8b, 0x8b, 0x8f, 0x8f, 0x8f, 0x8f, 0x8f, 0x8f, 0x8f, 0x94, 0x8f, 0x8f, 0x8f, 0x8f, 0x8f, 0x8f, 0x8f, 0x8f, 0x8f, 0x8f, 0x8f, 0x8f, 0x8b, 0x8b, 0x8b, 0x86, 0x8a, 0x8a, 0x86, 0x86, 0x86, 0x86, 0x86, 0x82, 0x86, 0x82, 0x86, 0x86, 0x86, 0x86, 0x82, 0x86, 0x82, 0x83, 0x86, 0x83, 0x86, 0x86, 0x82, 0x86, 0x83, 0x82, 0x83, 0x82, 0x83, 0x82, 0x83, 0x82, 0x7a, 0x7f, 0x7f, 0x81, 0x81, 0x81, 0x7a, 0x7a, 0x7d, 0x7d, 0x7a, 0x7a, 0x7a, 0x76, 0x76, 0x76, 0x76, 0x76, 0x76, 0x76, 0x71, 0x76, 0x76, 0x76, 0x87, 0x74, 0x6f, 0x74, 0x74, 0x70, 0x6f, 0x6f, 0x6c, 0x6f, 0x6b, 0x6c, 0x66, 0x7c, 0x84, 0x80, 0x84, 0x85, 0x80, 0x85, 0x85, 0x79, 0x74, 0x79, 0x74, 0x74, 0x80, 0x85, 0x85, 0x8d, 0x7c, 0x70, 0x7c, 0x78, 0x6e, 0x6c, 0x6c, 0x6c, 0x6e, 0x6c, 0x6c, 0x6c, 0x6c, 0x6a, 0x6c, 0x6a, 0x6c, 0x69, 0x69, 0x69, 0x6a, 0x6a, 0x6a, 0x6b, 0x66, 0x6f, 0x7c, 0x7c, 0x7c, 0x7c, 0x7c, 0x7c, 0x7c, 0x7c, 0x7c, 0x80, 0x64, 0x55, 0x5a, 0x58, 0x5a, 0x60, 0x58, 0x58, 0x68, 0x6b, 0x5c, 0x61, 0x5b, 0x5c, 0x5b, 0x5c, 0x5c, 0x5b, 0x61, 0x5f, 0x61, 0x5f, 0x63, 0x33, 0x61, 0x33, 0x61, 0x33, 0x61, 0x5b, 0x61, 0x61, 0x61, 0x61, 0x63, 0x61, 0x61, 0x61, 0x61, 0x61, 0x61, 0x61, 0x61, 0x61, 0x33, 0x61, 0x5f, 0x5f, 0x5f, 0x5b, 0x5f, 0x59, 0x59, 0x59, 0x33, 0x57, 0x33, 0x57, 0x33, 0x59, 0x59, 0x59, 0x33, 0x59, 0x59, 0x59, 0x5b, 0x54, 0x54, 0x53, 0x52, 0x51, 0x54, 0x54, 0x53, 0x53, 0x53, 0x51, 
  0x8f, 0x8f, 0x8f, 0x8f, 0x8b, 0x8f, 0x8f, 0x8b, 0x8b, 0x8a, 0x8b, 0x8f, 0x8b, 0x8f, 0x8b, 0x8b, 0x8b, 0x8b, 0x8f, 0x8f, 0x8f, 0x8f, 0x94, 0x8f, 0x94, 0x8f, 0x8f, 0x8f, 0x8f, 0x8f, 0x8f, 0x8f, 0x8f, 0x8f, 0x8f, 0x8f, 0x8b, 0x8b, 0x8b, 0x8a, 0x86, 0x8a, 0x86, 0x8a, 0x86, 0x86, 0x86, 0x86, 0x86, 0x86, 0x86, 0x82, 0x86, 0x82, 0x86, 0x82, 0x86, 0x86, 0x86, 0x86, 0x82, 0x86, 0x82, 0x86, 0x82, 0x86, 0x86, 0x82, 0x83, 0x82, 0x83, 0x7f, 0x7f, 0x7a, 0x82, 0x81, 0x82, 0x82, 0x7f, 0x7f, 0x7a, 0x7f, 0x81, 0x7a, 0x7a, 0x76, 0x76, 0x76, 0x76, 0x76, 0x76, 0x72, 0x76, 0x76, 0x71, 0x89, 0x87, 0x71, 0x74, 0x74, 0x74, 0x6f, 0x74, 0x6c, 0x6f, 0x6f, 0x6f, 0x6a, 0x6f, 0x85, 0x88, 0x84, 0x84, 0x84, 0x88, 0x88, 0x74, 0x74, 0x79, 0x75, 0x75, 0x74, 0x79, 0x85, 0x85, 0x8d, 0x7c, 0x78, 0x78, 0x7c, 0x70, 0x6c, 0x6b, 0x6f, 0x6c, 0x6c, 0x6c, 0x6c, 0x6c, 0x6c, 0x6c, 0x6c, 0x69, 0x69, 0x69, 0x69, 0x69, 0x6c, 0x69, 0x6c, 0x6c, 0x69, 0x74, 0x78, 0x7c, 0x7c, 0x7c, 0x7c, 0x7c, 0x7c, 0x78, 0x84, 0x6f, 0x55, 0x58, 0x58, 0x58, 0x5a, 0x58, 0x5a, 0x58, 0x6e, 0x63, 0x5c, 0x61, 0x5c, 0x5c, 0x5c, 0x5c, 0x5c, 0x5c, 0x5c, 0x61, 0x5b, 0x61, 0x61, 0x5b, 0x61, 0x5b, 0x61, 0x5c, 0x61, 0x61, 0x61, 0x61, 0x61, 0x63, 0x61, 0x63, 0x63, 0x63, 0x63, 0x61, 0x61, 0x61, 0x61, 0x61, 0x61, 0x5b, 0x5f, 0x61, 0x5f, 0x63, 0x5b, 0x59, 0x5b, 0x59, 0x5b, 0x57, 0x5b, 0x59, 0x5b, 0x59, 0x5b, 0x59, 0x59, 0x59, 0x59, 0x54, 0x59, 0x54, 0x54, 0x54, 0x54, 0x54, 0x54, 0x54, 0x53, 0x53, 0x53, 
  0x8f, 0x8f, 0x8f, 0x8f, 0x8f, 0x8f, 0x8f, 0x8b, 0x8b, 0x8b, 0x8b, 0x8b, 0x8b, 0x8b, 0x8b, 0x8a, 0x8b, 0x8b, 0x8f, 0x8f, 0x8f, 0x8f, 0x8f, 0x94, 0x8f, 0x94, 0x8f, 0x94, 0x8f, 0x8f, 0x8f, 0x8f, 0x8f, 0x8f, 0x8f, 0x8f, 0x8b, 0x8b, 0x8b, 0x86, 0x8a, 0x8a, 0x86, 0x86, 0x8a, 0x86, 0x86, 0x86, 0x86, 0x82, 0x86, 0x86, 0x86, 0x86, 0x86, 0x86, 0x86, 0x82, 0x86, 0x86, 0x86, 0x82, 0x86, 0x86, 0x82, 0x86, 0x82, 0x86, 0x82, 0x83, 0x82, 0x7a, 0x7f, 0x82, 0x7f, 0x82, 0x82, 0x81, 0x82, 0x7f, 0x7f, 0x7f, 0x7d, 0x7d, 0x7d, 0x7a, 0x76, 0x7a, 0x76, 0x76, 0x76, 0x76, 0x76, 0x76, 0x7a, 0x8d, 0x79, 0x79, 0x74, 0x71, 0x74, 0x74, 0x6f, 0x6f, 0x6c, 0x6f, 0x6f, 0x66, 0x85, 0x84, 0x84, 0x84, 0x84, 0x84, 0x84, 0x78, 0x78, 0x75, 0x75, 0x75, 0x74, 0x74, 0x75, 0x88, 0x87, 0x8d, 0x85, 0x78, 0x78, 0xd4, 0x70, 0x6e, 0x6e, 0x6e, 0x6c, 0x6e, 0x69, 0x6e, 0x69, 0x6c, 0x69, 0x6c, 0x69, 0x69, 0x69, 0x69, 0x69, 0x66, 0x69, 0x6c, 0x6c, 0x6c, 0x6c, 0x74, 0x78, 0x7c, 0x7c, 0x78, 0x7c, 0x7c, 0x79, 0x80, 0x80, 0x58, 0x58, 0x58, 0x58, 0x58, 0x5a, 0x58, 0x58, 0x61, 0x6e, 0x5c, 0x61, 0x5c, 0x5c, 0x5c, 0x5c, 0x5c, 0x5c, 0x61, 0x61, 0x61, 0x5b, 0x61, 0x61, 0x61, 0x61, 0x61, 0x61, 0x61, 0x61, 0x61, 0x61, 0x61, 0x61, 0x63, 0x63, 0x61, 0x63, 0x63, 0x61, 0x61, 0x61, 0x61, 0x61, 0x61, 0x5f, 0x61, 0x5f, 0x5f, 0x5f, 0x59, 0x5b, 0x59, 0x5b, 0x59, 0x5b, 0x59, 0x59, 0x59, 0x59, 0x59, 0x59, 0x59, 0x5e, 0x59, 0x59, 0x54, 0x59, 0x54, 0x54, 0x54, 0x54, 0x52, 0x54, 0x52, 0x56, 0x56, 
  0x8f, 0x8f, 0x8f, 0x8f, 0x8f, 0x8f, 0x8d, 0x8b, 0x8b, 0x8b, 0x8b, 0x8b, 0x8b, 0x8b, 0x8a, 0x8a, 0x8a, 0x8a, 0x8b, 0x8f, 0x8f, 0x8f, 0x8f, 0x8f, 0x8f, 0x8f, 0x8f, 0x8f, 0x8f, 0x8f, 0x8f, 0x8f, 0x8f, 0x8f, 0x8f, 0x8f, 0x8a, 0x8b, 0x8b, 0x8a, 0x86, 0x8a, 0x86, 0x8a, 0x86, 0x8a, 0x82, 0x86, 0x86, 0x86, 0x86, 0x82, 0x86, 0x82, 0x86, 0x82, 0x86, 0x86, 0x86, 0x86, 0x82, 0x86, 0x86, 0x82, 0x86, 0x82, 0x86, 0x82, 0x82, 0x82, 0x82, 0x82, 0x7f, 0x7a, 0x82, 0x81, 0x82, 0x82, 0x7f, 0x82, 0x82, 0x7f, 0x7d, 0x7d, 0x7a, 0x76, 0x7a, 0x76, 0x76, 0x76, 0x76, 0x72, 0x76, 0x71, 0x8d, 0x7c, 0x74, 0x79, 0x74, 0x74, 0x74, 0x6f, 0x70, 0x6f, 0x6f, 0x6f, 0x6b, 0x74, 0x87, 0x7c, 0x84, 0x84, 0x84, 0x85, 0x74, 0x74, 0x74, 0x6f, 0x74, 0x75, 0x75, 0x74, 0x74, 0x85, 0x8d, 0x8d, 0x85, 0x78, 0x7c, 0x85, 0x73, 0x6e, 0x6f, 0x6e, 0x6c, 0x69, 0x6c, 0x69, 0x6c, 0x6c, 0x6c, 0x6c, 0x66, 0x69, 0x69, 0x69, 0x66, 0x69, 0x66, 0x6c, 0x6c, 0x6c, 0x6c, 0x69, 0x78, 0x78, 0x78, 0x78, 0x7c, 0x78, 0x7c, 0x7c, 0x80, 0x69, 0x55, 0x58, 0x5a, 0x58, 0x58, 0x5a, 0x58, 0x58, 0x68, 0x68, 0x5c, 0x63, 0x5c, 0x5c, 0x5c, 0x5c, 0x5c, 0x61, 0x61, 0x5b, 0x61, 0x61, 0x61, 0x61, 0x61, 0x61, 0x61, 0x61, 0x61, 0x61, 0x5b, 0x61, 0x61, 0x68, 0x5b, 0x33, 0x63, 0x63, 0x63, 0x61, 0x61, 0x61, 0x61, 0x5b, 0x61, 0x5f, 0x63, 0x5f, 0x63, 0x59, 0x5b, 0x59, 0x5b, 0x59, 0x59, 0x59, 0x5b, 0x59, 0x5b, 0x59, 0x59, 0x59, 0x59, 0x59, 0x54, 0x59, 0x54, 0x54, 0x54, 0x54, 0x54, 0x54, 0x54, 0x54, 0x54, 0x54, 
  0x8f, 0x8f, 0x8f, 0x8f, 0x8f, 0x87, 0x8f, 0x8b, 0x8b, 0x8b, 0x8b, 0x8b, 0x8b, 0x8b, 0x8a, 0x8a, 0x8a, 0x8a, 0x8b, 0x8b, 0x8f, 0x8b, 0x8a, 0x8f, 0x8b, 0x8b, 0x8b, 0x8b, 0x8f, 0x8f, 0x8f, 0x8f, 0x8f, 0x8f, 0x8f, 0x8f, 0x8b, 0x8b, 0x8b, 0x86, 0x8a, 0x86, 0x8a, 0x86, 0x86, 0x86, 0x86, 0x86, 0x86, 0x82, 0x86, 0x86, 0x86, 0x86, 0x86, 0x86, 0x82, 0x8a, 0x86, 0x86, 0x86, 0x86, 0x86, 0x86, 0x82, 0x86, 0x82, 0x82, 0x82, 0x82, 0x82, 0x7f, 0x7f, 0x82, 0x7f, 0x82, 0x82, 0x83, 0x82, 0x83, 0x82, 0x83, 0x7d, 0x7d, 0x7a, 0x7a, 0x76, 0x7a, 0x76, 0x76, 0x76, 0x7a, 0x72, 0x82, 0x88, 0x78, 0x79, 0x75, 0x74, 0x74, 0x74, 0x74, 0x6f, 0x6f, 0x6f, 0x6e, 0x6e, 0x84, 0x84, 0x80, 0x84, 0x84, 0x85, 0x80, 0x6f, 0x74, 0x74, 0x74, 0x74, 0x74, 0x75, 0x74, 0x74, 0x85, 0x8d, 0x8d, 0x8d, 0x78, 0x79, 0xd4, 0x78, 0x6e, 0x6e, 0x6c, 0x6e, 0x6c, 0x6e, 0x6c, 0x6e, 0x69, 0x6c, 0x6c, 0x69, 0x69, 0x69, 0x69, 0x69, 0x69, 0x66, 0x6c, 0x6c, 0x6c, 0x6e, 0x6b, 0x6e, 0x79, 0x78, 0x7c, 0x78, 0x78, 0x7c, 0x7c, 0x80, 0x6f, 0x5c, 0x5a, 0x58, 0x5a, 0x58, 0x5a, 0x60, 0x58, 0x58, 0x74, 0x65, 0x63, 0x5c, 0x5c, 0x5c, 0x5c, 0x61, 0x5c, 0x61, 0x61, 0x61, 0x61, 0x61, 0x61, 0x61, 0x61, 0x61, 0x61, 0x61, 0x61, 0x61, 0x63, 0x63, 0x68, 0x4e, 0x63, 0x63, 0x63, 0x63, 0x61, 0x61, 0x61, 0x61, 0x61, 0x5f, 0x61, 0x5f, 0x5f, 0x5f, 0x5f, 0x5b, 0x59, 0x5b, 0x59, 0x5b, 0x59, 0x59, 0x59, 0x59, 0x59, 0x5b, 0x59, 0x59, 0x59, 0x59, 0x54, 0x59, 0x54, 0x54, 0x54, 0x54, 0x52, 0x54, 0x52, 0x54, 0x54, 
  0x8f, 0x8f, 0x8f, 0x8f, 0x8f, 0x8f, 0x8d, 0x8a, 0x8b, 0x8b, 0x8b, 0x8b, 0x8b, 0x8b, 0x8a, 0x86, 0x8a, 0x86, 0x8a, 0x8b, 0x8f, 0x8b, 0x8b, 0x8b, 0x8f, 0x8a, 0x8b, 0x8a, 0x8b, 0x8f, 0x8b, 0x8f, 0x8b, 0x8d, 0x8b, 0x8f, 0x8a, 0x8b, 0x8b, 0x8a, 0x86, 0x8a, 0x86, 0x8b, 0x8a, 0x8a, 0x86, 0x86, 0x86, 0x86, 0x86, 0x82, 0x86, 0x82, 0x86, 0x82, 0x86, 0x8a, 0x8a, 0x8a, 0x86, 0x86, 0x86, 0x86, 0x82, 0x86, 0x82, 0x86, 0x82, 0x82, 0x82, 0x82, 0x7f, 0x7f, 0x82, 0x81, 0x82, 0x83, 0x82, 0x83, 0x82, 0x83, 0x7f, 0x7d, 0x7a, 0x76, 0x7a, 0x76, 0x76, 0x7a, 0x76, 0x76, 0x71, 0x8e, 0x7c, 0x79, 0x75, 0x79, 0x74, 0x74, 0x74, 0x6f, 0x70, 0x6f, 0x6f, 0x6b, 0x74, 0x88, 0x84, 0x84, 0x84, 0x84, 0x80, 0x70, 0x74, 0x6f, 0x6f, 0x75, 0x74, 0x75, 0x74, 0x74, 0x74, 0x80, 0x8d, 0x8d, 0x8d, 0x7c, 0x78, 0x84, 0x7b, 0x6e, 0x6e, 0x6c, 0x6e, 0x6c, 0x6e, 0x6f, 0x6c, 0x6e, 0x6c, 0x6c, 0x66, 0x69, 0x69, 0x69, 0x66, 0x69, 0x69, 0x69, 0x6c, 0x6c, 0x6c, 0x6b, 0x69, 0x6f, 0x7c, 0x78, 0x7c, 0x7c, 0x7c, 0x7c, 0x80, 0x7c, 0x62, 0x5a, 0x58, 0x5a, 0x58, 0x5a, 0x58, 0x60, 0x50, 0x6e, 0x70, 0x5c, 0x5c, 0x5c, 0x5c, 0x5c, 0x5c, 0x61, 0x61, 0x61, 0x61, 0x61, 0x61, 0x61, 0x61, 0x61, 0x61, 0x61, 0x61, 0x63, 0x5f, 0x61, 0x6d, 0x52, 0x4e, 0x68, 0x63, 0x63, 0x63, 0x61, 0x61, 0x61, 0x61, 0x5b, 0x63, 0x5f, 0x63, 0x5f, 0x63, 0x59, 0x5b, 0x59, 0x5b, 0x59, 0x59, 0x59, 0x5b, 0x59, 0x5b, 0x59, 0x33, 0x59, 0x59, 0x59, 0x54, 0x59, 0x54, 0x54, 0x54, 0x54, 0x54, 0x54, 0x54, 0x54, 0x54, 0x52, 
  0x8b, 0x8b, 0x8f, 0x8b, 0x8b, 0x8b, 0x8b, 0x8b, 0x8b, 0x8b, 0x8b, 0x8b, 0x8b, 0x8b, 0x8a, 0x8a, 0x8a, 0x8a, 0x8b, 0x8b, 0x8b, 0x8b, 0x8a, 0x8a, 0x8a, 0x8a, 0x8b, 0x86, 0x8f, 0x8f, 0x8f, 0x8f, 0x8b, 0x8a, 0x8f, 0x8a, 0x8a, 0x8a, 0x8a, 0x86, 0x86, 0x86, 0x86, 0x86, 0x86, 0x86, 0x86, 0x82, 0x86, 0x82, 0x86, 0x86, 0x86, 0x8a, 0x86, 0x8a, 0x8a, 0x8a, 0x8a, 0x8a, 0x8a, 0x8a, 0x8a, 0x8a, 0x8a, 0x86, 0x86, 0x82, 0x82, 0x82, 0x82, 0x82, 0x82, 0x82, 0x82, 0x82, 0x82, 0x82, 0x82, 0x82, 0x82, 0x7f, 0x7f, 0x7d, 0x7d, 0x7d, 0x76, 0x7a, 0x7a, 0x7a, 0x76, 0x71, 0x8f, 0x85, 0x7c, 0x80, 0x74, 0x74, 0x74, 0x74, 0x75, 0x74, 0x74, 0x74, 0x77, 0x6f, 0x84, 0x88, 0x87, 0x84, 0x84, 0x84, 0x74, 0x74, 0x74, 0x75, 0x75, 0x75, 0x75, 0x74, 0x75, 0x74, 0x75, 0x74, 0x8d, 0x8d, 0x93, 0x80, 0x80, 0xd4, 0x85, 0x70, 0x6f, 0x70, 0x6f, 0x70, 0x6e, 0x6e, 0x6e, 0x6c, 0x6c, 0x6e, 0x6c, 0x6c, 0x6e, 0x69, 0x6c, 0x69, 0x6c, 0x6c, 0x6c, 0x6c, 0x6c, 0x6b, 0x6b, 0x66, 0x74, 0x7c, 0x78, 0x75, 0x78, 0x7c, 0x7c, 0x80, 0x69, 0x55, 0x5a, 0x58, 0x5a, 0x5a, 0x5a, 0x58, 0x64, 0x55, 0x74, 0x65, 0x5c, 0x61, 0x61, 0x61, 0x61, 0x61, 0x61, 0x61, 0x61, 0x61, 0x61, 0x61, 0x61, 0x61, 0x61, 0x5f, 0x63, 0x68, 0x5b, 0x68, 0x73, 0x48, 0x65, 0x63, 0x61, 0x63, 0x63, 0x61, 0x61, 0x61, 0x61, 0x63, 0x5f, 0x63, 0x5f, 0x5f, 0x59, 0x5f, 0x5b, 0x59, 0x5b, 0x59, 0x5b, 0x59, 0x59, 0x59, 0x59, 0x59, 0x5f, 0x59, 0x5b, 0x59, 0x59, 0x54, 0x59, 0x54, 0x54, 0x54, 0x54, 0x52, 0x52, 0x53, 0x52, 0x54, 
  0x8a, 0x8a, 0x8b, 0x8b, 0x8b, 0x86, 0x8b, 0x8b, 0x8b, 0x8b, 0x8b, 0x8b, 0x8b, 0x8a, 0x89, 0x8a, 0x89, 0x8a, 0x86, 0x86, 0x86, 0x86, 0x86, 0x86, 0x86, 0x8b, 0x8b, 0x8b, 0x8b, 0x8b, 0x8f, 0x8b, 0x8b, 0x8b, 0x8b, 0x8b, 0x86, 0x8a, 0x8b, 0x86, 0x8a, 0x86, 0x8a, 0x86, 0x86, 0x86, 0x86, 0x86, 0x86, 0x86, 0x86, 0x86, 0x86, 0x86, 0x8a, 0x86, 0x8a, 0x8a, 0x8a, 0x8a, 0x8a, 0x8a, 0x8a, 0x8a, 0x8a, 0x86, 0x86, 0x86, 0x82, 0x86, 0x82, 0x82, 0x82, 0x82, 0x82, 0x82, 0x82, 0x82, 0x82, 0x82, 0x82, 0x82, 0x7d, 0x7f, 0x7d, 0x7a, 0x76, 0x7d, 0x76, 0x76, 0x76, 0x82, 0x8d, 0x79, 0x80, 0x79, 0x75, 0x74, 0x74, 0x74, 0x75, 0x74, 0x74, 0x74, 0x6f, 0x77, 0x8d, 0x84, 0x80, 0x88, 0x84, 0x79, 0x70, 0x74, 0x75, 0x74, 0x75, 0x74, 0x75, 0x75, 0x74, 0x74, 0x75, 0x79, 0x85, 0x8d, 0x94, 0x88, 0x78, 0x7c, 0xd4, 0x70, 0x6f, 0x70, 0x6f, 0x70, 0x6e, 0x6f, 0x6c, 0x6c, 0x6e, 0x6c, 0x6c, 0x6e, 0x6c, 0x6e, 0x69, 0x6b, 0x69, 0x6c, 0x6b, 0x6c, 0x6a, 0x6c, 0x6b, 0x6c, 0x6b, 0x7c, 0x79, 0x7c, 0x7c, 0x78, 0x7c, 0x7c, 0x74, 0x55, 0x5a, 0x58, 0x5a, 0x58, 0x5a, 0x58, 0x5a, 0x55, 0x69, 0x6e, 0x5c, 0x5c, 0x61, 0x61, 0x61, 0x61, 0x61, 0x61, 0x61, 0x61, 0x61, 0x61, 0x61, 0x63, 0x5f, 0x61, 0x5f, 0x5b, 0x5f, 0x63, 0x49, 0x49, 0x67, 0x61, 0x61, 0x63, 0x61, 0x61, 0x61, 0x61, 0x63, 0x5f, 0x63, 0x5f, 0x63, 0x5f, 0x5f, 0x59, 0x5b, 0x59, 0x5b, 0x5d, 0x59, 0x5f, 0x5b, 0x59, 0x5b, 0x59, 0x59, 0x59, 0x59, 0x59, 0x54, 0x59, 0x52, 0x54, 0x54, 0x54, 0x54, 0x52, 0x54, 0x52, 0x54, 0x52, 
  0x8b, 0x8b, 0x8a, 0x8b, 0x8b, 0x8b, 0x8b, 0x8b, 0x89, 0x8b, 0x89, 0x8b, 0x89, 0x8a, 0x8a, 0x8a, 0x8a, 0x89, 0x86, 0x86, 0x86, 0x86, 0x86, 0x86, 0x86, 0x8b, 0x8b, 0x8b, 0x8b, 0x89, 0x8b, 0x8b, 0x89, 0x89, 0x89, 0x8b, 0x89, 0x8b, 0x8b, 0x86, 0x86, 0x86, 0x86, 0x83, 0x86, 0x86, 0x86, 0x82, 0x86, 0x82, 0x86, 0x86, 0x86, 0x8a, 0x86, 0x8a, 0x8a, 0x8a, 0x8a, 0x8a, 0x8a, 0x8a, 0x8a, 0x8a, 0x86, 0x86, 0x8a, 0x82, 0x82, 0x82, 0x82, 0x82, 0x82, 0x82, 0x82, 0x82, 0x82, 0x82, 0x82, 0x82, 0x82, 0x7f, 0x7f, 0x7f, 0x81, 0x7a, 0x7a, 0x7a, 0x76, 0x76, 0x7a, 0x8d, 0x88, 0x80, 0x80, 0x7c, 0x74, 0x75, 0x74, 0x74, 0x75, 0x74, 0x74, 0x74, 0x74, 0x80, 0x87, 0x84, 0x84, 0x87, 0x80, 0x74, 0x79, 0x74, 0x74, 0x75, 0x74, 0x75, 0x75, 0x74, 0x75, 0x74, 0x75, 0x75, 0x79, 0x8d, 0x93, 0x8e, 0x78, 0x7c, 0x85, 0x70, 0x70, 0x6f, 0x70, 0x6f, 0x6e, 0x74, 0x74, 0x6c, 0x6c, 0x6c, 0x6e, 0x6c, 0x6e, 0x69, 0x6c, 0x69, 0x6c, 0x6c, 0x6c, 0x6c, 0x6c, 0x6c, 0x6c, 0x6b, 0x69, 0x6f, 0x80, 0x75, 0x7c, 0x7c, 0x78, 0x80, 0x80, 0x58, 0x55, 0x5a, 0x5a, 0x5a, 0x5a, 0x58, 0x5a, 0x5a, 0x58, 0x6e, 0x65, 0x5c, 0x61, 0x61, 0x61, 0x61, 0x61, 0x61, 0x61, 0x61, 0x61, 0x61, 0x61, 0x61, 0x61, 0x5f, 0x61, 0x33, 0x7e, 0x4f, 0x48, 0x49, 0x5b, 0x63, 0x61, 0x61, 0x63, 0x61, 0x61, 0x61, 0x63, 0x63, 0x63, 0x63, 0x5f, 0x5f, 0x5b, 0x5d, 0x5b, 0x59, 0x5b, 0x59, 0x5b, 0x59, 0x59, 0x59, 0x59, 0x59, 0x5b, 0x59, 0x5b, 0x59, 0x5b, 0x54, 0x59, 0x54, 0x54, 0x54, 0x54, 0x54, 0x52, 0x53, 0x54, 0x54, 
  0x8b, 0x8b, 0x8a, 0x8a, 0x8b, 0x8b, 0x8a, 0x89, 0x89, 0x89, 0x89, 0x86, 0x8a, 0x86, 0x86, 0x86, 0x86, 0x8a, 0x86, 0x86, 0x86, 0x86, 0x86, 0x86, 0x86, 0x8a, 0x89, 0x8b, 0x89, 0x86, 0x86, 0x86, 0x89, 0x89, 0x89, 0x89, 0x86, 0x89, 0x8a, 0x86, 0x86, 0x86, 0x86, 0x86, 0x86, 0x86, 0x86, 0x86, 0x86, 0x86, 0x86, 0x86, 0x86, 0x86, 0x8a, 0x86, 0x8a, 0x8a, 0x8a, 0x8a, 0x8a, 0x8a, 0x8a, 0x8a, 0x86, 0x86, 0x86, 0x82, 0x86, 0x82, 0x82, 0x82, 0x82, 0x82, 0x82, 0x82, 0x82, 0x82, 0x82, 0x82, 0x82, 0x82, 0x7f, 0x7f, 0x82, 0x7a, 0x7a, 0x7a, 0x7a, 0x7a, 0x79, 0x93, 0x85, 0x84, 0x80, 0x79, 0x79, 0x75, 0x74, 0x74, 0x74, 0x74, 0x74, 0x6f, 0x78, 0x88, 0x84, 0x84, 0x87, 0x84, 0x79, 0x74, 0x74, 0x74, 0x75, 0x74, 0x75, 0x74, 0x75, 0x75, 0x74, 0x75, 0x75, 0x79, 0x75, 0x85, 0x8d, 0x8e, 0x80, 0x7c, 0xd4, 0x78, 0x6f, 0x70, 0x6f, 0x74, 0x6e, 0x78, 0x74, 0x6c, 0x6e, 0x6c, 0x6e, 0x6c, 0x6e, 0x6c, 0x69, 0x6b, 0x69, 0x6c, 0x6b, 0x6c, 0x6a, 0x6c, 0x6b, 0x6c, 0x6b, 0x6c, 0x74, 0x7c, 0x7c, 0x7c, 0x7c, 0x78, 0x80, 0x66, 0x64, 0x58, 0x5a, 0x58, 0x5a, 0x5a, 0x58, 0x58, 0x55, 0x66, 0x70, 0x5c, 0x63, 0x61, 0x61, 0x61, 0x61, 0x61, 0x61, 0x61, 0x61, 0x61, 0x61, 0x61, 0x5f, 0x5c, 0x63, 0x1f, 0x1c, 0x1e, 0x48, 0x48, 0x5f, 0x61, 0x61, 0x63, 0x61, 0x61, 0x61, 0x61, 0x63, 0x65, 0x63, 0x5f, 0x63, 0x5f, 0x59, 0x5f, 0x33, 0x5d, 0x5b, 0x5d, 0x59, 0x5f, 0x5b, 0x59, 0x5b, 0x59, 0x59, 0x59, 0x59, 0x59, 0x59, 0x59, 0x54, 0x54, 0x54, 0x54, 0x54, 0x52, 0x54, 0x52, 0x53, 0x54, 
  0x8b, 0x8a, 0x8a, 0x8a, 0x8b, 0x8b, 0x8a, 0x89, 0x89, 0x89, 0x89, 0x86, 0x86, 0x86, 0x86, 0x8a, 0x86, 0x86, 0x83, 0x86, 0x86, 0x86, 0x82, 0x86, 0x82, 0x86, 0x86, 0x89, 0x86, 0x83, 0x86, 0x86, 0x8b, 0x89, 0x8b, 0x89, 0x86, 0x86, 0x86, 0x86, 0x83, 0x83, 0x86, 0x86, 0x86, 0x86, 0x86, 0x82, 0x86, 0x82, 0x86, 0x86, 0x86, 0x8a, 0x86, 0x8a, 0x8a, 0x8a, 0x8a, 0x8a, 0x8a, 0x8a, 0x8a, 0x8a, 0x86, 0x86, 0x86, 0x86, 0x82, 0x86, 0x82, 0x82, 0x82, 0x82, 0x82, 0x82, 0x82, 0x82, 0x82, 0x82, 0x82, 0x82, 0x7f, 0x82, 0x81, 0x7a, 0x7a, 0x7a, 0x7d, 0x71, 0x94, 0x88, 0x85, 0x80, 0x80, 0x7c, 0x79, 0x74, 0x75, 0x74, 0x74, 0x74, 0x74, 0x74, 0x80, 0x84, 0x87, 0x88, 0x88, 0x80, 0x74, 0x74, 0x79, 0x75, 0x74, 0x75, 0x74, 0x75, 0x74, 0x74, 0x75, 0x75, 0x75, 0x75, 0x74, 0x80, 0x94, 0x91, 0x85, 0x7c, 0x88, 0x80, 0x6e, 0x6f, 0x70, 0x6f, 0x6f, 0x7c, 0x75, 0x6f, 0x6c, 0x6c, 0x6e, 0x6c, 0x6e, 0x69, 0x6c, 0x69, 0x6c, 0x6c, 0x6c, 0x6c, 0x6c, 0x6c, 0x6c, 0x6a, 0x6c, 0x6b, 0x6f, 0x7c, 0x7c, 0x7c, 0x7c, 0x79, 0x80, 0x6f, 0x58, 0x5a, 0x5a, 0x5a, 0x58, 0x5a, 0x58, 0x58, 0x58, 0x55, 0x7b, 0x68, 0x5c, 0x61, 0x61, 0x61, 0x61, 0x61, 0x61, 0x61, 0x61, 0x61, 0x61, 0x61, 0x61, 0x2e, 0x51, 0x09, 0x02, 0x09, 0x1b, 0x2b, 0x67, 0x61, 0x61, 0x61, 0x63, 0x61, 0x61, 0x61, 0x63, 0x63, 0x65, 0x63, 0x5f, 0x5f, 0x59, 0x5f, 0x59, 0x5b, 0x5b, 0x59, 0x5b, 0x59, 0x59, 0x59, 0x59, 0x5b, 0x59, 0x5b, 0x59, 0x5b, 0x59, 0x33, 0x59, 0x54, 0x54, 0x54, 0x33, 0x54, 0x54, 0x54, 0x54, 0x53, 
  0x8a, 0x86, 0x8a, 0x86, 0x8a, 0x8a, 0x89, 0x86, 0x89, 0x86, 0x86, 0x86, 0x86, 0x86, 0x86, 0x86, 0x86, 0x86, 0x86, 0x83, 0x86, 0x83, 0x83, 0x82, 0x83, 0x86, 0x86, 0x86, 0x86, 0x83, 0x86, 0x83, 0x86, 0x86, 0x86, 0x86, 0x86, 0x86, 0x86, 0x83, 0x86, 0x83, 0x86, 0x83, 0x86, 0x86, 0x86, 0x86, 0x86, 0x86, 0x86, 0x86, 0x86, 0x8a, 0x8a, 0x86, 0x8a, 0x8a, 0x8a, 0x8a, 0x8a, 0x8a, 0x8a, 0x8a, 0x8a, 0x8a, 0x86, 0x89, 0x86, 0x86, 0x82, 0x82, 0x7f, 0x7f, 0x7f, 0x82, 0x82, 0x82, 0x82, 0x82, 0x82, 0x82, 0x82, 0x7a, 0x82, 0x79, 0x7d, 0x7a, 0x7a, 0x7f, 0x91, 0x85, 0x80, 0x80, 0x80, 0x80, 0x79, 0x79, 0x77, 0x75, 0x79, 0x75, 0x75, 0x79, 0x85, 0x84, 0x88, 0x84, 0x87, 0x79, 0x79, 0x74, 0x74, 0x74, 0x75, 0x74, 0x75, 0x6f, 0x74, 0x6f, 0x74, 0x74, 0x75, 0x75, 0x75, 0x79, 0x8d, 0x8d, 0x88, 0x78, 0x8c, 0x85, 0x74, 0x79, 0x74, 0x6f, 0x6e, 0x85, 0x75, 0x6e, 0x6f, 0x6f, 0x6f, 0x6f, 0x6f, 0x6c, 0x6a, 0x6c, 0x69, 0x69, 0x69, 0x69, 0x69, 0x6c, 0x6a, 0x6f, 0x6a, 0x6c, 0x6c, 0x7c, 0x7c, 0x78, 0x7c, 0x78, 0x80, 0x78, 0x60, 0x5a, 0x58, 0x5a, 0x5a, 0x5a, 0x5a, 0x5a, 0x58, 0x55, 0x67, 0x70, 0x5c, 0x63, 0x5c, 0x63, 0x61, 0x63, 0x61, 0x61, 0x61, 0x61, 0x63, 0x63, 0x63, 0x6d, 0x0f, 0x04, 0x03, 0x03, 0x02, 0x16, 0x73, 0x33, 0x63, 0x61, 0x63, 0x61, 0x63, 0x63, 0x63, 0x63, 0x63, 0x65, 0x5f, 0x5f, 0x5b, 0x59, 0x5b, 0x5d, 0x59, 0x5f, 0x5d, 0x5b, 0x59, 0x5b, 0x59, 0x59, 0x59, 0x59, 0x59, 0x59, 0x59, 0x59, 0x59, 0x59, 0x54, 0x59, 0x54, 0x54, 0x54, 0x54, 0x54, 0x52, 
  0x86, 0x8a, 0x86, 0x8a, 0x89, 0x8a, 0x8a, 0x86, 0x86, 0x86, 0x89, 0x86, 0x8a, 0x86, 0x86, 0x86, 0x86, 0x86, 0x83, 0x83, 0x83, 0x82, 0x86, 0x83, 0x86, 0x7f, 0x83, 0x83, 0x82, 0x7f, 0x83, 0x86, 0x86, 0x83, 0x86, 0x86, 0x86, 0x83, 0x86, 0x83, 0x83, 0x83, 0x83, 0x83, 0x86, 0x83, 0x86, 0x86, 0x86, 0x86, 0x86, 0x86, 0x86, 0x8a, 0x86, 0x8a, 0x8a, 0x8a, 0x8a, 0x8a, 0x8a, 0x86, 0x8a, 0x86, 0x8a, 0x86, 0x86, 0x86, 0x86, 0x86, 0x86, 0x82, 0x82, 0x82, 0x7f, 0x7d, 0x82, 0x7a, 0x7a, 0x7a, 0x82, 0x7a, 0x7d, 0x82, 0x7a, 0x7a, 0x7a, 0x7a, 0x7a, 0x8f, 0x8e, 0x80, 0x87, 0x80, 0x80, 0x7c, 0x79, 0x79, 0x74, 0x79, 0x75, 0x75, 0x74, 0x80, 0x88, 0x87, 0x88, 0x88, 0x80, 0x79, 0x79, 0x74, 0x77, 0x74, 0x74, 0x75, 0x75, 0x74, 0x74, 0x6f, 0x74, 0x6f, 0x74, 0x75, 0x79, 0x75, 0x85, 0x8e, 0x8d, 0x85, 0x7c, 0x85, 0x6e, 0x66, 0x69, 0x64, 0x66, 0x85, 0x69, 0x60, 0x5a, 0x60, 0x5a, 0x60, 0x5a, 0x60, 0x6a, 0x6a, 0x6b, 0x69, 0x6c, 0x69, 0x6a, 0x6c, 0x6c, 0x6a, 0x6c, 0x6c, 0x6c, 0x74, 0x79, 0x7c, 0x7c, 0x78, 0x7b, 0x7c, 0x64, 0x58, 0x5a, 0x58, 0x5a, 0x5a, 0x5a, 0x5a, 0x58, 0x60, 0x55, 0x77, 0x68, 0x61, 0x61, 0x61, 0x61, 0x61, 0x63, 0x61, 0x61, 0x61, 0x63, 0x63, 0x68, 0x1e, 0x05, 0x03, 0x03, 0x03, 0x03, 0x06, 0x1f, 0x63, 0x61, 0x63, 0x61, 0x63, 0x61, 0x63, 0x63, 0x63, 0x63, 0x65, 0x5f, 0x5f, 0x59, 0x5f, 0x59, 0x5f, 0x5f, 0x5f, 0x59, 0x5f, 0x59, 0x59, 0x59, 0x5b, 0x59, 0x5b, 0x59, 0x5b, 0x59, 0x59, 0x5e, 0x54, 0x59, 0x54, 0x59, 0x54, 0x54, 0x54, 0x54, 0x54, 
  0x8a, 0x86, 0x8a, 0x86, 0x8a, 0x8a, 0x89, 0x86, 0x89, 0x86, 0x86, 0x86, 0x86, 0x8b, 0x83, 0x86, 0x86, 0x86, 0x83, 0x83, 0x83, 0x83, 0x82, 0x82, 0x83, 0x7d, 0x7f, 0x83, 0x7f, 0x7f, 0x7f, 0x83, 0x83, 0x83, 0x82, 0x83, 0x7f, 0x83, 0x83, 0x83, 0x83, 0x83, 0x83, 0x83, 0x83, 0x83, 0x86, 0x86, 0x86, 0x86, 0x86, 0x86, 0x86, 0x86, 0x8a, 0x86, 0x8a, 0x8a, 0x8a, 0x8a, 0x8a, 0x8a, 0x8a, 0x8a, 0x86, 0x8a, 0x86, 0x8a, 0x86, 0x86, 0x82, 0x86, 0x7f, 0x7f, 0x7d, 0x7a, 0x7a, 0x7a, 0x7a, 0x76, 0x7a, 0x7a, 0x81, 0x7a, 0x81, 0x7a, 0x7d, 0x7a, 0x85, 0x98, 0x87, 0x87, 0x79, 0x87, 0x80, 0x80, 0x79, 0x79, 0x79, 0x74, 0x75, 0x79, 0x74, 0x85, 0x87, 0x84, 0x88, 0x84, 0x79, 0x79, 0x79, 0x74, 0x74, 0x74, 0x75, 0x74, 0x75, 0x6f, 0x74, 0x6f, 0x74, 0x74, 0x74, 0x75, 0x74, 0x75, 0x79, 0x8d, 0x8d, 0x85, 0x78, 0x85, 0x6e, 0x5c, 0x6c, 0x58, 0x6e, 0x8d, 0x69, 0x58, 0x58, 0x58, 0x58, 0x58, 0x58, 0x58, 0x58, 0x58, 0x58, 0x64, 0x69, 0x69, 0x6c, 0x6a, 0x6c, 0x6c, 0x6c, 0x6c, 0x74, 0x6c, 0x75, 0x7c, 0x78, 0x7c, 0x78, 0x7c, 0x6e, 0x55, 0x5a, 0x5a, 0x58, 0x5a, 0x5a, 0x5a, 0x58, 0x5a, 0x55, 0x70, 0x6e, 0x5c, 0x61, 0x63, 0x61, 0x63, 0x61, 0x61, 0x61, 0x61, 0x63, 0x61, 0x68, 0x1d, 0x04, 0x03, 0x03, 0x03, 0x03, 0x04, 0x1e, 0x63, 0x61, 0x61, 0x63, 0x61, 0x61, 0x63, 0x61, 0x63, 0x5f, 0x63, 0x5f, 0x5f, 0x5b, 0x5f, 0x5f, 0x5f, 0x59, 0x5f, 0x5f, 0x59, 0x5b, 0x59, 0x5b, 0x59, 0x59, 0x59, 0x59, 0x59, 0x59, 0x59, 0x59, 0x59, 0x54, 0x59, 0x54, 0x54, 0x54, 0x54, 0x54, 0x54, 
  0x86, 0x8a, 0x86, 0x8a, 0x89, 0x8a, 0x8a, 0x86, 0x86, 0x89, 0x86, 0x8a, 0x86, 0x86, 0x86, 0x86, 0x86, 0x86, 0x83, 0x83, 0x83, 0x82, 0x83, 0x82, 0x83, 0x83, 0x81, 0x83, 0x7d, 0x82, 0x7f, 0x83, 0x7f, 0x7f, 0x83, 0x7f, 0x7f, 0x83, 0x83, 0x83, 0x83, 0x7f, 0x83, 0x83, 0x83, 0x83, 0x86, 0x86, 0x86, 0x86, 0x86, 0x86, 0x86, 0x8a, 0x86, 0x8a, 0x8a, 0x8a, 0x8a, 0x8a, 0x8a, 0x86, 0x8a, 0x86, 0x8a, 0x86, 0x86, 0x86, 0x86, 0x86, 0x86, 0x82, 0x82, 0x7a, 0x7d, 0x76, 0x76, 0x76, 0x76, 0x76, 0x76, 0x76, 0x76, 0x7d, 0x7a, 0x7a, 0x7a, 0x7a, 0x8d, 0x92, 0x87, 0x80, 0x87, 0x80, 0x80, 0x7c, 0x79, 0x74, 0x77, 0x75, 0x75, 0x75, 0x79, 0x8d, 0x84, 0x87, 0x88, 0x84, 0x79, 0x78, 0x79, 0x74, 0x77, 0x74, 0x74, 0x75, 0x75, 0x74, 0x74, 0x6f, 0x6f, 0x6f, 0x6c, 0x6c, 0x69, 0x69, 0x66, 0x85, 0x87, 0x8d, 0x78, 0x85, 0x7c, 0x60, 0x6a, 0x60, 0x79, 0x8d, 0x6b, 0x58, 0x5a, 0x5a, 0x5a, 0x58, 0x58, 0x58, 0x58, 0x5a, 0x58, 0x64, 0x64, 0x69, 0x69, 0x6c, 0x6a, 0x6c, 0x6c, 0x6e, 0x6f, 0x6c, 0x75, 0x78, 0x7c, 0x7c, 0x73, 0xd4, 0x70, 0x58, 0x5a, 0x58, 0x5a, 0x5a, 0x5a, 0x5a, 0x5a, 0x58, 0x64, 0x60, 0x77, 0x5c, 0x61, 0x61, 0x61, 0x61, 0x63, 0x61, 0x61, 0x61, 0x61, 0x63, 0x68, 0x1d, 0x04, 0x03, 0x03, 0x03, 0x03, 0x04, 0x1e, 0x63, 0x61, 0x63, 0x61, 0x61, 0x61, 0x61, 0x63, 0x5f, 0x61, 0x65, 0x5f, 0x5f, 0x5b, 0x5d, 0x5f, 0x5d, 0x5f, 0x5f, 0x59, 0x5f, 0x59, 0x59, 0x59, 0x5b, 0x59, 0x5b, 0x59, 0x5b, 0x59, 0x59, 0x5e, 0x54, 0x59, 0x54, 0x54, 0x54, 0x54, 0x54, 0x54, 0x54, 
  0x8a, 0x86, 0x8a, 0x86, 0x8a, 0x8a, 0x8a, 0x86, 0x8a, 0x86, 0x86, 0x86, 0x89, 0x86, 0x86, 0x86, 0x86, 0x83, 0x7f, 0x7f, 0x7f, 0x82, 0x83, 0x82, 0x81, 0x81, 0x81, 0x83, 0x81, 0x7f, 0x7f, 0x81, 0x7f, 0x7d, 0x7f, 0x83, 0x7f, 0x83, 0x83, 0x83, 0x7d, 0x83, 0x7f, 0x83, 0x83, 0x83, 0x83, 0x83, 0x83, 0x86, 0x86, 0x86, 0x86, 0x86, 0x8a, 0x86, 0x8a, 0x8a, 0x8a, 0x8a, 0x8a, 0x8a, 0x8a, 0x8a, 0x86, 0x8a, 0x86, 0x8a, 0x86, 0x86, 0x86, 0x86, 0x7f, 0x7f, 0x76, 0x76, 0x76, 0x76, 0x72, 0x76, 0x76, 0x76, 0x76, 0x76, 0x7a, 0x76, 0x76, 0x79, 0x94, 0x8d, 0x87, 0x84, 0x80, 0x80, 0x80, 0x80, 0x79, 0x79, 0x78, 0x79, 0x79, 0x79, 0x85, 0x8d, 0x88, 0x84, 0x88, 0x80, 0x78, 0x79, 0x78, 0x74, 0x79, 0x74, 0x75, 0x74, 0x75, 0x6f, 0x74, 0x6c, 0x69, 0x69, 0x69, 0x64, 0x69, 0x64, 0x66, 0x69, 0x87, 0x8d, 0x85, 0x7c, 0x8c, 0x69, 0x64, 0x60, 0x80, 0x85, 0x69, 0x5a, 0x5a, 0x5a, 0x5a, 0x58, 0x58, 0x5a, 0x58, 0x58, 0x5a, 0x64, 0x69, 0x69, 0x6c, 0x6c, 0x6c, 0x6c, 0x6c, 0x69, 0x6f, 0x6c, 0x6c, 0x75, 0x7c, 0x7c, 0x7c, 0x7c, 0x78, 0x60, 0x5a, 0x60, 0x5a, 0x5a, 0x5a, 0x5a, 0x64, 0x5a, 0x5a, 0x5a, 0x73, 0x68, 0x61, 0x61, 0x63, 0x63, 0x61, 0x61, 0x61, 0x61, 0x61, 0x33, 0x68, 0x1e, 0x06, 0x03, 0x03, 0x03, 0x03, 0x06, 0x1f, 0x61, 0x61, 0x61, 0x63, 0x61, 0x61, 0x61, 0x61, 0x63, 0x63, 0x5f, 0x5f, 0x5f, 0x5f, 0x5f, 0x5f, 0x5f, 0x5f, 0x5f, 0x5f, 0x59, 0x5b, 0x59, 0x5b, 0x59, 0x59, 0x59, 0x59, 0x59, 0x59, 0x59, 0x59, 0x59, 0x54, 0x59, 0x59, 0x54, 0x54, 0x54, 0x59, 0x54, 
  0x8a, 0x8a, 0x8a, 0x8a, 0x8a, 0x86, 0x8a, 0x8a, 0x86, 0x8a, 0x82, 0x89, 0x82, 0x89, 0x86, 0x86, 0x86, 0x86, 0x82, 0x7f, 0x82, 0x81, 0x82, 0x81, 0x83, 0x81, 0x81, 0x81, 0x81, 0x81, 0x81, 0x7f, 0x81, 0x81, 0x81, 0x81, 0x83, 0x83, 0x83, 0x7d, 0x81, 0x7d, 0x7d, 0x7d, 0x81, 0x81, 0x83, 0x83, 0x86, 0x83, 0x86, 0x86, 0x86, 0x86, 0x8a, 0x8a, 0x8a, 0x8a, 0x8a, 0x8a, 0x8a, 0x8a, 0x8a, 0x8a, 0x8a, 0x8a, 0x8a, 0x8a, 0x8a, 0x8a, 0x86, 0x83, 0x83, 0x7d, 0x7a, 0x76, 0x76, 0x72, 0x72, 0x72, 0x76, 0x72, 0x76, 0x76, 0x76, 0x7a, 0x76, 0x87, 0x93, 0x88, 0x88, 0x84, 0x85, 0x80, 0x80, 0x79, 0x7c, 0x79, 0x7c, 0x79, 0x79, 0x78, 0x87, 0x88, 0x8c, 0x88, 0x84, 0x79, 0x7c, 0x79, 0x78, 0x78, 0x78, 0x78, 0x74, 0x75, 0x74, 0x75, 0x6c, 0x6c, 0x69, 0x69, 0x64, 0x69, 0x60, 0x66, 0x64, 0x62, 0x71, 0x8d, 0x88, 0x7b, 0x88, 0x74, 0x6a, 0x6f, 0x87, 0x88, 0x6e, 0x5a, 0x5a, 0x5a, 0x5a, 0x5a, 0x5a, 0x64, 0x64, 0x64, 0x5a, 0x64, 0x6f, 0x6c, 0x69, 0x6c, 0x69, 0x6c, 0x6b, 0x6c, 0x6a, 0x6c, 0x6c, 0x75, 0x7c, 0x7c, 0x78, 0x7c, 0x79, 0x69, 0x66, 0x5a, 0x64, 0x64, 0x64, 0x5a, 0x64, 0x5a, 0x64, 0x58, 0x66, 0x73, 0x61, 0x63, 0x61, 0x61, 0x61, 0x61, 0x61, 0x61, 0x63, 0x61, 0x63, 0x2b, 0x13, 0x03, 0x03, 0x03, 0x03, 0x19, 0x2b, 0x61, 0x61, 0x63, 0x63, 0x68, 0x65, 0x65, 0x5b, 0x5b, 0x5b, 0x68, 0x6d, 0x63, 0x5f, 0x5f, 0x5f, 0x5f, 0x5b, 0x5f, 0x59, 0x5f, 0x59, 0x5b, 0x59, 0x5b, 0x59, 0x5f, 0x5f, 0x59, 0x5b, 0x59, 0x59, 0x59, 0x59, 0x59, 0x54, 0x59, 0x54, 0x59, 0x54, 0x56, 
  0x8a, 0x8a, 0x8a, 0x8a, 0x8a, 0x8a, 0x86, 0x8a, 0x8a, 0x86, 0x86, 0x82, 0x86, 0x82, 0x86, 0x86, 0x86, 0x83, 0x7f, 0x7f, 0x7f, 0x83, 0x83, 0x83, 0x81, 0x81, 0x81, 0x81, 0x7f, 0x81, 0x7f, 0x81, 0x81, 0x7f, 0x81, 0x7f, 0x81, 0x81, 0x81, 0x7d, 0x7d, 0x7d, 0x7d, 0x7d, 0x81, 0x83, 0x83, 0x7f, 0x83, 0x86, 0x86, 0x86, 0x86, 0x86, 0x8b, 0x89, 0x8a, 0x8a, 0x8a, 0x8a, 0x8a, 0x8a, 0x8a, 0x8a, 0x8a, 0x8a, 0x8a, 0x8a, 0x89, 0x86, 0x8a, 0x86, 0x83, 0x7f, 0x76, 0x76, 0x72, 0x76, 0x72, 0x72, 0x72, 0x76, 0x76, 0x76, 0x72, 0x76, 0x76, 0x93, 0x92, 0x88, 0x85, 0x84, 0x80, 0x80, 0x80, 0x80, 0x79, 0x7c, 0x79, 0x80, 0x79, 0x80, 0x88, 0x88, 0x88, 0x88, 0x80, 0x80, 0x79, 0x78, 0x78, 0x78, 0x78, 0x78, 0x75, 0x74, 0x75, 0x6f, 0x69, 0x69, 0x6c, 0x6a, 0x6a, 0x64, 0x6a, 0x6a, 0x6a, 0x64, 0x60, 0x80, 0x93, 0xd4, 0x80, 0x80, 0x75, 0x87, 0x80, 0x8d, 0x7c, 0x6f, 0x6c, 0x69, 0x6c, 0x6c, 0x75, 0xd3, 0x75, 0x7c, 0x75, 0x69, 0x74, 0x6c, 0x6c, 0x6c, 0x6b, 0x6c, 0x6c, 0x6a, 0x6f, 0x6a, 0x6c, 0x6f, 0x7c, 0x7c, 0x78, 0x7c, 0x79, 0x6c, 0x60, 0x64, 0x64, 0x5a, 0x5a, 0x64, 0x5a, 0x64, 0x5a, 0x5a, 0x5c, 0x77, 0x63, 0x61, 0x63, 0x63, 0x63, 0x61, 0x61, 0x61, 0x61, 0x61, 0x63, 0x2b, 0x1f, 0x12, 0x06, 0x03, 0x13, 0x1f, 0x63, 0x61, 0x5b, 0x68, 0x50, 0x4c, 0x60, 0x68, 0x6d, 0x6d, 0x77, 0x5b, 0xce, 0x61, 0x5f, 0x63, 0x5f, 0x5f, 0x5f, 0x5f, 0x5f, 0x5b, 0x5f, 0x59, 0x5b, 0x59, 0x5f, 0x59, 0x5f, 0x59, 0x5f, 0x59, 0x5b, 0x59, 0x59, 0x59, 0x59, 0x54, 0x59, 0x54, 0x56, 0x59, 
  0x8a, 0x8a, 0x8a, 0x8a, 0x8a, 0x86, 0x8a, 0x8a, 0x86, 0x86, 0x86, 0x86, 0x82, 0x86, 0x83, 0x86, 0x83, 0x86, 0x7f, 0x82, 0x7f, 0x82, 0x7d, 0x82, 0x7f, 0x7f, 0x7d, 0x7f, 0x7d, 0x81, 0x81, 0x7f, 0x81, 0x7d, 0x81, 0x7d, 0x81, 0x7f, 0x81, 0x7d, 0x7d, 0x7d, 0x7d, 0x7d, 0x81, 0x81, 0x7f, 0x83, 0x83, 0x83, 0x86, 0x86, 0x86, 0x86, 0x8a, 0x8a, 0x8a, 0x8a, 0x8a, 0x8a, 0x8a, 0x8a, 0x8a, 0x8a, 0x8a, 0x8a, 0x8a, 0x8a, 0x8a, 0x86, 0x86, 0x8a, 0x83, 0x83, 0x7d, 0x76, 0x76, 0x72, 0x72, 0x72, 0x72, 0x72, 0x76, 0x72, 0x72, 0x72, 0x79, 0x96, 0x8d, 0x8d, 0x88, 0x84, 0x85, 0x80, 0x80, 0x7c, 0x80, 0x79, 0x80, 0x79, 0x7c, 0x80, 0x88, 0x8c, 0x8c, 0x85, 0x85, 0x80, 0x7c, 0x79, 0x78, 0x78, 0x78, 0x78, 0x75, 0x74, 0x74, 0x70, 0x69, 0x69, 0x64, 0x69, 0x64, 0x64, 0x60, 0x64, 0x60, 0x64, 0x66, 0x74, 0x93, 0x93, 0x7b, 0x85, 0x80, 0x80, 0x80, 0x88, 0x85, 0x75, 0x75, 0x75, 0x75, 0x74, 0x78, 0x74, 0xd3, 0x75, 0x75, 0x69, 0x6f, 0x69, 0x69, 0x6f, 0x6c, 0x6c, 0x6b, 0x6c, 0x6a, 0x6c, 0x6c, 0x6c, 0x75, 0x7c, 0x7c, 0x7c, 0x7c, 0x6b, 0x62, 0x64, 0x64, 0x60, 0x5a, 0x5a, 0x64, 0x5a, 0x64, 0x64, 0x55, 0x6e, 0x6d, 0x61, 0x61, 0x61, 0x63, 0x61, 0x61, 0x61, 0x61, 0x63, 0x5c, 0x73, 0x6d, 0x1e, 0x1e, 0x1d, 0x00, 0x67, 0x33, 0x61, 0x71, 0x47, 0x32, 0x32, 0x44, 0x50, 0x4e, 0x52, 0x48, 0x48, 0x5b, 0x5f, 0x5b, 0x5f, 0x5f, 0x5f, 0x5f, 0x59, 0x5f, 0x5f, 0x59, 0x5b, 0x59, 0x5b, 0x59, 0x5f, 0x59, 0x5f, 0x59, 0x59, 0x59, 0x59, 0x59, 0x59, 0x59, 0x54, 0x59, 0x54, 0x59, 0x54, 
  0x8a, 0x8a, 0x8a, 0x8a, 0x8a, 0x8a, 0x86, 0x8a, 0x86, 0x86, 0x86, 0x82, 0x86, 0x86, 0x86, 0x83, 0x86, 0x83, 0x83, 0x7f, 0x7f, 0x7f, 0x82, 0x7f, 0x7f, 0x7d, 0x7f, 0x7d, 0x7f, 0x81, 0x7f, 0x81, 0x7d, 0x7d, 0x7d, 0x81, 0x81, 0x81, 0x81, 0x7d, 0x7d, 0x7d, 0x7d, 0x7d, 0x83, 0x81, 0x83, 0x83, 0x83, 0x86, 0x86, 0x86, 0x86, 0x86, 0x8b, 0x89, 0x8a, 0x8a, 0x8a, 0x8a, 0x8a, 0x8a, 0x8a, 0x8a, 0x8a, 0x8a, 0x8a, 0x8a, 0x89, 0x86, 0x8a, 0x86, 0x86, 0x7f, 0x7d, 0x76, 0x76, 0x76, 0x72, 0x72, 0x72, 0x72, 0x72, 0x72, 0x72, 0x72, 0x87, 0x96, 0x8d, 0x88, 0x85, 0x84, 0x80, 0x80, 0x80, 0x80, 0x79, 0x80, 0x7c, 0x80, 0x80, 0x85, 0x8c, 0x8c, 0x88, 0xd4, 0x80, 0x78, 0x79, 0x78, 0x78, 0x78, 0x78, 0x79, 0x74, 0x74, 0x74, 0x71, 0x74, 0x6f, 0x74, 0x6f, 0x74, 0x74, 0x74, 0x74, 0x78, 0x79, 0x80, 0x80, 0x8d, 0x96, 0x88, 0x84, 0x85, 0x7b, 0x84, 0x8d, 0x85, 0x74, 0x75, 0x74, 0x77, 0x78, 0x78, 0x70, 0x78, 0x70, 0x6f, 0x6b, 0x6f, 0x6c, 0x69, 0x6f, 0x69, 0x6b, 0x6c, 0x6a, 0x6c, 0x6c, 0x6c, 0x6c, 0x6f, 0x80, 0x78, 0x7c, 0x7c, 0x74, 0x60, 0x62, 0x64, 0x58, 0x60, 0x5a, 0x5a, 0x5a, 0x64, 0x5a, 0x64, 0x5c, 0x78, 0x5f, 0x63, 0x61, 0x61, 0x61, 0x61, 0x61, 0x61, 0x63, 0x73, 0x84, 0x4e, 0x53, 0x73, 0x6d, 0x67, 0x73, 0x6b, 0x68, 0x4c, 0x32, 0x31, 0x31, 0x32, 0x47, 0x49, 0xc7, 0x4b, 0x00, 0x68, 0x5f, 0x61, 0x5f, 0x5f, 0x5f, 0x65, 0x5f, 0x5b, 0x5f, 0x5b, 0x59, 0x5b, 0x59, 0x5f, 0x59, 0x5f, 0x59, 0x5b, 0x59, 0x5b, 0x59, 0x59, 0x59, 0x59, 0x59, 0x59, 0x59, 0x56, 0x59, 
  0x8a, 0x8a, 0x8a, 0x8a, 0x8a, 0x86, 0x8a, 0x86, 0x8a, 0x86, 0x89, 0x86, 0x89, 0x86, 0x82, 0x86, 0x82, 0x86, 0x86, 0x83, 0x83, 0x7f, 0x7f, 0x7f, 0x7f, 0x7f, 0x7f, 0x7f, 0x7d, 0x7d, 0x7d, 0x7d, 0x7d, 0x7d, 0x81, 0x7d, 0x7d, 0x7d, 0x7d, 0x7d, 0x7a, 0x7d, 0x7d, 0x7d, 0x7d, 0x83, 0x7f, 0x7f, 0x83, 0x83, 0x86, 0x86, 0x86, 0x8a, 0x86, 0x86, 0x86, 0x8a, 0x8a, 0x8a, 0x8a, 0x8b, 0x8b, 0x8b, 0x8a, 0x8a, 0x8a, 0x8a, 0x8a, 0x8a, 0x8a, 0x8b, 0x8a, 0x82, 0x7f, 0x76, 0x76, 0x72, 0x72, 0x72, 0x72, 0x72, 0x72, 0x72, 0x72, 0x76, 0x8e, 0x8e, 0x8e, 0x87, 0x88, 0x87, 0x80, 0x80, 0x80, 0x80, 0x80, 0x79, 0x80, 0x80, 0x80, 0x8c, 0x8c, 0x8c, 0x88, 0x85, 0x7c, 0x80, 0x80, 0x7c, 0x79, 0x78, 0x79, 0x78, 0x79, 0x79, 0x80, 0x78, 0x79, 0x7c, 0x78, 0x7c, 0x7c, 0x78, 0x7c, 0x80, 0x7c, 0x80, 0x7c, 0x78, 0x74, 0x8c, 0x93, 0x84, 0x88, 0x84, 0x84, 0x8e, 0x88, 0x74, 0x78, 0x78, 0x74, 0x78, 0x74, 0x78, 0x70, 0x74, 0x74, 0x74, 0x74, 0x6e, 0x6f, 0x6f, 0x6f, 0x6c, 0x6c, 0x6f, 0x6c, 0x6f, 0x6c, 0x6f, 0x6c, 0x79, 0x7c, 0x7c, 0x7c, 0x80, 0x62, 0x64, 0x64, 0x60, 0x64, 0x5a, 0x64, 0x5a, 0x64, 0x5a, 0x64, 0x55, 0x73, 0x68, 0x61, 0x61, 0x63, 0x63, 0x63, 0x63, 0x6d, 0x80, 0x55, 0x66, 0xce, 0x75, 0x6c, 0x60, 0x5a, 0x58, 0x6e, 0x82, 0x45, 0x31, 0x31, 0x31, 0x32, 0x47, 0x49, 0x49, 0x73, 0x61, 0x5f, 0x5f, 0x63, 0x5f, 0x61, 0x5f, 0x5f, 0x59, 0x5f, 0x59, 0x59, 0x5f, 0x5f, 0x5f, 0x59, 0x5f, 0x59, 0x5f, 0x59, 0x59, 0x59, 0x59, 0x59, 0x59, 0x59, 0x54, 0x56, 0x54, 0x59, 0x56, 
  0x8a, 0x8a, 0x8a, 0x8a, 0x8a, 0x8a, 0x8a, 0x8a, 0x89, 0x8a, 0x86, 0x86, 0x86, 0x86, 0x86, 0x86, 0x82, 0x86, 0x83, 0x86, 0x86, 0x83, 0x7f, 0x82, 0x7f, 0x7f, 0x7f, 0x7f, 0x7d, 0x7d, 0x76, 0x7d, 0x7a, 0x7d, 0x7d, 0x7d, 0x7d, 0x7d, 0x7d, 0x7d, 0x7a, 0x7d, 0x7d, 0x7d, 0x7d, 0x7f, 0x7f, 0x7f, 0x83, 0x86, 0x86, 0x86, 0x86, 0x86, 0x8a, 0x86, 0x8a, 0x8a, 0x8a, 0x8a, 0x8b, 0x8b, 0x8b, 0x8b, 0x8a, 0x8a, 0x8a, 0x8a, 0x8a, 0x8a, 0x8a, 0x8b, 0x89, 0x86, 0x82, 0x7a, 0x7a, 0x76, 0x72, 0x72, 0x72, 0x72, 0x72, 0x72, 0x72, 0x80, 0x94, 0x8e, 0x8d, 0x88, 0x87, 0x84, 0x80, 0x80, 0x80, 0x80, 0x79, 0x80, 0x7c, 0x80, 0x84, 0x8c, 0x8c, 0x88, 0x88, 0x84, 0x80, 0x80, 0x79, 0x80, 0x78, 0x79, 0x78, 0x79, 0x78, 0x79, 0x78, 0x79, 0x78, 0x78, 0x79, 0x78, 0x78, 0x78, 0x78, 0x78, 0x7c, 0x78, 0x78, 0x78, 0x78, 0x7c, 0x8e, 0x8c, 0xd4, 0x84, 0xd4, 0x8e, 0x88, 0x74, 0x78, 0x78, 0x78, 0x78, 0x74, 0x74, 0x74, 0x74, 0x74, 0x74, 0x74, 0x74, 0x6f, 0x74, 0x6f, 0x6f, 0x6f, 0x6c, 0x6f, 0x6c, 0x6f, 0x6f, 0x6c, 0x74, 0x80, 0x7c, 0xd4, 0x80, 0x69, 0x64, 0x64, 0x60, 0x64, 0x60, 0x64, 0x64, 0x64, 0x64, 0x64, 0x60, 0x6f, 0x68, 0x63, 0x63, 0x63, 0x63, 0x63, 0x73, 0x77, 0x62, 0x5a, 0x62, 0x66, 0x69, 0x64, 0x55, 0x58, 0x6a, 0x85, 0x6a, 0x44, 0x31, 0x31, 0x31, 0x31, 0x44, 0x4d, 0x58, 0x65, 0x63, 0x63, 0x5f, 0x63, 0x61, 0x5f, 0x61, 0x5f, 0x5f, 0x5e, 0x5f, 0x5e, 0x5b, 0x5f, 0x59, 0x5f, 0x59, 0x5f, 0x59, 0x5b, 0x59, 0x5b, 0x59, 0x56, 0x59, 0x56, 0x59, 0x56, 0x59, 0x53, 0x56, 
  0x8a, 0x8a, 0x8a, 0x8a, 0x86, 0x8a, 0x86, 0x8a, 0x8a, 0x86, 0x8a, 0x86, 0x8a, 0x86, 0x86, 0x86, 0x86, 0x86, 0x86, 0x86, 0x83, 0x83, 0x83, 0x7f, 0x82, 0x7f, 0x7f, 0x7f, 0x7d, 0x7f, 0x81, 0x7d, 0x7d, 0x7d, 0x81, 0x7d, 0x81, 0x7d, 0x81, 0x7d, 0x7d, 0x7d, 0x7d, 0x7d, 0x7d, 0x7f, 0x7f, 0x7f, 0x83, 0x83, 0x86, 0x86, 0x86, 0x89, 0x86, 0x86, 0x86, 0x8a, 0x8a, 0x8a, 0x8b, 0x8b, 0x8b, 0x8b, 0x8a, 0x8a, 0x8a, 0x8a, 0x8a, 0x8a, 0x8a, 0x8a, 0x8a, 0x86, 0x82, 0x7d, 0x81, 0x76, 0x76, 0x72, 0x72, 0x72, 0x72, 0x72, 0x6a, 0x8f, 0x8d, 0x8d, 0x8d, 0x87, 0x88, 0x87, 0x80, 0x80, 0x80, 0x80, 0x7c, 0x80, 0x79, 0x80, 0x84, 0x88, 0x8c, 0x88, 0x88, 0x85, 0x80, 0x7c, 0x80, 0x7c, 0x79, 0x78, 0x79, 0x78, 0x79, 0x78, 0x79, 0x78, 0x78, 0x78, 0x78, 0x78, 0x78, 0x78, 0x79, 0x7c, 0x78, 0x79, 0x7c, 0x78, 0x78, 0x78, 0x7c, 0x8c, 0x8c, 0x88, 0x84, 0x92, 0x85, 0x74, 0x78, 0x78, 0x78, 0x74, 0x78, 0x74, 0x74, 0x6f, 0x74, 0x74, 0x74, 0x6f, 0x6f, 0x74, 0x6f, 0x6f, 0x6f, 0x6c, 0x6e, 0x6c, 0x6c, 0x6f, 0x6f, 0x6f, 0x80, 0x7c, 0x7c, 0x80, 0x69, 0x62, 0x64, 0x60, 0x64, 0x5a, 0x64, 0x64, 0x5a, 0x64, 0x64, 0x5a, 0x66, 0x77, 0x5c, 0x68, 0x63, 0x61, 0x73, 0x79, 0x5c, 0x58, 0x62, 0x6f, 0x55, 0x5a, 0x64, 0x58, 0x58, 0x6a, 0x80, 0x72, 0x32, 0x31, 0x31, 0x31, 0x31, 0x31, 0x4c, 0x6b, 0x5b, 0x65, 0x63, 0x5f, 0x63, 0x5f, 0x61, 0x5f, 0x63, 0x59, 0x5f, 0x5e, 0x59, 0x5f, 0x5f, 0x5f, 0x59, 0x5f, 0x59, 0x5f, 0x59, 0x59, 0x59, 0x59, 0x59, 0x59, 0x59, 0x59, 0x54, 0x59, 0x53, 0x56, 
  0x8a, 0x8a, 0x8a, 0x8a, 0x8a, 0x86, 0x8a, 0x86, 0x86, 0x8a, 0x86, 0x86, 0x86, 0x8a, 0x82, 0x86, 0x82, 0x86, 0x83, 0x86, 0x86, 0x83, 0x83, 0x83, 0x83, 0x7f, 0x7f, 0x7f, 0x7f, 0x83, 0x7f, 0x83, 0x7d, 0x81, 0x7d, 0x81, 0x82, 0x81, 0x83, 0x7d, 0x7d, 0x7d, 0x7d, 0x81, 0x7f, 0x82, 0x7f, 0x7f, 0x83, 0x86, 0x86, 0x86, 0x86, 0x86, 0x86, 0x8a, 0x86, 0x8b, 0x8a, 0x8a, 0x8b, 0x8b, 0x8b, 0x8b, 0x8a, 0x8a, 0x8a, 0x8a, 0x8a, 0x8a, 0x8a, 0x8a, 0x86, 0x86, 0x82, 0x7f, 0x81, 0x7a, 0x76, 0x76, 0x72, 0x72, 0x72, 0x72, 0x76, 0x93, 0x8f, 0x8e, 0x8d, 0x87, 0x84, 0x80, 0x80, 0x80, 0x80, 0x80, 0x79, 0x80, 0x7c, 0x80, 0x8c, 0x88, 0xd5, 0x88, 0x84, 0x80, 0x80, 0x80, 0x79, 0x80, 0x79, 0x78, 0x79, 0x78, 0x79, 0x78, 0x79, 0x78, 0x79, 0x78, 0x78, 0x78, 0x78, 0x78, 0x78, 0x78, 0x7c, 0x78, 0x78, 0x78, 0x78, 0x78, 0x7c, 0x7c, 0x8c, 0xd4, 0x84, 0x92, 0x88, 0x74, 0x78, 0x78, 0x78, 0x78, 0x74, 0x78, 0x74, 0x74, 0x74, 0x74, 0x74, 0x74, 0x74, 0x6f, 0x74, 0x6f, 0x6f, 0x6f, 0x6f, 0x6f, 0x6f, 0x6f, 0x6f, 0x6f, 0x80, 0x7c, 0x7c, 0x80, 0x6f, 0x64, 0x66, 0x64, 0x60, 0x64, 0x64, 0x64, 0x64, 0x64, 0x64, 0x64, 0x58, 0x79, 0x68, 0x63, 0x63, 0x68, 0x79, 0x69, 0x5a, 0x60, 0x64, 0x69, 0x55, 0x5a, 0x60, 0x5a, 0x55, 0x58, 0x94, 0x75, 0x44, 0x31, 0x31, 0x31, 0x31, 0x31, 0x4b, 0x60, 0x5f, 0x65, 0x5f, 0x63, 0x5f, 0x63, 0x61, 0x5f, 0x5f, 0x5b, 0x5f, 0x59, 0x5f, 0x59, 0x5f, 0x59, 0x5f, 0x59, 0x5f, 0x59, 0x5b, 0x59, 0x5b, 0x56, 0x59, 0x56, 0x59, 0x54, 0x59, 0x54, 0x56, 0x56, 
  0x8a, 0x8a, 0x8a, 0x8a, 0x86, 0x8a, 0x8a, 0x86, 0x8a, 0x86, 0x8a, 0x86, 0x8a, 0x86, 0x89, 0x86, 0x89, 0x86, 0x86, 0x83, 0x86, 0x83, 0x83, 0x83, 0x83, 0x7f, 0x7d, 0x82, 0x7f, 0x82, 0x7f, 0x7f, 0x81, 0x83, 0x7d, 0x81, 0x81, 0x82, 0x81, 0x81, 0x7d, 0x81, 0x7d, 0x83, 0x81, 0x82, 0x7f, 0x7f, 0x83, 0x83, 0x86, 0x86, 0x86, 0x86, 0x8a, 0x86, 0x86, 0x8a, 0x8a, 0x8a, 0x8b, 0x8b, 0x8b, 0x8b, 0x8a, 0x8a, 0x8a, 0x8a, 0x8a, 0x8a, 0x8a, 0x8a, 0x8a, 0x86, 0x86, 0x82, 0x7a, 0x81, 0x7a, 0x76, 0x76, 0x76, 0x72, 0x72, 0x87, 0x93, 0x95, 0x8d, 0x8d, 0x8d, 0x80, 0x87, 0x80, 0x80, 0x80, 0x80, 0x7c, 0x80, 0x80, 0x84, 0x8d, 0x8c, 0x88, 0x8c, 0x84, 0x85, 0x80, 0x80, 0x80, 0x7c, 0x79, 0x78, 0x79, 0x78, 0x79, 0x78, 0x79, 0x78, 0x78, 0x78, 0x78, 0x78, 0x78, 0x78, 0x7c, 0x7c, 0x78, 0x7c, 0x78, 0x78, 0x78, 0x78, 0x78, 0x7b, 0x88, 0x8c, 0x85, 0x92, 0x88, 0x74, 0x78, 0x78, 0x74, 0x78, 0x78, 0x74, 0x74, 0x6f, 0x74, 0x74, 0x74, 0x74, 0x6f, 0x74, 0x6f, 0x74, 0x6f, 0x6f, 0x6f, 0x6f, 0x6f, 0x6c, 0x6f, 0x6f, 0x79, 0x7c, 0x78, 0x80, 0x70, 0x64, 0x64, 0x64, 0x64, 0x5a, 0x64, 0x5a, 0x64, 0x64, 0x64, 0x64, 0x58, 0x71, 0x73, 0x68, 0x63, 0x80, 0x6e, 0x5a, 0x64, 0x58, 0x6a, 0x55, 0x55, 0x58, 0x60, 0x55, 0x5a, 0x74, 0x4f, 0x4a, 0x4c, 0x31, 0x31, 0x31, 0x31, 0x32, 0x60, 0x61, 0x63, 0x5f, 0x63, 0x5f, 0x63, 0x5f, 0x61, 0x5f, 0x61, 0x5f, 0x5b, 0x59, 0x59, 0x5f, 0x5b, 0x5f, 0x59, 0x5f, 0x59, 0x5f, 0x59, 0x59, 0x59, 0x59, 0x59, 0x59, 0x56, 0x59, 0x56, 0x59, 0x56, 0x56, 
  0x8b, 0x8b, 0x8b, 0x8a, 0x8a, 0x86, 0x8a, 0x86, 0x8a, 0x86, 0x8a, 0x86, 0x8a, 0x86, 0x8a, 0x89, 0x8a, 0x86, 0x86, 0x86, 0x83, 0x86, 0x86, 0x86, 0x86, 0x83, 0x83, 0x83, 0x83, 0x82, 0x82, 0x82, 0x7f, 0x7d, 0x7f, 0x82, 0x81, 0x81, 0x82, 0x81, 0x82, 0x81, 0x82, 0x7d, 0x82, 0x7d, 0x82, 0x7f, 0x83, 0x86, 0x83, 0x86, 0x89, 0x8a, 0x89, 0x8b, 0x8b, 0x8b, 0x8b, 0x8b, 0x8b, 0x8b, 0x8b, 0x8b, 0x8b, 0x8b, 0x8b, 0x8a, 0x8a, 0x8a, 0x8a, 0x8a, 0x8a, 0x86, 0x86, 0x83, 0x83, 0x81, 0x7a, 0x76, 0x76, 0x76, 0x76, 0x76, 0x8d, 0x95, 0x93, 0x8d, 0x8e, 0x85, 0x85, 0x80, 0x80, 0x80, 0x80, 0x80, 0x80, 0x80, 0x80, 0x84, 0x8c, 0x88, 0x8c, 0x88, 0x84, 0x80, 0x80, 0x7c, 0x78, 0x80, 0x7c, 0x7c, 0x7c, 0x7c, 0x7c, 0x78, 0x7c, 0x78, 0x7c, 0x79, 0x7c, 0x79, 0x7c, 0x78, 0x7c, 0x78, 0x7c, 0x78, 0x79, 0x79, 0x78, 0x79, 0x78, 0x78, 0x84, 0x85, 0x88, 0x92, 0x8d, 0x78, 0x78, 0x78, 0x78, 0x78, 0x78, 0x78, 0x78, 0x78, 0x7c, 0x78, 0x74, 0x74, 0x74, 0x74, 0x74, 0x6f, 0x74, 0x74, 0x74, 0x74, 0x6f, 0x6f, 0x6f, 0x6f, 0x74, 0x80, 0x75, 0x7c, 0x75, 0x64, 0x69, 0x64, 0x64, 0x64, 0x64, 0x64, 0x64, 0x64, 0x64, 0x64, 0x64, 0x69, 0x7b, 0x5b, 0x6e, 0x77, 0x69, 0x5a, 0x58, 0x60, 0x5a, 0x50, 0x5a, 0x5a, 0x64, 0x64, 0x64, 0x49, 0x4a, 0x71, 0x72, 0x44, 0x32, 0x31, 0x32, 0x4c, 0x60, 0x61, 0x63, 0x65, 0x63, 0x5f, 0x63, 0x5f, 0x61, 0x5f, 0x61, 0x59, 0x5b, 0x5f, 0x5b, 0x5f, 0x5f, 0x5f, 0x5f, 0x59, 0x5f, 0x59, 0x5b, 0x59, 0x5b, 0x56, 0x59, 0x56, 0x59, 0x59, 0x59, 0x59, 0x56, 0x56, 
  0x8b, 0x8b, 0x8b, 0x8a, 0x86, 0x8a, 0x86, 0x8a, 0x86, 0x8a, 0x86, 0x8a, 0x86, 0x8a, 0x8b, 0x86, 0x8b, 0x86, 0x86, 0x83, 0x86, 0x83, 0x86, 0x83, 0x86, 0x83, 0x83, 0x83, 0x83, 0x82, 0x83, 0x82, 0x7f, 0x82, 0x7f, 0x82, 0x7a, 0x82, 0x7a, 0x82, 0x81, 0x82, 0x81, 0x82, 0x7d, 0x82, 0x7f, 0x7f, 0x83, 0x83, 0x86, 0x86, 0x87, 0x89, 0x8a, 0x8b, 0x8b, 0x8b, 0x8b, 0x8b, 0x8b, 0x8b, 0x8b, 0x8b, 0x8b, 0x8b, 0x8b, 0x8a, 0x8a, 0x86, 0x8a, 0x8a, 0x8a, 0x8a, 0x86, 0x86, 0x82, 0x81, 0x81, 0x81, 0x76, 0x76, 0x76, 0x75, 0x94, 0x93, 0x8f, 0x8d, 0x8d, 0x85, 0x85, 0x85, 0x80, 0x80, 0x80, 0x80, 0x80, 0x80, 0x80, 0x84, 0x88, 0x88, 0x84, 0x88, 0x80, 0x85, 0x80, 0x7c, 0x7c, 0x7c, 0x7c, 0x7c, 0x7c, 0x7c, 0x78, 0x7c, 0x78, 0x7c, 0x78, 0x7c, 0x78, 0x7c, 0x78, 0x7c, 0x78, 0x7c, 0x78, 0x7c, 0x78, 0x79, 0x78, 0x79, 0x73, 0x74, 0x7b, 0x85, 0x8c, 0x92, 0x8c, 0x70, 0x7c, 0x78, 0x78, 0x78, 0x78, 0x78, 0x78, 0x7c, 0x78, 0x78, 0x78, 0x74, 0x70, 0x74, 0x74, 0x74, 0x6f, 0x74, 0x6f, 0x74, 0x6f, 0x70, 0x6f, 0x6f, 0x6f, 0x80, 0x78, 0x79, 0x78, 0x69, 0x69, 0x64, 0x64, 0x64, 0x64, 0x64, 0x64, 0x64, 0x64, 0x64, 0x64, 0x64, 0x80, 0x65, 0x77, 0x78, 0x64, 0x5a, 0x58, 0x64, 0x5a, 0x5a, 0x50, 0x5a, 0x6f, 0x4d, 0x4a, 0x4f, 0x6f, 0x82, 0x89, 0x72, 0x4c, 0x47, 0x4c, 0x6b, 0x61, 0x61, 0x63, 0x65, 0x5f, 0x63, 0x5f, 0x61, 0x5b, 0x63, 0x5b, 0x5f, 0x5b, 0x5b, 0x5f, 0x5f, 0x59, 0x5f, 0x59, 0x5f, 0x59, 0x5f, 0x59, 0x59, 0x59, 0x59, 0x59, 0x59, 0x56, 0x59, 0x56, 0x59, 0x53, 0x56, 
  0x8b, 0x8b, 0x8b, 0x8a, 0x8a, 0x86, 0x8a, 0x86, 0x8a, 0x86, 0x8a, 0x86, 0x8a, 0x86, 0x8a, 0x8a, 0x89, 0x8a, 0x83, 0x86, 0x83, 0x86, 0x83, 0x86, 0x83, 0x83, 0x83, 0x83, 0x83, 0x82, 0x82, 0x83, 0x82, 0x7f, 0x7f, 0x7f, 0x82, 0x7f, 0x82, 0x81, 0x82, 0x81, 0x82, 0x7d, 0x82, 0x7d, 0x82, 0x7f, 0x83, 0x86, 0x83, 0x89, 0x89, 0x8a, 0x8a, 0x8b, 0x8b, 0x8b, 0x8b, 0x8a, 0x8b, 0x8b, 0x8b, 0x8b, 0x8b, 0x8b, 0x8b, 0x8a, 0x8a, 0x8a, 0x86, 0x8a, 0x8a, 0x89, 0x86, 0x86, 0x83, 0x82, 0x83, 0x7d, 0x7a, 0x81, 0x7a, 0x8d, 0x94, 0x8d, 0x94, 0x8c, 0x8d, 0x85, 0x85, 0x7c, 0x80, 0x80, 0x80, 0x80, 0x80, 0x80, 0x80, 0x88, 0x88, 0x88, 0x88, 0x84, 0x84, 0x80, 0x80, 0x7c, 0x7c, 0x7c, 0x80, 0x7c, 0x80, 0x7c, 0x7c, 0x78, 0x7c, 0x78, 0x7c, 0x78, 0x7c, 0x78, 0x7c, 0x78, 0x7c, 0x78, 0x7c, 0x79, 0x78, 0x79, 0x78, 0x79, 0x70, 0x73, 0x85, 0xd0, 0x6e, 0xd4, 0x92, 0x74, 0x7c, 0x78, 0x78, 0x78, 0x78, 0x78, 0x7c, 0x78, 0x7c, 0x78, 0x75, 0x74, 0x74, 0x74, 0x74, 0x74, 0x74, 0x74, 0x74, 0x74, 0x6f, 0x74, 0x6f, 0x6f, 0x6f, 0x79, 0x7c, 0x78, 0x79, 0x69, 0x69, 0x64, 0x64, 0x64, 0x64, 0x64, 0x5a, 0x64, 0x64, 0x64, 0x64, 0x5a, 0x78, 0x73, 0x7b, 0x6b, 0x5a, 0x64, 0x5a, 0x58, 0x50, 0x5a, 0x5a, 0x5a, 0x64, 0x4f, 0x64, 0x5a, 0x4f, 0x5a, 0x6f, 0x81, 0x6a, 0x50, 0x60, 0x6e, 0x61, 0x63, 0x63, 0x65, 0x61, 0x5f, 0x63, 0x5f, 0x61, 0x5f, 0x61, 0x5b, 0x5b, 0x5f, 0x5b, 0x5f, 0x5f, 0x5b, 0x5f, 0x59, 0x5f, 0x59, 0x5b, 0x59, 0x5b, 0x56, 0x59, 0x56, 0x59, 0x59, 0x59, 0x59, 0x56, 0x56, 
  0x8b, 0x8b, 0x8b, 0x8a, 0x86, 0x8a, 0x86, 0x8a, 0x86, 0x8a, 0x86, 0x8a, 0x86, 0x8a, 0x89, 0x8a, 0x8a, 0x86, 0x86, 0x83, 0x86, 0x83, 0x86, 0x83, 0x86, 0x83, 0x83, 0x83, 0x7f, 0x82, 0x83, 0x82, 0x7f, 0x82, 0x83, 0x82, 0x83, 0x82, 0x83, 0x82, 0x81, 0x82, 0x81, 0x82, 0x7d, 0x82, 0x7f, 0x7f, 0x83, 0x83, 0x86, 0x86, 0x89, 0x8a, 0x89, 0x8b, 0x8b, 0x8b, 0x8b, 0x8a, 0x8b, 0x8b, 0x8b, 0x8b, 0x8b, 0x8b, 0x8b, 0x8a, 0x8a, 0x86, 0x8a, 0x8a, 0x86, 0x8a, 0x86, 0x86, 0x83, 0x86, 0x7f, 0x82, 0x81, 0x82, 0x7a, 0x93, 0x8d, 0x95, 0x8d, 0x93, 0x8d, 0x85, 0x7c, 0x85, 0x80, 0x80, 0x80, 0x80, 0x80, 0x80, 0x80, 0x84, 0x8c, 0x84, 0x8c, 0x84, 0x80, 0x85, 0x80, 0x7c, 0x7c, 0x7c, 0x80, 0x80, 0x7c, 0x80, 0x78, 0x7c, 0x78, 0x7c, 0x78, 0x7c, 0x78, 0x7c, 0x79, 0x7c, 0x78, 0x7c, 0x78, 0x7c, 0x79, 0x78, 0x79, 0x74, 0x79, 0xd0, 0xc6, 0xc0, 0xcc, 0xd4, 0x8c, 0x70, 0x78, 0x78, 0x78, 0x78, 0x78, 0x78, 0x78, 0x7c, 0x78, 0x78, 0x78, 0x78, 0x78, 0x74, 0x74, 0x6f, 0x74, 0x6f, 0x74, 0x6f, 0x74, 0x6f, 0x74, 0x6f, 0x6e, 0x79, 0x78, 0x79, 0x78, 0x69, 0x69, 0x64, 0x64, 0x64, 0x64, 0x5a, 0x64, 0x5a, 0x64, 0x64, 0x64, 0x64, 0x6b, 0x84, 0x79, 0x6c, 0x5a, 0x5a, 0x64, 0x5a, 0x50, 0x5a, 0x50, 0x55, 0x64, 0x5a, 0x55, 0x4f, 0x5a, 0x55, 0x50, 0x4d, 0x50, 0x50, 0x50, 0x66, 0x65, 0x63, 0x65, 0x63, 0x5f, 0x63, 0x5f, 0x61, 0x5b, 0x63, 0x5b, 0x5f, 0x5b, 0x5b, 0x5f, 0x59, 0x5f, 0x5f, 0x59, 0x5f, 0x59, 0x5f, 0x59, 0x59, 0x59, 0x59, 0x59, 0x59, 0x56, 0x59, 0x56, 0x59, 0x53, 0x56, 
  0x8b, 0x8b, 0x8b, 0x8a, 0x8a, 0x86, 0x8a, 0x86, 0x8a, 0x86, 0x8a, 0x86, 0x8a, 0x86, 0x8a, 0x8a, 0x89, 0x8a, 0x83, 0x86, 0x83, 0x86, 0x83, 0x86, 0x83, 0x83, 0x83, 0x83, 0x83, 0x82, 0x82, 0x83, 0x83, 0x83, 0x83, 0x83, 0x82, 0x83, 0x82, 0x81, 0x82, 0x81, 0x82, 0x7d, 0x82, 0x7d, 0x82, 0x7f, 0x83, 0x86, 0x83, 0x89, 0x8b, 0x89, 0x8a, 0x8b, 0x8b, 0x8b, 0x8b, 0x8b, 0x8b, 0x8b, 0x8b, 0x8b, 0x8b, 0x8b, 0x8b, 0x8a, 0x8a, 0x8a, 0x8a, 0x86, 0x8a, 0x8a, 0x86, 0x86, 0x86, 0x83, 0x82, 0x7f, 0x82, 0x7f, 0x87, 0x93, 0x93, 0x94, 0x95, 0x8d, 0x8c, 0x85, 0x80, 0x7c, 0x80, 0x80, 0x80, 0x80, 0x80, 0x80, 0x84, 0x88, 0x88, 0x88, 0x88, 0x88, 0x80, 0x80, 0x7c, 0x7c, 0x80, 0x78, 0x80, 0x80, 0x80, 0x7c, 0x7c, 0x78, 0x7c, 0x78, 0x7c, 0x79, 0x7c, 0x80, 0x7c, 0x80, 0x7c, 0x79, 0x7c, 0x78, 0x79, 0x78, 0x79, 0x74, 0x80, 0xce, 0xa7, 0x35, 0xb5, 0xc7, 0xd0, 0x7c, 0x78, 0x70, 0x78, 0x78, 0x78, 0x78, 0x7c, 0x78, 0x7c, 0x78, 0x78, 0x75, 0x74, 0x74, 0x74, 0x74, 0x74, 0x74, 0x74, 0x74, 0x74, 0x6f, 0x74, 0x6f, 0x6f, 0x75, 0x79, 0x7c, 0x79, 0x6c, 0x69, 0x64, 0x64, 0x64, 0x64, 0x60, 0x5a, 0x64, 0x64, 0x64, 0x64, 0x5a, 0x6e, 0x8e, 0x75, 0x64, 0x5a, 0x64, 0x64, 0x50, 0x5a, 0x50, 0x5a, 0x50, 0x64, 0x64, 0x50, 0x5a, 0x55, 0x50, 0x5a, 0x50, 0x50, 0x50, 0x50, 0x50, 0x73, 0x5f, 0x65, 0x63, 0x5f, 0x63, 0x5f, 0x63, 0x5f, 0x61, 0x5f, 0x5b, 0x5b, 0x5f, 0x5b, 0x5f, 0x5b, 0x5f, 0x5f, 0x59, 0x5f, 0x59, 0x5b, 0x59, 0x5b, 0x56, 0x59, 0x56, 0x59, 0x59, 0x59, 0x59, 0x56, 0x56, 
  0x8b, 0x8b, 0x8b, 0x8b, 0x8a, 0x8a, 0x8a, 0x8a, 0x86, 0x8a, 0x86, 0x8a, 0x86, 0x8a, 0x8a, 0x86, 0x8a, 0x86, 0x86, 0x86, 0x86, 0x86, 0x82, 0x86, 0x86, 0x86, 0x86, 0x86, 0x82, 0x83, 0x83, 0x83, 0x82, 0x83, 0x83, 0x82, 0x7f, 0x82, 0x7f, 0x82, 0x83, 0x81, 0x82, 0x81, 0x82, 0x7f, 0x83, 0x82, 0x83, 0x83, 0x86, 0x83, 0x86, 0x86, 0x8b, 0x8b, 0x8b, 0x8b, 0x8b, 0x8f, 0x8f, 0x8f, 0x8f, 0x8f, 0x8b, 0x8b, 0x8b, 0x8b, 0x8b, 0x8b, 0x8b, 0x8a, 0x8a, 0x8a, 0x8a, 0x86, 0x86, 0x8a, 0x83, 0x86, 0x82, 0x82, 0x8d, 0x8e, 0x92, 0x95, 0x8e, 0x8d, 0x85, 0x85, 0x85, 0x85, 0x80, 0x7c, 0x80, 0x80, 0x85, 0x80, 0x88, 0x84, 0x88, 0x8c, 0x8d, 0x88, 0x80, 0x7c, 0x80, 0x80, 0x80, 0x80, 0x80, 0x7c, 0x85, 0x80, 0x7c, 0x7c, 0x7c, 0x79, 0x80, 0x7c, 0x80, 0x80, 0x85, 0x80, 0x7c, 0x7c, 0x78, 0x7c, 0x79, 0x80, 0x78, 0x74, 0x7c, 0xc8, 0x35, 0xae, 0xb4, 0xc1, 0x4e, 0x7c, 0x70, 0x78, 0x78, 0x78, 0x78, 0x78, 0x78, 0x7c, 0x78, 0x78, 0x75, 0x74, 0x74, 0x74, 0x74, 0x74, 0x74, 0x74, 0x6f, 0x74, 0x6f, 0x74, 0x6f, 0x74, 0x70, 0x75, 0x7c, 0x74, 0x75, 0x6f, 0x69, 0x69, 0x62, 0x64, 0x64, 0x58, 0x64, 0x60, 0x64, 0x64, 0x64, 0x64, 0x6a, 0x93, 0x6f, 0x6a, 0x5a, 0x5a, 0x64, 0x62, 0xe5, 0xd3, 0x55, 0x5a, 0x5a, 0x64, 0x64, 0x5a, 0x50, 0x5a, 0x50, 0x50, 0x50, 0x50, 0x50, 0x55, 0x6e, 0x63, 0x65, 0x65, 0x63, 0x5f, 0x65, 0x5f, 0x5f, 0x5f, 0x5f, 0x5f, 0x5f, 0x59, 0x59, 0x5f, 0x5f, 0x5f, 0x59, 0x5f, 0x59, 0x5f, 0x59, 0x59, 0x59, 0x59, 0x59, 0x59, 0x59, 0x54, 0x56, 0x53, 0x56, 0x53, 
  0x8b, 0x8f, 0x8b, 0x8f, 0x8a, 0x8b, 0x8b, 0x8a, 0x8a, 0x86, 0x8a, 0x86, 0x8a, 0x86, 0x8a, 0x8a, 0x86, 0x8a, 0x86, 0x8a, 0x86, 0x86, 0x82, 0x86, 0x86, 0x86, 0x86, 0x83, 0x83, 0x83, 0x82, 0x83, 0x83, 0x83, 0x82, 0x83, 0x7f, 0x7f, 0x7f, 0x83, 0x81, 0x82, 0x81, 0x82, 0x7d, 0x82, 0x7f, 0x82, 0x83, 0x86, 0x83, 0x86, 0x83, 0x8a, 0x8b, 0x8b, 0x8b, 0x8f, 0x8f, 0x8f, 0x8b, 0x8f, 0x8f, 0x8f, 0x8b, 0x8b, 0x8b, 0x8b, 0x8b, 0x8b, 0x8b, 0x8a, 0x8a, 0x8a, 0x8a, 0x86, 0x8a, 0x86, 0x86, 0x7f, 0x86, 0x82, 0x93, 0x91, 0x94, 0x93, 0x94, 0x88, 0x88, 0x84, 0x85, 0x80, 0x80, 0x80, 0x80, 0x80, 0x80, 0x85, 0x88, 0x8c, 0x8c, 0x8d, 0x88, 0x88, 0x80, 0x7c, 0x7c, 0x80, 0x80, 0x80, 0x80, 0x80, 0x80, 0x85, 0x78, 0x80, 0x78, 0x80, 0x7c, 0x80, 0x80, 0x84, 0x80, 0x85, 0x7c, 0x79, 0x7c, 0x78, 0x7c, 0x79, 0x79, 0x6e, 0x7c, 0xc0, 0xab, 0xae, 0xb2, 0xc4, 0xd0, 0x78, 0x70, 0x78, 0x78, 0x78, 0x78, 0x78, 0x7c, 0x78, 0x7c, 0x78, 0x75, 0x74, 0x74, 0x78, 0x74, 0x78, 0x74, 0x74, 0x74, 0x74, 0x74, 0x74, 0x74, 0x74, 0x6f, 0x74, 0x7c, 0x78, 0x79, 0x6f, 0x69, 0x69, 0x64, 0x64, 0x64, 0x58, 0x60, 0x5a, 0x64, 0x64, 0x64, 0x64, 0x60, 0x85, 0x75, 0x64, 0x5a, 0x64, 0xe6, 0xe4, 0xf1, 0xf2, 0xe5, 0x55, 0x5a, 0x5a, 0x55, 0x6a, 0x5a, 0x4f, 0x50, 0x50, 0x50, 0x50, 0x50, 0x5a, 0x6e, 0x65, 0x65, 0x65, 0x63, 0x5f, 0x63, 0x65, 0x5f, 0x65, 0x5f, 0x5f, 0x59, 0x5f, 0x59, 0x5f, 0x59, 0x5f, 0x5f, 0x59, 0x5f, 0x59, 0x5b, 0x59, 0x5b, 0x56, 0x59, 0x56, 0x59, 0x54, 0x59, 0x56, 0x53, 0x56, 
  0x8b, 0x8b, 0x8b, 0x8a, 0x8b, 0x8b, 0x8a, 0x8a, 0x86, 0x8a, 0x86, 0x8a, 0x8a, 0x8a, 0x8a, 0x86, 0x8a, 0x86, 0x86, 0x86, 0x86, 0x86, 0x86, 0x86, 0x86, 0x86, 0x86, 0x86, 0x82, 0x83, 0x83, 0x83, 0x82, 0x83, 0x83, 0x83, 0x82, 0x82, 0x82, 0x7f, 0x83, 0x7f, 0x82, 0x7d, 0x82, 0x7a, 0x82, 0x81, 0x82, 0x82, 0x86, 0x83, 0x86, 0x86, 0x8b, 0x8b, 0x8b, 0x8f, 0x94, 0x8d, 0x98, 0x8f, 0x8f, 0x8f, 0x8b, 0x8b, 0x8b, 0x8b, 0x8b, 0x8b, 0x8b, 0x8a, 0x8a, 0x8a, 0x8a, 0x8a, 0x86, 0x86, 0x86, 0x86, 0x82, 0x87, 0x95, 0x8e, 0x93, 0x94, 0x8e, 0x8d, 0x88, 0x85, 0x85, 0x80, 0x85, 0x80, 0x80, 0x80, 0x85, 0x80, 0x88, 0x84, 0x8c, 0x88, 0x8d, 0x88, 0x80, 0x7c, 0x80, 0x80, 0x80, 0x80, 0x80, 0x7c, 0x85, 0x85, 0x78, 0x7c, 0x7c, 0x7c, 0x79, 0x80, 0x7c, 0x80, 0x85, 0x80, 0x7c, 0x78, 0x7c, 0x79, 0x7c, 0x79, 0x7c, 0x6e, 0x78, 0xb9, 0x35, 0xae, 0xb0, 0xc1, 0xcf, 0x78, 0x6e, 0x78, 0x78, 0x78, 0x78, 0x78, 0x78, 0x7c, 0x78, 0x78, 0x78, 0x78, 0x78, 0x74, 0x74, 0x74, 0x74, 0x74, 0x74, 0x6f, 0x74, 0x6f, 0x74, 0x6f, 0x74, 0x74, 0x7c, 0x79, 0x78, 0x6f, 0x69, 0x62, 0x64, 0x62, 0x64, 0x60, 0x64, 0x60, 0x64, 0x64, 0x64, 0x60, 0x64, 0x85, 0x75, 0x64, 0x64, 0xe6, 0xf2, 0xf3, 0xf4, 0xf4, 0xf4, 0xd1, 0x5a, 0x64, 0x4f, 0x50, 0x64, 0x64, 0x50, 0x4f, 0x50, 0x50, 0x50, 0x55, 0x70, 0x63, 0x65, 0x63, 0x5f, 0x63, 0x65, 0x5f, 0x5f, 0x5f, 0x65, 0x59, 0x5f, 0x59, 0x5f, 0x5b, 0x5f, 0x5f, 0x59, 0x5f, 0x59, 0x5f, 0x59, 0x59, 0x59, 0x59, 0x59, 0x59, 0x54, 0x59, 0x56, 0x56, 0x56, 0x53, 
  0x8b, 0x8f, 0x8b, 0x8b, 0x8b, 0x8b, 0x8b, 0x8a, 0x8a, 0x8a, 0x8a, 0x8a, 0x86, 0x8a, 0x86, 0x8a, 0x86, 0x8a, 0x86, 0x8a, 0x86, 0x86, 0x86, 0x86, 0x86, 0x86, 0x86, 0x83, 0x83, 0x83, 0x82, 0x83, 0x83, 0x83, 0x82, 0x83, 0x86, 0x83, 0x86, 0x83, 0x81, 0x82, 0x81, 0x82, 0x7a, 0x82, 0x7a, 0x82, 0x81, 0x82, 0x83, 0x86, 0x83, 0x8a, 0x8b, 0x8b, 0x8b, 0x94, 0x8d, 0x98, 0x65, 0x79, 0x94, 0x8b, 0x8b, 0x8b, 0x8b, 0x8b, 0x8b, 0x8b, 0x8b, 0x8a, 0x8a, 0x8a, 0x8a, 0x86, 0x8a, 0x86, 0x86, 0x86, 0x82, 0x8a, 0x92, 0x94, 0x95, 0x95, 0x8e, 0x8d, 0x85, 0x84, 0x80, 0x85, 0x7c, 0x80, 0x80, 0x80, 0x80, 0x85, 0x88, 0x88, 0x8e, 0x88, 0x8c, 0x85, 0x84, 0x7c, 0x7c, 0x80, 0x80, 0x80, 0x80, 0x80, 0x85, 0x85, 0x78, 0x80, 0x78, 0x80, 0x7c, 0x80, 0x80, 0x84, 0x85, 0x80, 0x7c, 0x7c, 0x78, 0x7c, 0x79, 0x7c, 0x79, 0x6f, 0x69, 0xb4, 0xac, 0xad, 0xae, 0xc1, 0xcf, 0x78, 0x70, 0x78, 0x78, 0x78, 0x78, 0x78, 0x7c, 0x78, 0x7c, 0x78, 0x78, 0x78, 0x78, 0x74, 0x78, 0x74, 0x74, 0x74, 0x74, 0x74, 0x74, 0x74, 0x74, 0x74, 0x74, 0x70, 0x7c, 0x78, 0x79, 0x74, 0x69, 0x69, 0x69, 0x64, 0x64, 0x64, 0x5a, 0x64, 0x64, 0x64, 0x64, 0x64, 0x6a, 0x85, 0x79, 0x6c, 0x80, 0xe7, 0xf2, 0xf5, 0xf3, 0xf3, 0xf4, 0x62, 0x55, 0x62, 0x62, 0xd3, 0xd0, 0x5a, 0x64, 0x5a, 0x4f, 0x55, 0x4f, 0x5a, 0x6f, 0x67, 0x63, 0x65, 0x63, 0x5f, 0x65, 0x5f, 0x65, 0x5f, 0x5f, 0x5f, 0x5f, 0x59, 0x59, 0x5f, 0x5f, 0x59, 0x5f, 0x59, 0x5f, 0x59, 0x5b, 0x59, 0x5b, 0x56, 0x59, 0x56, 0x59, 0x54, 0x59, 0x56, 0x53, 0x56, 
  0x8f, 0x8b, 0x8f, 0x8f, 0x8f, 0x8f, 0x8f, 0x8b, 0x8b, 0x8b, 0x8b, 0x8b, 0x8b, 0x8b, 0x8b, 0x8a, 0x8a, 0x8a, 0x86, 0x86, 0x86, 0x86, 0x86, 0x86, 0x86, 0x86, 0x86, 0x86, 0x82, 0x86, 0x83, 0x86, 0x82, 0x83, 0x82, 0x86, 0x83, 0x86, 0x86, 0x83, 0x83, 0x83, 0x82, 0x7f, 0x82, 0x7a, 0x81, 0x82, 0x81, 0x82, 0x86, 0x86, 0x86, 0x86, 0x8b, 0x8b, 0x8b, 0x8f, 0x96, 0x6e, 0x3e, 0xc7, 0x9d, 0x8b, 0x8b, 0x8b, 0x8b, 0x8b, 0x8b, 0x8b, 0x8b, 0x8a, 0x8a, 0x8a, 0x8a, 0x8a, 0x86, 0x86, 0x86, 0x86, 0x86, 0x94, 0x8e, 0x94, 0x93, 0x94, 0x93, 0x88, 0x88, 0x85, 0x85, 0x80, 0x85, 0x80, 0x85, 0x84, 0x85, 0x84, 0x88, 0x8c, 0x8c, 0x8c, 0x88, 0x88, 0x80, 0x80, 0x7c, 0x80, 0x80, 0x80, 0x80, 0x7c, 0x88, 0x88, 0x78, 0x7c, 0x7c, 0x7c, 0x80, 0x7c, 0x80, 0x80, 0x85, 0x80, 0x7c, 0x78, 0x79, 0x7c, 0x79, 0x7c, 0x74, 0x77, 0xd0, 0xaf, 0xad, 0x38, 0xad, 0xc1, 0xe1, 0x7c, 0x6e, 0x70, 0x78, 0x78, 0x78, 0x78, 0x78, 0x7c, 0x78, 0x78, 0x78, 0x78, 0x78, 0x78, 0x74, 0x78, 0x74, 0x74, 0x74, 0x74, 0x70, 0x74, 0x6f, 0x74, 0x6f, 0x74, 0x7c, 0x78, 0x75, 0x74, 0x69, 0x69, 0x69, 0x64, 0x62, 0x64, 0x64, 0x64, 0x64, 0x64, 0x64, 0x64, 0x6c, 0x87, 0x80, 0x87, 0x85, 0xf2, 0xf5, 0xf3, 0xf1, 0xf3, 0xf4, 0xd2, 0x5a, 0xe6, 0xf2, 0xe4, 0xe7, 0x55, 0x50, 0x5a, 0x64, 0x5a, 0x64, 0x5a, 0x6e, 0x6e, 0x65, 0x63, 0x5f, 0x63, 0x65, 0x65, 0x5f, 0x65, 0x65, 0x5f, 0x5e, 0x65, 0x59, 0x5f, 0x5b, 0x5f, 0x59, 0x5f, 0x59, 0x5b, 0x59, 0x59, 0x59, 0x59, 0x59, 0x59, 0x56, 0x59, 0x56, 0x56, 0x56, 0x53, 
  0x8f, 0x8f, 0x8f, 0x8f, 0x8f, 0x8f, 0x8f, 0x8f, 0x8d, 0x8b, 0x8f, 0x8b, 0x8f, 0x8b, 0x8f, 0x8a, 0x8a, 0x8a, 0x8a, 0x8a, 0x86, 0x8a, 0x8a, 0x8b, 0x8a, 0x86, 0x86, 0x86, 0x86, 0x86, 0x86, 0x86, 0x82, 0x86, 0x82, 0x86, 0x82, 0x83, 0x83, 0x83, 0x83, 0x86, 0x83, 0x7f, 0x81, 0x82, 0x7a, 0x81, 0x7a, 0x82, 0x82, 0x7f, 0x8a, 0x86, 0x8b, 0x8b, 0x8b, 0x8f, 0x98, 0xca, 0x3d, 0xc6, 0x9a, 0x8f, 0x8b, 0x8b, 0x8b, 0x8b, 0x8b, 0x8b, 0x8b, 0x8a, 0x8a, 0x8a, 0x8a, 0x86, 0x8a, 0x86, 0x89, 0x83, 0x86, 0x93, 0x94, 0x93, 0x95, 0x93, 0x8d, 0x88, 0x85, 0x84, 0x85, 0x85, 0x84, 0x85, 0x84, 0x85, 0x84, 0x88, 0x88, 0x8e, 0x8c, 0x8c, 0x8c, 0x84, 0x80, 0x80, 0x80, 0x7c, 0x7c, 0x7c, 0x80, 0x80, 0x8c, 0x8c, 0x78, 0x7c, 0x7c, 0x80, 0x7c, 0x80, 0x80, 0x84, 0x85, 0x7c, 0x7c, 0x78, 0x7c, 0x78, 0x78, 0x78, 0x74, 0x70, 0xce, 0xac, 0xac, 0xad, 0xac, 0xbf, 0xe1, 0xd4, 0x6e, 0x78, 0x78, 0x78, 0x78, 0x7c, 0x7c, 0x78, 0x7c, 0x78, 0x7c, 0x78, 0x7c, 0x78, 0x78, 0x78, 0x78, 0x74, 0x70, 0x74, 0x70, 0x74, 0x70, 0x74, 0x74, 0x70, 0x75, 0x7c, 0x79, 0x74, 0x69, 0x69, 0x6c, 0x69, 0x64, 0x64, 0x62, 0x64, 0x64, 0x64, 0x6a, 0x64, 0x69, 0x80, 0x87, 0x87, 0xd4, 0xf1, 0xf4, 0xf3, 0xf3, 0xf3, 0xf4, 0xd2, 0xd3, 0xe5, 0xf2, 0xf3, 0xf2, 0xe5, 0x50, 0x55, 0x4f, 0x50, 0x50, 0x5a, 0x69, 0x6d, 0x5f, 0x65, 0x63, 0x5f, 0x65, 0x67, 0x65, 0x65, 0x65, 0x65, 0x5f, 0x65, 0x5f, 0x59, 0x59, 0x5b, 0x59, 0x5f, 0x59, 0x5f, 0x59, 0x5b, 0x59, 0x33, 0x59, 0x59, 0x59, 0x54, 0x54, 0x56, 0x53, 0x53, 
  0x8f, 0x8f, 0x8f, 0x8f, 0x8f, 0x8f, 0x8d, 0x8b, 0x8f, 0x87, 0x8f, 0x8b, 0x8b, 0x8b, 0x8f, 0x8b, 0x8a, 0x8a, 0x8b, 0x8a, 0x86, 0x8a, 0x86, 0x89, 0x8a, 0x86, 0x86, 0x8a, 0x82, 0x86, 0x82, 0x86, 0x82, 0x86, 0x82, 0x86, 0x83, 0x82, 0x83, 0x83, 0x86, 0x83, 0x86, 0x82, 0x82, 0x7a, 0x7a, 0x7a, 0x7a, 0x7a, 0x7a, 0x81, 0x89, 0x8a, 0x8b, 0x8b, 0x8b, 0x94, 0x84, 0xc0, 0x3d, 0xc6, 0x98, 0x89, 0x8f, 0x8b, 0x8f, 0x8b, 0x8b, 0x8b, 0x8b, 0x8a, 0x8a, 0x8a, 0x8a, 0x8a, 0x86, 0x86, 0x86, 0x86, 0x89, 0x96, 0x94, 0x93, 0x95, 0x93, 0x8d, 0x85, 0x84, 0x85, 0x85, 0x84, 0x85, 0x84, 0x85, 0x84, 0x88, 0x84, 0x8c, 0x8c, 0x8c, 0x8c, 0x88, 0x84, 0x84, 0x7c, 0x80, 0x7c, 0x7c, 0x80, 0x80, 0x7c, 0x7c, 0x7c, 0x78, 0x79, 0x7c, 0x7c, 0x80, 0x80, 0x80, 0x84, 0x85, 0x80, 0x78, 0x7c, 0x78, 0x7c, 0x78, 0x78, 0x74, 0x79, 0xcb, 0xaa, 0xad, 0x38, 0xad, 0xbe, 0xe1, 0x7c, 0x6e, 0x78, 0x70, 0x7c, 0x78, 0x7c, 0x78, 0x78, 0x78, 0x7c, 0x78, 0x78, 0x78, 0x78, 0x78, 0x78, 0x74, 0x78, 0x74, 0x70, 0x70, 0x70, 0x70, 0x74, 0x6f, 0x74, 0x75, 0x79, 0x74, 0x74, 0x69, 0x69, 0x6c, 0x69, 0x62, 0x64, 0x64, 0x64, 0x64, 0x64, 0x6a, 0x69, 0x64, 0x6f, 0x85, 0x87, 0xd4, 0xf4, 0xf3, 0xf3, 0xf3, 0xf3, 0xf3, 0xe6, 0xe5, 0xf2, 0xf3, 0xf1, 0xf4, 0xf2, 0x62, 0x50, 0x50, 0x50, 0x50, 0x5a, 0x6c, 0x67, 0x65, 0x5f, 0x63, 0x63, 0x65, 0x5e, 0x67, 0x65, 0x67, 0x5d, 0x5f, 0x5e, 0x5f, 0x59, 0x5b, 0x59, 0x5f, 0x59, 0x5f, 0x59, 0x5b, 0x59, 0x5b, 0x59, 0x59, 0x59, 0x59, 0x54, 0x54, 0x56, 0x53, 0x53, 
  0x8f, 0x8f, 0x8f, 0x8f, 0x8f, 0x8f, 0x8f, 0x8f, 0x87, 0x8f, 0x8f, 0x8b, 0x8f, 0x8b, 0x8f, 0x8b, 0x8b, 0x8b, 0x8b, 0x8a, 0x8a, 0x86, 0x8b, 0x8a, 0x8a, 0x86, 0x86, 0x82, 0x8a, 0x86, 0x8a, 0x86, 0x86, 0x82, 0x86, 0x82, 0x83, 0x83, 0x83, 0x86, 0x86, 0x86, 0x83, 0x83, 0x82, 0x81, 0x7a, 0x7a, 0x7a, 0x7a, 0x7a, 0x81, 0x83, 0x89, 0x8b, 0x8b, 0x8f, 0x93, 0x5f, 0xbf, 0xb7, 0xc7, 0x8f, 0x8d, 0x8b, 0x8b, 0x8b, 0x8b, 0x8b, 0x8b, 0x8b, 0x8a, 0x8a, 0x8a, 0x8a, 0x86, 0x8a, 0x86, 0x89, 0x83, 0x8f, 0x96, 0x8d, 0x95, 0x93, 0x94, 0x8c, 0x88, 0x85, 0x84, 0x85, 0x85, 0x84, 0x84, 0x84, 0x84, 0x85, 0x88, 0x8c, 0x88, 0x8c, 0x88, 0x8c, 0x84, 0x7c, 0x84, 0x7c, 0x7c, 0x7c, 0x7c, 0x80, 0x84, 0x70, 0x7b, 0x7c, 0x78, 0x7c, 0x80, 0x80, 0x80, 0x7c, 0x88, 0x88, 0x80, 0x7c, 0x78, 0x7c, 0x78, 0x78, 0x78, 0x70, 0x7c, 0xc7, 0xa9, 0xae, 0xac, 0x35, 0xbc, 0xe1, 0xd4, 0x6e, 0x70, 0x7c, 0x78, 0x78, 0x7c, 0x78, 0x78, 0x78, 0x78, 0x78, 0x7c, 0x78, 0x78, 0x78, 0x78, 0x78, 0x74, 0x70, 0x74, 0x70, 0x74, 0x70, 0x74, 0x70, 0x74, 0x74, 0x7c, 0x74, 0x74, 0x6c, 0x69, 0x6c, 0x69, 0x69, 0x64, 0x62, 0x64, 0x64, 0x64, 0x6a, 0x64, 0x69, 0x75, 0x87, 0x87, 0xd4, 0xf2, 0xf3, 0xf3, 0xf3, 0xf3, 0xf4, 0xf7, 0xf2, 0xf1, 0xf3, 0xf3, 0xf3, 0xf4, 0xe5, 0x4d, 0x50, 0x50, 0x50, 0x5a, 0x69, 0x6d, 0x5f, 0x63, 0x5f, 0x63, 0x65, 0x65, 0x65, 0x65, 0x65, 0x65, 0x65, 0x5f, 0x59, 0x5b, 0x59, 0x5b, 0x59, 0x5f, 0x59, 0x5b, 0x59, 0x59, 0x59, 0x59, 0x59, 0x59, 0x59, 0x54, 0x59, 0x53, 0x53, 0x53, 
  0x8f, 0x8f, 0x8f, 0x8f, 0x8f, 0x8f, 0x8d, 0x8b, 0x8f, 0x8f, 0x8f, 0x8b, 0x8a, 0x8f, 0x8b, 0x8f, 0x8b, 0x8a, 0x8b, 0x8b, 0x8a, 0x8a, 0x8a, 0x89, 0x8a, 0x86, 0x8a, 0x86, 0x86, 0x86, 0x82, 0x86, 0x82, 0x86, 0x82, 0x83, 0x82, 0x83, 0x82, 0x86, 0x86, 0x86, 0x86, 0x82, 0x82, 0x81, 0x7a, 0x7a, 0x76, 0x76, 0x76, 0x7a, 0x81, 0x8a, 0x8b, 0x8a, 0x8f, 0x80, 0xce, 0xbe, 0x3d, 0x48, 0x6e, 0x8f, 0x8f, 0x8b, 0x8f, 0x8b, 0x8b, 0x8b, 0x8b, 0x8a, 0x8a, 0x8a, 0x8a, 0x8a, 0x86, 0x86, 0x86, 0x83, 0x8d, 0x9b, 0x93, 0x95, 0x95, 0x8e, 0x8d, 0x85, 0x84, 0x85, 0x84, 0x85, 0x84, 0x84, 0x84, 0x84, 0xd4, 0x88, 0xd4, 0x8c, 0x8c, 0x8c, 0x8c, 0x85, 0x84, 0x7c, 0x7c, 0x80, 0x7c, 0x7c, 0x80, 0x8d, 0x56, 0x78, 0x80, 0x7c, 0x7c, 0x7c, 0x80, 0x80, 0x80, 0x84, 0x88, 0x80, 0x80, 0x79, 0x78, 0x7c, 0x78, 0x78, 0x70, 0x79, 0xc0, 0xa9, 0x38, 0xac, 0x35, 0xbc, 0xe1, 0xd4, 0x6e, 0x78, 0x78, 0x78, 0x78, 0x7c, 0x78, 0x7c, 0x78, 0x7c, 0x78, 0x78, 0x78, 0x78, 0x78, 0x78, 0x74, 0x78, 0x74, 0x70, 0x70, 0x70, 0x70, 0x74, 0x6f, 0x74, 0x75, 0x79, 0x74, 0x75, 0x6c, 0x6c, 0x69, 0x69, 0x62, 0x69, 0x64, 0x64, 0x64, 0x64, 0x64, 0x69, 0x64, 0x75, 0x85, 0x89, 0x8d, 0xf4, 0xf4, 0xf3, 0xf5, 0xf5, 0xf4, 0xf4, 0xf4, 0xf3, 0xf3, 0xf3, 0xf3, 0xf3, 0xf2, 0x50, 0x50, 0x50, 0x50, 0x64, 0x69, 0x6d, 0x65, 0x5f, 0x63, 0x63, 0x5e, 0x67, 0x65, 0x67, 0x65, 0x67, 0x5f, 0x5d, 0x5f, 0x59, 0x5b, 0x59, 0x5f, 0x59, 0x5f, 0x59, 0x5b, 0x59, 0x5b, 0x59, 0x59, 0x5b, 0x33, 0x59, 0x54, 0x56, 0x53, 0x53, 
  0x8f, 0x8f, 0x8f, 0x8f, 0x8f, 0x8f, 0x94, 0x8f, 0x8f, 0x8f, 0x8f, 0x8b, 0x8f, 0x8b, 0x8f, 0x8f, 0x8f, 0x8f, 0x8b, 0x8f, 0x8b, 0x8b, 0x86, 0x8a, 0x86, 0x8a, 0x86, 0x8a, 0x86, 0x86, 0x86, 0x86, 0x86, 0x82, 0x86, 0x86, 0x86, 0x86, 0x86, 0x82, 0x82, 0x82, 0x82, 0x83, 0x7f, 0x7a, 0x7a, 0x76, 0x72, 0x72, 0x72, 0x76, 0x7f, 0x89, 0x8a, 0x89, 0x95, 0x62, 0x48, 0x40, 0xb8, 0x48, 0x54, 0x8f, 0x8b, 0x8b, 0x8b, 0x8b, 0x8b, 0x8b, 0x8a, 0x8a, 0x8a, 0x8a, 0x86, 0x86, 0x8a, 0x86, 0x86, 0x86, 0x8f, 0x92, 0x94, 0x93, 0x93, 0x93, 0x88, 0x85, 0x84, 0x85, 0x88, 0x85, 0x84, 0x85, 0x84, 0x88, 0x84, 0x8c, 0x8c, 0x8c, 0x8c, 0x88, 0x8c, 0x84, 0x7c, 0x84, 0x7c, 0x80, 0x7c, 0x80, 0x80, 0x8d, 0x4e, 0x7b, 0x78, 0x7c, 0x7c, 0x80, 0x85, 0x7c, 0x80, 0x8c, 0x8c, 0x7c, 0x7c, 0x7c, 0x78, 0x7c, 0x78, 0x7c, 0x70, 0x7c, 0xba, 0xaa, 0xad, 0xac, 0x35, 0xbb, 0xe1, 0x7c, 0xd3, 0x74, 0x78, 0x7c, 0x7c, 0x78, 0x7c, 0x78, 0x85, 0x7c, 0x78, 0x78, 0x78, 0x7c, 0x78, 0x74, 0x78, 0x74, 0x74, 0x74, 0x74, 0x74, 0x74, 0x74, 0x74, 0x74, 0x74, 0x7c, 0x74, 0x74, 0x6f, 0x6c, 0x69, 0x6c, 0x69, 0x69, 0x62, 0x64, 0x62, 0x69, 0x69, 0x69, 0x64, 0x75, 0x87, 0x89, 0x8d, 0xe7, 0xf4, 0xf4, 0xf4, 0xf3, 0xf5, 0xf4, 0xf4, 0xf1, 0xf3, 0xf3, 0xf3, 0xf3, 0xe5, 0x55, 0x4f, 0x50, 0x50, 0x64, 0x64, 0x67, 0x5c, 0x5f, 0x63, 0x5f, 0x65, 0x65, 0x5e, 0x65, 0x65, 0x65, 0x65, 0x5e, 0x5f, 0x59, 0x5f, 0x59, 0x5f, 0x59, 0x5f, 0x59, 0x5b, 0x56, 0x59, 0x59, 0x59, 0x59, 0x56, 0x59, 0x56, 0x56, 0x53, 0x54, 
  0x8f, 0x8f, 0x8f, 0x8f, 0x8f, 0x8f, 0x8f, 0x8f, 0x8f, 0x8f, 0x8f, 0x8b, 0x8f, 0x8f, 0x8f, 0x8f, 0x8f, 0x8f, 0x8f, 0x8f, 0x8f, 0x8b, 0x8a, 0x86, 0x8a, 0x86, 0x8a, 0x86, 0x8a, 0x86, 0x86, 0x86, 0x86, 0x86, 0x86, 0x86, 0x86, 0x86, 0x8a, 0x82, 0x86, 0x82, 0x86, 0x7f, 0x82, 0x7a, 0x7a, 0x76, 0x72, 0x72, 0x72, 0x76, 0x81, 0x86, 0x8a, 0x87, 0x95, 0xce, 0x48, 0xba, 0xb8, 0x4a, 0x4e, 0x95, 0x8b, 0x8b, 0x8f, 0x8b, 0x8b, 0x8a, 0x86, 0x8a, 0x86, 0x86, 0x86, 0x86, 0x86, 0x86, 0x83, 0x86, 0x8e, 0x8f, 0x93, 0x94, 0x93, 0x8e, 0x8d, 0x84, 0x85, 0x88, 0x85, 0x88, 0x85, 0x85, 0x85, 0x88, 0xd4, 0x88, 0x8c, 0x8c, 0x8c, 0x88, 0x8c, 0xd4, 0x84, 0xd4, 0x84, 0x85, 0x80, 0x80, 0x7b, 0x8d, 0xcf, 0x70, 0x7c, 0x78, 0x80, 0x80, 0x7c, 0x85, 0x78, 0x90, 0x88, 0x7c, 0x80, 0x80, 0x7c, 0x79, 0x78, 0x78, 0x6e, 0x6e, 0xb5, 0xab, 0xac, 0xac, 0x35, 0xba, 0xe1, 0xd4, 0x70, 0x70, 0x78, 0x7c, 0x7c, 0x7c, 0x78, 0x78, 0xd4, 0x7c, 0x78, 0x78, 0x78, 0x78, 0x78, 0x7c, 0x79, 0x74, 0x74, 0x6f, 0x74, 0x6f, 0x74, 0x6f, 0x74, 0x74, 0x74, 0x79, 0x74, 0x75, 0x6f, 0x6c, 0x6c, 0x69, 0x6c, 0x64, 0x69, 0x64, 0x69, 0x64, 0x69, 0x69, 0x64, 0x75, 0x92, 0x8d, 0x93, 0xe8, 0xf4, 0xf4, 0xf4, 0xf3, 0xf4, 0xf4, 0xf4, 0xf5, 0xf3, 0xf3, 0xf3, 0xf3, 0xe5, 0xd1, 0x50, 0x50, 0x5a, 0x5a, 0x66, 0x68, 0x65, 0x63, 0x5f, 0x63, 0x65, 0x65, 0x65, 0x65, 0x5e, 0x67, 0x5e, 0x65, 0x5f, 0x5f, 0x59, 0x5f, 0x59, 0x59, 0x59, 0x59, 0x33, 0x59, 0x5e, 0x56, 0x59, 0x56, 0x59, 0x56, 0x56, 0x56, 0x53, 0x54, 
  0x8f, 0x8f, 0x8f, 0x8f, 0x8f, 0x94, 0x8f, 0x94, 0x8f, 0x94, 0x8f, 0x8f, 0x8f, 0x8f, 0x8f, 0x8f, 0x8f, 0x8f, 0x8f, 0x8f, 0x8f, 0x8a, 0x8a, 0x8a, 0x86, 0x8a, 0x86, 0x8a, 0x86, 0x8a, 0x8a, 0x86, 0x86, 0x82, 0x86, 0x86, 0x86, 0x8a, 0x86, 0x82, 0x82, 0x82, 0x86, 0x82, 0x7f, 0x7a, 0x7a, 0x72, 0x72, 0x72, 0x72, 0x72, 0x82, 0x86, 0x8b, 0x87, 0x9d, 0xc4, 0x48, 0xc8, 0xc7, 0xce, 0xcb, 0x9d, 0x8a, 0x8b, 0x8b, 0x8b, 0x8b, 0x8a, 0x8a, 0x86, 0x8a, 0x86, 0x86, 0x83, 0x86, 0x83, 0x86, 0x86, 0x93, 0x93, 0x94, 0x93, 0x93, 0x93, 0x88, 0x88, 0x84, 0x88, 0x85, 0x88, 0x85, 0x84, 0x88, 0x88, 0x84, 0x8c, 0x8c, 0x8c, 0x8c, 0x88, 0x8c, 0x84, 0x7c, 0x84, 0x7c, 0x85, 0x7c, 0x80, 0x80, 0x88, 0xcc, 0x73, 0x78, 0x7c, 0x7c, 0x80, 0x85, 0x7c, 0x80, 0x8c, 0x8c, 0x7b, 0x85, 0x7c, 0x78, 0x7c, 0x78, 0x78, 0x70, 0x69, 0xaf, 0x35, 0xac, 0xac, 0xab, 0xb9, 0xcc, 0x7c, 0x6e, 0x78, 0x78, 0x78, 0x7c, 0x7c, 0x78, 0x78, 0x85, 0x7c, 0x75, 0x78, 0x78, 0x7c, 0x74, 0x8d, 0x7c, 0x74, 0x74, 0x74, 0x74, 0x74, 0x74, 0x74, 0x70, 0x6f, 0x74, 0x78, 0x74, 0x74, 0x6f, 0x6c, 0x69, 0x6c, 0x69, 0x69, 0x69, 0x64, 0x62, 0x69, 0x69, 0x69, 0x64, 0x74, 0xd5, 0xe7, 0xe8, 0xea, 0xf4, 0xf4, 0xf4, 0xf1, 0xf5, 0xf7, 0xf4, 0xf1, 0xf3, 0xf3, 0xf3, 0xf3, 0xe5, 0xd0, 0x50, 0x55, 0x5a, 0x5a, 0x66, 0x65, 0x68, 0x5f, 0x63, 0x5f, 0x65, 0x5f, 0x5d, 0x65, 0x65, 0x65, 0x65, 0x5e, 0x5f, 0x59, 0x5f, 0x59, 0x5f, 0x59, 0x5f, 0x5b, 0x59, 0x59, 0x56, 0x59, 0x56, 0x59, 0x59, 0x56, 0x59, 0x56, 0x56, 0x52, 
  0x8f, 0x8f, 0x8f, 0x94, 0x8f, 0x8f, 0x8f, 0x8f, 0x8f, 0x8f, 0x8f, 0x8f, 0x8f, 0x8f, 0x8f, 0x8f, 0x8f, 0x8f, 0x8f, 0x8f, 0x8f, 0x8b, 0x8a, 0x86, 0x8a, 0x86, 0x8a, 0x86, 0x8a, 0x8a, 0x86, 0x8a, 0x86, 0x86, 0x86, 0x86, 0x8a, 0x86, 0x8a, 0x82, 0x86, 0x82, 0x86, 0x7f, 0x82, 0x7a, 0x76, 0x71, 0x72, 0x72, 0x72, 0x76, 0x81, 0x8a, 0x8b, 0x8f, 0x8f, 0xbc, 0xb3, 0x48, 0xcc, 0xb7, 0xce, 0x95, 0x8a, 0x8b, 0x8f, 0x8b, 0x8b, 0x8a, 0x86, 0x8a, 0x86, 0x86, 0x86, 0x86, 0x83, 0x86, 0x83, 0x8f, 0x93, 0x94, 0x93, 0x94, 0x93, 0x8e, 0x8d, 0x84, 0x85, 0x85, 0x88, 0x85, 0x85, 0x85, 0x88, 0x85, 0x8c, 0x88, 0x92, 0x8c, 0x8c, 0x8c, 0x8c, 0xd4, 0x84, 0xd4, 0x84, 0x80, 0x80, 0x7c, 0x84, 0x7b, 0xca, 0x7b, 0x7c, 0x78, 0x80, 0x80, 0x7c, 0x80, 0x7b, 0x8c, 0x8c, 0x7c, 0x80, 0x80, 0x7c, 0x79, 0x78, 0x74, 0x70, 0x55, 0x38, 0xad, 0x35, 0xac, 0xaa, 0xb9, 0xcc, 0xd4, 0x6e, 0x78, 0x78, 0x7c, 0x7c, 0x7c, 0x7c, 0x78, 0x85, 0x7c, 0x79, 0x75, 0x79, 0x74, 0x78, 0x92, 0x80, 0x74, 0x74, 0x74, 0x6f, 0x74, 0x6f, 0x74, 0x6f, 0x74, 0x6f, 0x80, 0x74, 0x75, 0x6f, 0x6c, 0x6c, 0x69, 0x6c, 0x64, 0x69, 0x66, 0x64, 0x64, 0x69, 0x69, 0x69, 0x7c, 0xf2, 0xf2, 0xf2, 0xf7, 0xf7, 0xf7, 0xf4, 0xf3, 0xf4, 0xf5, 0xf1, 0xf3, 0xf3, 0xf3, 0xf3, 0xf4, 0xe5, 0x4f, 0x5a, 0x50, 0x64, 0x55, 0x6e, 0x63, 0x5f, 0x68, 0x5f, 0x63, 0x65, 0x65, 0x65, 0x67, 0x65, 0x67, 0x5e, 0x5f, 0x59, 0x5f, 0x59, 0x5f, 0x59, 0x59, 0x59, 0x59, 0x33, 0x59, 0x5e, 0x59, 0x59, 0x59, 0x56, 0x59, 0x56, 0x56, 0x56, 0x54, 
  0x8f, 0x8f, 0x8f, 0x8f, 0x8f, 0x94, 0x8f, 0x94, 0x8f, 0x94, 0x8f, 0x8f, 0x8f, 0x8f, 0x8f, 0x8f, 0x8f, 0x8f, 0x8f, 0x8f, 0x8f, 0x8a, 0x8a, 0x8a, 0x8a, 0x8a, 0x86, 0x8a, 0x8a, 0x8a, 0x8a, 0x8a, 0x8a, 0x8a, 0x8a, 0x86, 0x86, 0x86, 0x86, 0x82, 0x82, 0x82, 0x86, 0x82, 0x7f, 0x7a, 0x7a, 0x72, 0x72, 0x72, 0x72, 0x76, 0x83, 0x8a, 0x8a, 0x94, 0x75, 0xb7, 0xb3, 0xb1, 0xb0, 0xb0, 0x4e, 0x95, 0x8a, 0x8b, 0x8b, 0x8b, 0x8b, 0x8a, 0x8a, 0x86, 0x86, 0x89, 0x83, 0x86, 0x83, 0x86, 0x83, 0x8f, 0x96, 0x8d, 0x95, 0x93, 0x93, 0x93, 0x88, 0x88, 0x84, 0x88, 0x85, 0x88, 0x85, 0x84, 0x85, 0x88, 0x88, 0x8c, 0x8c, 0x8c, 0x8c, 0x88, 0x8c, 0x84, 0x7c, 0x84, 0x7c, 0x85, 0x80, 0x7c, 0x84, 0xd3, 0xc8, 0xe6, 0x80, 0x78, 0x80, 0x80, 0x85, 0x80, 0x7c, 0x90, 0x8c, 0x7c, 0x85, 0x7c, 0x78, 0x7c, 0x78, 0x78, 0x78, 0x4e, 0xaa, 0xac, 0xac, 0xac, 0xaa, 0xb8, 0xcb, 0xd4, 0x6e, 0x78, 0x78, 0x78, 0x7c, 0x7c, 0x7c, 0x78, 0x88, 0x7c, 0x74, 0x75, 0x75, 0x77, 0x78, 0x92, 0x7c, 0x6f, 0x74, 0x6f, 0x74, 0x74, 0x74, 0x6f, 0x74, 0x74, 0x74, 0x7c, 0x74, 0x74, 0x6f, 0x6c, 0x69, 0x6c, 0x69, 0x69, 0x69, 0x64, 0x62, 0x69, 0x69, 0x69, 0x6c, 0xe6, 0xf2, 0xf5, 0xf3, 0xf4, 0xf4, 0xf7, 0xf4, 0xf3, 0xf5, 0xf4, 0xf1, 0xf3, 0xf3, 0xf3, 0xf1, 0xf4, 0x62, 0x4f, 0x50, 0x5a, 0x5a, 0x58, 0x73, 0x61, 0x65, 0x63, 0x65, 0x63, 0x65, 0x65, 0x65, 0x65, 0x65, 0x65, 0x65, 0x5e, 0x5f, 0x59, 0x5f, 0x59, 0x5f, 0x59, 0x5f, 0x5b, 0x59, 0x59, 0x56, 0x59, 0x56, 0x59, 0x59, 0x56, 0x59, 0x56, 0x56, 0x54, 
  0x8f, 0x8f, 0x8f, 0x8f, 0x8f, 0x8f, 0x8f, 0x8f, 0x8f, 0x8f, 0x8f, 0x8f, 0x8f, 0x8f, 0x8f, 0x8f, 0x8f, 0x8f, 0x8f, 0x8f, 0x8f, 0x8b, 0x8f, 0x8b, 0x8f, 0x8b, 0x8b, 0x8b, 0x8b, 0x8b, 0x8b, 0x8a, 0x8a, 0x86, 0x8a, 0x89, 0x8a, 0x89, 0x87, 0x86, 0x86, 0x86, 0x86, 0x82, 0x7f, 0x7a, 0x76, 0x72, 0x71, 0x72, 0x76, 0x7d, 0x86, 0x8b, 0x86, 0x94, 0x62, 0xb4, 0xb5, 0xb6, 0xb6, 0xb1, 0x55, 0x95, 0x86, 0x8a, 0x8b, 0x8a, 0x8a, 0x8a, 0x86, 0x8a, 0x86, 0x86, 0x86, 0x83, 0x83, 0x83, 0x83, 0x8e, 0x95, 0x8e, 0x95, 0x94, 0x93, 0x8d, 0x88, 0x85, 0x85, 0x85, 0x88, 0x85, 0x85, 0x85, 0x85, 0x88, 0x85, 0x8c, 0x92, 0x8e, 0x88, 0x88, 0x8c, 0x8c, 0x84, 0xd4, 0x85, 0x80, 0x7c, 0x78, 0x85, 0x59, 0xc5, 0x70, 0x80, 0x78, 0x7c, 0x85, 0x7c, 0x85, 0x7c, 0x92, 0x90, 0x7c, 0x80, 0x80, 0x7c, 0x7c, 0x79, 0x74, 0x80, 0x4a, 0xaa, 0xac, 0x35, 0xac, 0xa9, 0xb9, 0xcb, 0x78, 0xd3, 0x78, 0x78, 0x7c, 0x78, 0x7c, 0x79, 0x78, 0x92, 0x7c, 0x75, 0x75, 0x75, 0x79, 0x78, 0x7c, 0x7c, 0x74, 0x74, 0x74, 0x74, 0x6f, 0x74, 0x6f, 0x74, 0x75, 0x74, 0x79, 0x75, 0x75, 0x6f, 0x6c, 0x69, 0x69, 0x69, 0x69, 0x69, 0x69, 0x64, 0x64, 0x69, 0x69, 0x74, 0xe7, 0xf3, 0xf5, 0xf4, 0xf3, 0xf4, 0xf7, 0xfa, 0xf1, 0xe2, 0x01, 0xf3, 0xf4, 0xf3, 0xf1, 0xf7, 0xe6, 0xd1, 0x50, 0x5a, 0x64, 0x50, 0x6e, 0x68, 0x5f, 0x63, 0x63, 0x63, 0x65, 0x65, 0x67, 0x65, 0x67, 0x65, 0x5e, 0x59, 0x5f, 0x59, 0x5b, 0x59, 0x5b, 0x59, 0x59, 0x59, 0x59, 0x5b, 0x59, 0x5e, 0x53, 0x59, 0x56, 0x56, 0x56, 0x53, 0x53, 0x53, 0x53, 
  0x8f, 0x8f, 0x8f, 0x8f, 0x8f, 0x8f, 0x8f, 0x8f, 0x8f, 0x8f, 0x8f, 0x8f, 0x8f, 0x8f, 0x8f, 0x8f, 0x8f, 0x8f, 0x8f, 0x8f, 0x8f, 0x8f, 0x8f, 0x8f, 0x8f, 0x8b, 0x8f, 0x8a, 0x8b, 0x8b, 0x8b, 0x8a, 0x8a, 0x89, 0x86, 0x86, 0x86, 0x86, 0x86, 0x86, 0x86, 0x82, 0x86, 0x82, 0x82, 0x7a, 0x76, 0x72, 0x72, 0x76, 0x72, 0x7f, 0x89, 0x8b, 0x8a, 0x95, 0x4e, 0xb2, 0xb3, 0xb6, 0xb3, 0xb2, 0x62, 0x94, 0x8a, 0x8a, 0x8a, 0x8a, 0x8a, 0x86, 0x89, 0x86, 0x86, 0x86, 0x86, 0x83, 0x83, 0x83, 0x83, 0x91, 0x93, 0x8f, 0x95, 0x91, 0x8f, 0x8e, 0x88, 0x88, 0x84, 0x88, 0x85, 0x88, 0x85, 0x85, 0x84, 0xd4, 0x8c, 0x8c, 0x92, 0x8e, 0x88, 0x84, 0x8c, 0x8c, 0x85, 0x85, 0x7c, 0x7c, 0x7c, 0x78, 0x8e, 0x4e, 0xc5, 0xd3, 0x84, 0x74, 0x7c, 0x80, 0x85, 0x80, 0x7c, 0x92, 0x90, 0x78, 0x80, 0x7c, 0x80, 0x7c, 0x79, 0x74, 0x80, 0xcb, 0xa9, 0xac, 0xac, 0xac, 0xaa, 0xb7, 0xcb, 0xd4, 0x6e, 0x78, 0x7c, 0x78, 0x7c, 0x78, 0x7c, 0x7c, 0x96, 0x7c, 0x75, 0x75, 0x75, 0x74, 0x80, 0xd2, 0x85, 0x70, 0x74, 0x74, 0x6f, 0x74, 0x6f, 0x74, 0x74, 0x75, 0x6f, 0x7c, 0x75, 0x75, 0x6f, 0x6b, 0x69, 0x69, 0x66, 0x69, 0x69, 0x62, 0x64, 0x62, 0x69, 0x69, 0x7c, 0xf2, 0xf4, 0xf4, 0xf3, 0xf4, 0xf4, 0xf1, 0xf9, 0xe0, 0x23, 0xdc, 0xf5, 0x01, 0xf4, 0xf7, 0xd3, 0xd0, 0x55, 0x55, 0x64, 0x5a, 0x5a, 0x6e, 0x65, 0x61, 0x65, 0x61, 0x65, 0x63, 0x65, 0x65, 0x65, 0x65, 0x65, 0x5f, 0x5f, 0x59, 0x5f, 0x59, 0x59, 0x59, 0x59, 0x5b, 0x59, 0x5b, 0x59, 0x59, 0x59, 0x54, 0x54, 0x56, 0x54, 0x56, 0x53, 0x53, 0x53, 0x53, 
  0x8f, 0x8f, 0x8f, 0x8f, 0x8f, 0x8f, 0x8f, 0x8f, 0x8f, 0x8f, 0x8f, 0x8f, 0x8f, 0x8f, 0x8f, 0x8f, 0x8f, 0x8f, 0x8f, 0x8f, 0x8f, 0x8f, 0x8f, 0x8f, 0x8f, 0x8b, 0x8b, 0x8b, 0x8a, 0x86, 0x8a, 0x86, 0x86, 0x86, 0x86, 0x82, 0x86, 0x86, 0x89, 0x86, 0x86, 0x86, 0x82, 0x86, 0x83, 0x7d, 0x76, 0x71, 0x76, 0x76, 0x7a, 0x7d, 0x86, 0x8b, 0x86, 0x9d, 0xca, 0xaf, 0xb5, 0xb3, 0xb3, 0xb3, 0x6e, 0x94, 0x86, 0x8a, 0x8a, 0x8a, 0x86, 0x86, 0x8a, 0x86, 0x86, 0x86, 0x86, 0x83, 0x83, 0x83, 0x86, 0x93, 0x93, 0x91, 0x95, 0x95, 0x93, 0x8e, 0x85, 0x88, 0x85, 0x88, 0x85, 0x88, 0x85, 0x85, 0x84, 0x88, 0x8c, 0x8c, 0x97, 0x8c, 0x88, 0x84, 0x92, 0x8c, 0x84, 0xd4, 0x85, 0x80, 0x7c, 0x74, 0x96, 0xcc, 0xbe, 0x6d, 0x80, 0x7c, 0x78, 0x85, 0x7c, 0x85, 0x80, 0x92, 0x7e, 0x7c, 0x78, 0x80, 0x78, 0x80, 0x78, 0x6f, 0x85, 0x48, 0xa9, 0x38, 0x35, 0xac, 0xa9, 0xb9, 0xdf, 0x7c, 0xd3, 0x78, 0x78, 0x7c, 0x78, 0x78, 0x79, 0x7c, 0x96, 0x78, 0x75, 0x75, 0x78, 0x71, 0x85, 0x4e, 0x7c, 0x74, 0x74, 0x74, 0x74, 0x6f, 0x74, 0x6f, 0x74, 0x75, 0x74, 0x7c, 0x79, 0x74, 0x6f, 0x6c, 0x69, 0x66, 0x69, 0x69, 0x69, 0x64, 0x69, 0x69, 0x69, 0x6c, 0x7c, 0xf2, 0xf4, 0xf4, 0xf3, 0xf4, 0xf4, 0xf3, 0x01, 0xed, 0x19, 0x1b, 0xfb, 0xf7, 0xe7, 0xe5, 0x55, 0x50, 0x50, 0x64, 0x69, 0x55, 0x60, 0x6e, 0x5f, 0x65, 0x63, 0x65, 0x63, 0x65, 0x65, 0x65, 0x67, 0x65, 0x65, 0x5e, 0x59, 0x5f, 0x59, 0x5b, 0x59, 0x5b, 0x59, 0x59, 0x59, 0x59, 0x5b, 0x59, 0x59, 0x59, 0x56, 0x59, 0x56, 0x53, 0x53, 0x53, 0x53, 0x53, 
  0x8f, 0x8f, 0x8f, 0x8f, 0x8f, 0x8f, 0x8f, 0x8f, 0x8f, 0x8f, 0x8f, 0x8f, 0x8f, 0x8f, 0x8f, 0x8f, 0x8f, 0x8f, 0x8f, 0x8f, 0x8f, 0x8f, 0x8f, 0x8f, 0x8f, 0x8b, 0x8f, 0x8a, 0x86, 0x86, 0x82, 0x82, 0x7f, 0x7f, 0x82, 0x83, 0x82, 0x86, 0x86, 0x86, 0x86, 0x82, 0x86, 0x82, 0x86, 0x81, 0x7a, 0x76, 0x76, 0x76, 0x7a, 0x83, 0x89, 0x8b, 0x8b, 0x94, 0xc6, 0xaf, 0xb3, 0xb3, 0xb3, 0xb6, 0x7c, 0x8f, 0x86, 0x8a, 0x86, 0x8a, 0x86, 0x89, 0x86, 0x89, 0x86, 0x86, 0x86, 0x83, 0x83, 0x83, 0x86, 0x93, 0x93, 0x8f, 0x95, 0x91, 0x94, 0x8c, 0x8d, 0x85, 0x84, 0x85, 0x88, 0x85, 0x87, 0x85, 0x84, 0x88, 0x8c, 0x92, 0x9a, 0x88, 0x84, 0x8c, 0x92, 0x8c, 0x84, 0x85, 0x7c, 0x7c, 0x7c, 0x78, 0x88, 0x6d, 0x53, 0x7b, 0xd4, 0x78, 0x7c, 0x7c, 0x85, 0x80, 0x85, 0xd4, 0x7e, 0x7c, 0x80, 0x7c, 0x7c, 0x7c, 0x77, 0x6e, 0x85, 0xc6, 0xa8, 0xac, 0x35, 0xac, 0xaa, 0xb7, 0xcb, 0xd4, 0x6e, 0x78, 0x78, 0x7c, 0x78, 0x7c, 0x79, 0x7c, 0x96, 0x75, 0x75, 0x75, 0x75, 0x74, 0x7c, 0xcf, 0x7c, 0x74, 0x74, 0x74, 0x6f, 0x74, 0x6f, 0x74, 0x6f, 0x79, 0x6f, 0x80, 0x79, 0x74, 0x6f, 0x6b, 0x69, 0x69, 0x66, 0x69, 0x69, 0x69, 0x69, 0x69, 0x69, 0x6c, 0x7c, 0xf2, 0xf4, 0xf4, 0xf3, 0xf5, 0xf3, 0xf3, 0xf3, 0x27, 0x14, 0x27, 0xf3, 0xf4, 0xf4, 0xe7, 0xd2, 0x62, 0x64, 0x6e, 0x55, 0x55, 0x6c, 0x67, 0x63, 0x65, 0x65, 0x5f, 0x63, 0x65, 0x65, 0x65, 0x65, 0x65, 0x67, 0x5f, 0x5e, 0x5f, 0x59, 0x59, 0x59, 0x59, 0x59, 0x5b, 0x59, 0x5b, 0x59, 0x59, 0x59, 0x59, 0x54, 0x56, 0x54, 0x56, 0x53, 0x53, 0x53, 0x53, 
  0x8f, 0x8f, 0x8f, 0x8f, 0x8f, 0x8f, 0x8f, 0x8f, 0x8f, 0x8f, 0x8f, 0x8f, 0x8f, 0x8f, 0x8f, 0x8f, 0x8f, 0x8f, 0x8f, 0x8f, 0x8f, 0x8f, 0x8f, 0x8f, 0x8f, 0x8b, 0x8b, 0x8a, 0x8a, 0x7f, 0x82, 0x81, 0x7f, 0x7f, 0x7f, 0x7f, 0x7f, 0x83, 0x89, 0x86, 0x86, 0x86, 0x82, 0x86, 0x83, 0x81, 0x7d, 0x7a, 0x7d, 0x7a, 0x7d, 0x82, 0x8a, 0x8f, 0x89, 0x8f, 0xbe, 0xb1, 0xb5, 0xb3, 0xb1, 0xb9, 0x8d, 0x8b, 0x8a, 0x86, 0x8a, 0x8a, 0x86, 0x86, 0x89, 0x86, 0x89, 0x86, 0x86, 0x83, 0x83, 0x83, 0x87, 0x93, 0x93, 0x91, 0x95, 0x94, 0x91, 0x8d, 0x85, 0x88, 0x85, 0x88, 0x85, 0x88, 0x85, 0x85, 0x84, 0x88, 0x8c, 0x96, 0x92, 0x8c, 0x88, 0x88, 0x92, 0x8c, 0x85, 0xd4, 0x85, 0x80, 0x7c, 0x78, 0x84, 0x96, 0x9b, 0x9b, 0x78, 0x7c, 0x7c, 0x85, 0x7c, 0x85, 0x85, 0x7b, 0x6d, 0x85, 0x80, 0x80, 0x80, 0x7c, 0x78, 0x6c, 0x85, 0xc0, 0xa9, 0xac, 0x35, 0xac, 0xa9, 0xb8, 0xdf, 0x78, 0xd3, 0x78, 0x7c, 0x78, 0x7c, 0x79, 0x7c, 0x7c, 0x96, 0x78, 0x74, 0x75, 0x75, 0x74, 0x7c, 0xcc, 0x85, 0x70, 0x74, 0x74, 0x6f, 0x74, 0x6f, 0x74, 0x74, 0x75, 0x74, 0x80, 0x7c, 0x6f, 0x6f, 0x6c, 0x69, 0x66, 0x69, 0x69, 0x69, 0x69, 0x69, 0x69, 0x69, 0x6c, 0xd4, 0xf4, 0xf4, 0xf3, 0xf4, 0xf3, 0xf4, 0xf4, 0xf5, 0xf0, 0x25, 0x1e, 0xf1, 0xf3, 0xf3, 0xf4, 0xf4, 0xe5, 0x62, 0x55, 0x5a, 0x5a, 0x70, 0x5f, 0x65, 0x65, 0x65, 0x65, 0x63, 0x63, 0x65, 0x65, 0x67, 0x65, 0x65, 0x5d, 0x5f, 0x5f, 0x59, 0x5b, 0x59, 0x5b, 0x59, 0x59, 0x59, 0x59, 0x5b, 0x59, 0x59, 0x59, 0x56, 0x59, 0x56, 0x53, 0x53, 0x53, 0x53, 0x53, 
  0x8f, 0x8f, 0x8f, 0x8f, 0x8f, 0x8f, 0x8f, 0x8f, 0x8f, 0x8f, 0x8e, 0x94, 0x8d, 0x8f, 0x93, 0x8f, 0x8f, 0x8f, 0x8b, 0x8f, 0x8b, 0x8f, 0x8f, 0x8f, 0x8f, 0x8b, 0x8b, 0x89, 0x86, 0x7f, 0x7f, 0x7f, 0x7a, 0x7a, 0x7a, 0x7a, 0x7a, 0x83, 0x83, 0x86, 0x83, 0x83, 0x82, 0x82, 0x83, 0x83, 0x81, 0x7d, 0x76, 0x7d, 0x7f, 0x86, 0x89, 0x8f, 0x89, 0x80, 0xb8, 0xb2, 0xb3, 0xb3, 0xb1, 0xbc, 0x93, 0x89, 0x8b, 0x8b, 0x8b, 0x8a, 0x86, 0x89, 0x86, 0x86, 0x86, 0x83, 0x86, 0x83, 0x83, 0x82, 0x8d, 0x95, 0x8e, 0x94, 0x98, 0x93, 0x93, 0x8d, 0x88, 0x88, 0x85, 0x88, 0x85, 0x88, 0x85, 0x85, 0x85, 0x88, 0x90, 0x8c, 0xd4, 0x8c, 0x84, 0x84, 0x90, 0x88, 0x88, 0x85, 0x85, 0x80, 0x7c, 0x78, 0x84, 0x90, 0x92, 0x9f, 0xd4, 0x7c, 0xd4, 0x7c, 0x7c, 0x7c, 0x85, 0x73, 0x00, 0x85, 0x7c, 0x7c, 0x78, 0x7c, 0x74, 0x6f, 0x85, 0xbe, 0xa9, 0xac, 0xac, 0x35, 0xaa, 0xb6, 0xcb, 0xd4, 0x6e, 0x74, 0x78, 0x7c, 0x78, 0x7c, 0x78, 0x80, 0x92, 0x75, 0x74, 0x75, 0x75, 0x6f, 0x78, 0xdf, 0x8c, 0x69, 0x70, 0x70, 0x74, 0x74, 0x74, 0x74, 0x74, 0x80, 0x6c, 0x78, 0x80, 0x6f, 0x6f, 0x6f, 0x6b, 0x69, 0x69, 0x69, 0x69, 0x69, 0x69, 0x69, 0x69, 0x6f, 0xd4, 0xf2, 0xf4, 0xf4, 0xf3, 0xf3, 0xf3, 0xf4, 0xf7, 0x01, 0xe3, 0xf9, 0xf1, 0xf3, 0xf3, 0xf3, 0xf3, 0xf2, 0xd2, 0x50, 0x55, 0x6a, 0x67, 0x5f, 0x65, 0x63, 0x5f, 0x63, 0x65, 0x65, 0x65, 0x65, 0x5e, 0x65, 0x5e, 0x5b, 0x59, 0x59, 0x5b, 0x59, 0x59, 0x59, 0x5b, 0x59, 0x59, 0x59, 0x56, 0x59, 0x59, 0x53, 0x56, 0x53, 0x56, 0x53, 0x53, 0x53, 0x53, 0x53, 
  0x8f, 0x94, 0x8f, 0x94, 0x8f, 0x94, 0x8f, 0x8f, 0x8f, 0x8f, 0x8f, 0x8f, 0x8f, 0x8f, 0x8f, 0x8f, 0x8f, 0x8f, 0x8f, 0x8b, 0x8f, 0x8b, 0x8b, 0x8b, 0x8f, 0x8a, 0x8b, 0x8b, 0x82, 0x7f, 0x7f, 0x7a, 0x7a, 0x7a, 0x71, 0x7a, 0x7a, 0x83, 0x83, 0x86, 0x83, 0x86, 0x82, 0x86, 0x83, 0x83, 0x81, 0x7d, 0x7d, 0x7d, 0x7f, 0x82, 0x89, 0x89, 0x8f, 0x6e, 0xb5, 0xb3, 0xb3, 0xb6, 0xaf, 0xbf, 0x94, 0x87, 0x8b, 0x8b, 0x8a, 0x89, 0x86, 0x86, 0x86, 0x86, 0x83, 0x89, 0x83, 0x83, 0x81, 0x82, 0x8d, 0x98, 0x8d, 0x93, 0x96, 0x98, 0x8d, 0x8d, 0x88, 0x88, 0x85, 0x88, 0x85, 0x88, 0x85, 0x85, 0x88, 0x84, 0x96, 0x70, 0x65, 0x8c, 0x7c, 0x84, 0x8c, 0x8e, 0xd4, 0x85, 0x85, 0x80, 0x78, 0x78, 0x7c, 0x54, 0x6d, 0x9b, 0xd4, 0x78, 0x7c, 0x7c, 0x7c, 0x7c, 0x88, 0x6d, 0xd3, 0x84, 0x80, 0x7c, 0x7c, 0x78, 0x79, 0x6e, 0x80, 0xba, 0xa9, 0xac, 0x35, 0xac, 0xa9, 0xb9, 0xdf, 0x7c, 0xd3, 0x78, 0x78, 0x78, 0x7c, 0x7c, 0x79, 0x7e, 0x7c, 0x7c, 0x6f, 0x75, 0x74, 0x79, 0xd3, 0xc8, 0xd4, 0x6e, 0x74, 0x70, 0x74, 0x74, 0x74, 0x6f, 0x74, 0x79, 0x70, 0x79, 0x7c, 0x6f, 0x6f, 0x6f, 0x69, 0x69, 0x6c, 0x69, 0x6c, 0x69, 0x69, 0x69, 0x69, 0x6a, 0x85, 0xe7, 0xf4, 0xf4, 0xf4, 0xf3, 0xf3, 0xf4, 0xf9, 0x01, 0xf4, 0x01, 0xf3, 0xf3, 0xf4, 0xf3, 0xf3, 0xf1, 0xe5, 0x55, 0x5a, 0x6f, 0x5f, 0x65, 0x63, 0x5f, 0x63, 0x65, 0x5f, 0x65, 0x5f, 0x65, 0x65, 0x65, 0x65, 0x5b, 0x59, 0x5b, 0x59, 0x59, 0x5b, 0x59, 0x5b, 0x59, 0x56, 0x59, 0x59, 0x56, 0x59, 0x56, 0x53, 0x56, 0x53, 0x53, 0x53, 0x53, 0x53, 0x53, 
  0x8f, 0x8f, 0x8f, 0x8f, 0x8f, 0x8f, 0x8f, 0x8f, 0x8f, 0x8f, 0x8f, 0x8f, 0x8f, 0x8f, 0x8f, 0x8f, 0x8f, 0x8f, 0x8b, 0x8b, 0x8b, 0x8f, 0x8b, 0x8f, 0x8b, 0x8a, 0x8a, 0x89, 0x86, 0x7f, 0x7a, 0x7f, 0x71, 0x76, 0x76, 0x7a, 0x76, 0x7d, 0x81, 0x82, 0x82, 0x82, 0x83, 0x82, 0x83, 0x83, 0x7f, 0x7d, 0x7f, 0x81, 0x83, 0x83, 0x89, 0x87, 0x8f, 0x64, 0xb0, 0xb6, 0xb3, 0xb3, 0xae, 0xc4, 0x95, 0x86, 0x8b, 0x8b, 0x89, 0x8a, 0x86, 0x89, 0x86, 0x86, 0x83, 0x83, 0x82, 0x81, 0x83, 0x82, 0x8d, 0x95, 0x8e, 0x93, 0x98, 0x93, 0x93, 0x8d, 0x88, 0x88, 0x88, 0x85, 0x88, 0x85, 0x85, 0x85, 0x85, 0xd4, 0x9d, 0x59, 0xd0, 0x8e, 0x7c, 0x84, 0x8c, 0x90, 0x85, 0x85, 0x85, 0x7c, 0x78, 0x74, 0x8c, 0xb8, 0xb8, 0xce, 0x8c, 0x78, 0x7c, 0x7c, 0x85, 0x7c, 0x8d, 0x5e, 0x5e, 0x8c, 0x78, 0x78, 0x7c, 0x78, 0x74, 0x6e, 0x78, 0xb8, 0xa9, 0xac, 0x35, 0xac, 0xaa, 0xb8, 0xdf, 0xd4, 0x6e, 0x74, 0x78, 0x7c, 0x78, 0x7c, 0x7c, 0x78, 0xd3, 0x7c, 0x6f, 0x75, 0x74, 0x7c, 0x5c, 0xde, 0x88, 0x6e, 0x70, 0x70, 0x74, 0x74, 0x74, 0x74, 0x74, 0x80, 0x6f, 0x78, 0x80, 0x6f, 0x6f, 0x6f, 0x6b, 0x69, 0x66, 0x6c, 0x69, 0x69, 0x69, 0x69, 0x69, 0x6c, 0x85, 0xe7, 0xf4, 0xf5, 0xf3, 0xf3, 0xf4, 0xf9, 0xf4, 0xf3, 0xf3, 0xf4, 0xf4, 0xf4, 0xf3, 0xf3, 0xf3, 0xf3, 0xf2, 0x59, 0x70, 0x68, 0x65, 0x65, 0x65, 0x63, 0x5f, 0x63, 0x65, 0x65, 0x65, 0x65, 0x5d, 0x5f, 0x5e, 0x59, 0x5b, 0x59, 0x5b, 0x59, 0x59, 0x5b, 0x59, 0x5b, 0x5e, 0x56, 0x59, 0x59, 0x59, 0x53, 0x56, 0x53, 0x56, 0x53, 0x53, 0x53, 0x53, 0x53, 
  0x8f, 0x8f, 0x8f, 0x8f, 0x8f, 0x94, 0x8f, 0x8f, 0x8f, 0x8f, 0x8f, 0x8f, 0x8f, 0x8f, 0x8b, 0x8b, 0x8f, 0x8f, 0x8b, 0x8b, 0x8b, 0x8b, 0x8b, 0x8b, 0x8b, 0x8a, 0x8a, 0x89, 0x86, 0x7f, 0x82, 0x7a, 0x7a, 0x71, 0x7a, 0x7a, 0x7a, 0x7a, 0x7d, 0x82, 0x81, 0x82, 0x83, 0x83, 0x83, 0x83, 0x82, 0x7f, 0x82, 0x7f, 0x83, 0x83, 0x87, 0x86, 0x94, 0x4f, 0xb0, 0xb3, 0xb3, 0xb3, 0xae, 0xc8, 0x95, 0x82, 0x8b, 0x8b, 0x89, 0x89, 0x86, 0x86, 0x86, 0x86, 0x83, 0x82, 0x81, 0x83, 0x7a, 0x82, 0x8f, 0x91, 0x8d, 0x93, 0x98, 0x93, 0x8d, 0x8d, 0x88, 0x88, 0x85, 0x88, 0x85, 0x88, 0x85, 0xd4, 0x88, 0x84, 0x9f, 0x4a, 0xd0, 0x88, 0x78, 0x7c, 0x85, 0x90, 0x85, 0xd4, 0x85, 0x79, 0x78, 0x74, 0x85, 0xba, 0xb9, 0xcb, 0xd4, 0x78, 0x7c, 0x7c, 0x7c, 0x7c, 0x8c, 0x62, 0x5e, 0x85, 0x78, 0x78, 0x7c, 0x78, 0x74, 0x6e, 0x78, 0xb5, 0xaa, 0xac, 0xac, 0x35, 0xaa, 0xb9, 0xdf, 0xd4, 0xd3, 0x78, 0x78, 0x78, 0x7c, 0x79, 0x7c, 0x7b, 0x70, 0x7c, 0x6f, 0x74, 0x74, 0x85, 0x4e, 0xc5, 0x88, 0x70, 0x70, 0x74, 0x6f, 0x74, 0x6f, 0x74, 0x6f, 0x80, 0x6f, 0x80, 0x7c, 0x6f, 0x6f, 0x6f, 0x69, 0x69, 0x69, 0x69, 0x6c, 0x69, 0x69, 0x69, 0x69, 0x6c, 0x7c, 0x92, 0xf4, 0xf4, 0xf4, 0xf7, 0xf5, 0xf7, 0xf4, 0xf1, 0xf3, 0xf7, 0xf1, 0xf4, 0xf3, 0xf3, 0xf3, 0xf3, 0xf2, 0xe6, 0x6e, 0x67, 0x63, 0x65, 0x63, 0x5f, 0x63, 0x5f, 0x65, 0x5f, 0x65, 0x5f, 0x65, 0x5d, 0x5f, 0x5b, 0x59, 0x5b, 0x59, 0x59, 0x5b, 0x59, 0x5b, 0x59, 0x56, 0x59, 0x59, 0x56, 0x59, 0x56, 0x53, 0x56, 0x53, 0x53, 0x53, 0x53, 0x53, 0x53, 
  0x8f, 0x8f, 0x8f, 0x8f, 0x94, 0x8f, 0x8f, 0x8f, 0x8f, 0x8f, 0x8b, 0x8f, 0x8b, 0x8f, 0x8b, 0x8f, 0x8f, 0x8b, 0x8b, 0x8b, 0x8b, 0x8b, 0x8b, 0x8b, 0x8b, 0x8a, 0x8a, 0x89, 0x86, 0x82, 0x82, 0x77, 0x7d, 0x7a, 0x7a, 0x7a, 0x7a, 0x7d, 0x7a, 0x81, 0x82, 0x82, 0x83, 0x83, 0x83, 0x86, 0x82, 0x82, 0x83, 0x83, 0x83, 0x86, 0x86, 0x82, 0x94, 0xce, 0xaf, 0xb3, 0xb3, 0xb3, 0xae, 0x4a, 0x95, 0x89, 0x8a, 0x89, 0x89, 0x86, 0x89, 0x86, 0x86, 0x83, 0x86, 0x83, 0x82, 0x81, 0x81, 0x82, 0x93, 0x91, 0x8d, 0x96, 0x95, 0x96, 0x8e, 0x8d, 0x88, 0x88, 0x88, 0x85, 0x88, 0x85, 0x88, 0x85, 0x8c, 0xd4, 0x9f, 0xc7, 0x52, 0x85, 0x7c, 0x80, 0x84, 0x96, 0x85, 0x85, 0x7c, 0x7c, 0x74, 0x70, 0x7c, 0xb8, 0xb8, 0xdf, 0xd4, 0x70, 0x74, 0x78, 0x78, 0x78, 0x85, 0x92, 0xd5, 0x7c, 0x7c, 0x7c, 0x7c, 0x78, 0x74, 0x6e, 0x74, 0xb5, 0xa9, 0x35, 0x35, 0x35, 0xaa, 0xb8, 0xdf, 0xd4, 0x69, 0x78, 0x78, 0x78, 0x78, 0x7c, 0x7c, 0x70, 0xd3, 0x7c, 0x6f, 0x75, 0x6f, 0x85, 0xce, 0xc1, 0x92, 0x6e, 0x74, 0x70, 0x74, 0x6f, 0x74, 0x6f, 0x75, 0x85, 0x74, 0x7c, 0x80, 0x6f, 0x6f, 0x6f, 0x6b, 0x69, 0x69, 0x69, 0x69, 0x69, 0x69, 0x69, 0x69, 0x6c, 0x7a, 0x85, 0xd4, 0xe8, 0xe8, 0xe4, 0xf2, 0xf4, 0xf2, 0xf3, 0xf3, 0xf7, 0xf4, 0xf1, 0xf3, 0xf3, 0xf3, 0xf3, 0xf4, 0xe6, 0x65, 0x67, 0x65, 0x63, 0x65, 0x63, 0x65, 0x63, 0x65, 0x65, 0x65, 0x65, 0x5d, 0x5f, 0x5d, 0x59, 0x5b, 0x59, 0x59, 0x5b, 0x59, 0x5b, 0x59, 0x5b, 0x5e, 0x56, 0x59, 0x59, 0x54, 0x56, 0x56, 0x53, 0x56, 0x53, 0x53, 0x53, 0x53, 0x54, 
  0x8f, 0x8f, 0x8f, 0x8f, 0x8f, 0x94, 0x8f, 0x8f, 0x8b, 0x8f, 0x8a, 0x8b, 0x8a, 0x8a, 0x8b, 0x8b, 0x8b, 0x8f, 0x8b, 0x8a, 0x8b, 0x8b, 0x8b, 0x8b, 0x8b, 0x8b, 0x8a, 0x89, 0x86, 0x82, 0x82, 0x82, 0x7d, 0x7f, 0x7a, 0x7d, 0x81, 0x7a, 0x81, 0x7d, 0x82, 0x81, 0x83, 0x82, 0x86, 0x83, 0x83, 0x83, 0x83, 0x82, 0x83, 0x82, 0x83, 0x82, 0x94, 0x4a, 0xaf, 0xb3, 0xb3, 0xb3, 0xae, 0x4e, 0x94, 0x87, 0x89, 0x86, 0x86, 0x86, 0x86, 0x86, 0x83, 0x83, 0x83, 0x83, 0x83, 0x81, 0x81, 0x82, 0x98, 0x91, 0x88, 0x98, 0x96, 0x93, 0x8e, 0x88, 0x88, 0x88, 0x85, 0x88, 0x85, 0x88, 0x85, 0x8c, 0x88, 0x85, 0x98, 0xbe, 0xd0, 0x8c, 0x74, 0x7e, 0x84, 0x96, 0x85, 0xd4, 0x85, 0x7c, 0x78, 0x70, 0x74, 0xb7, 0xb8, 0xdf, 0xd3, 0x70, 0x70, 0x70, 0x70, 0x70, 0x7c, 0x6d, 0xd4, 0x7c, 0x78, 0x78, 0x78, 0x78, 0x74, 0x66, 0x74, 0x3b, 0xa9, 0xac, 0x35, 0x35, 0xa9, 0xba, 0xdf, 0x78, 0xd3, 0x70, 0x78, 0x78, 0x78, 0x78, 0x80, 0x6d, 0xd3, 0x7c, 0x74, 0x74, 0x74, 0x88, 0xc8, 0xbf, 0xd4, 0x70, 0x70, 0x6f, 0x70, 0x74, 0x70, 0x6f, 0x75, 0x85, 0x74, 0x79, 0x7c, 0x74, 0x6f, 0x6b, 0x69, 0x69, 0x69, 0x69, 0x66, 0x69, 0x69, 0x6c, 0x69, 0x6c, 0x75, 0x82, 0x7c, 0x92, 0xcc, 0xde, 0xf7, 0xf4, 0xf3, 0xf5, 0xf3, 0xf4, 0xf4, 0xf3, 0xf3, 0xf3, 0xf3, 0xf3, 0xf2, 0xe6, 0x63, 0x67, 0x65, 0x67, 0x63, 0x65, 0x63, 0x65, 0x63, 0x5f, 0x65, 0x65, 0x5d, 0x65, 0x5f, 0x5f, 0x59, 0x5f, 0x59, 0x59, 0x59, 0x59, 0x5f, 0x59, 0x59, 0x59, 0x59, 0x56, 0x54, 0x56, 0x53, 0x56, 0x53, 0x53, 0x53, 0x53, 0x56, 0x54, 
  0x8f, 0x8f, 0x8f, 0x8f, 0x8f, 0x8f, 0x8f, 0x8b, 0x8a, 0x8b, 0x8a, 0x86, 0x86, 0x86, 0x86, 0x8a, 0x89, 0x8a, 0x8a, 0x8b, 0x8b, 0x8b, 0x8b, 0x8b, 0x8b, 0x8b, 0x8b, 0x89, 0x89, 0x82, 0x82, 0x82, 0x7f, 0x7d, 0x7d, 0x81, 0x81, 0x81, 0x81, 0x82, 0x81, 0x82, 0x82, 0x86, 0x83, 0x86, 0x82, 0x83, 0x86, 0x83, 0x86, 0x83, 0x86, 0x7f, 0x94, 0xca, 0xaf, 0xb3, 0xb3, 0xb3, 0xaf, 0xd0, 0x94, 0x89, 0x8a, 0x89, 0x86, 0x8a, 0x86, 0x86, 0x86, 0x83, 0x83, 0x83, 0x81, 0x81, 0x81, 0x87, 0x96, 0x8d, 0x8e, 0x98, 0x93, 0x95, 0x8e, 0x88, 0x8d, 0x85, 0x88, 0x85, 0x88, 0x85, 0x88, 0x88, 0x88, 0x8c, 0x85, 0xb7, 0x4e, 0x88, 0x78, 0x80, 0x84, 0x97, 0x85, 0xd4, 0x85, 0x7c, 0x78, 0x74, 0xd3, 0xb4, 0xb7, 0xde, 0x5e, 0x70, 0x6e, 0x6f, 0x70, 0x6e, 0x85, 0xcc, 0xce, 0xd4, 0x74, 0x78, 0x74, 0x70, 0x74, 0x66, 0x70, 0xb5, 0xa9, 0x35, 0x35, 0x35, 0xaa, 0xb9, 0xca, 0xd4, 0x62, 0x78, 0x74, 0x78, 0x78, 0x78, 0x78, 0x92, 0x9b, 0x74, 0x74, 0x74, 0x6f, 0x78, 0x7c, 0x67, 0xd4, 0x6f, 0x70, 0x70, 0x6f, 0x70, 0x74, 0x6f, 0x78, 0x88, 0x74, 0x7c, 0x80, 0x6f, 0x6f, 0x6f, 0x6b, 0x69, 0x66, 0x69, 0x66, 0x69, 0x69, 0x6c, 0x6c, 0x6c, 0x74, 0x6f, 0x87, 0xd0, 0xbe, 0xe2, 0xf7, 0xf1, 0xf3, 0xf3, 0xf3, 0xf4, 0xf2, 0xf3, 0xf3, 0xf3, 0xf3, 0xf3, 0xf2, 0x00, 0x65, 0x65, 0x65, 0x65, 0x65, 0x63, 0x65, 0x63, 0x5f, 0x65, 0x65, 0x65, 0x5d, 0x65, 0x5e, 0x5f, 0x5f, 0x59, 0x5b, 0x59, 0x5b, 0x59, 0x5b, 0x59, 0x5d, 0x56, 0x59, 0x56, 0x54, 0x56, 0x53, 0x56, 0x53, 0x53, 0x53, 0x53, 0x54, 0x54, 
  0x8f, 0x8f, 0x8b, 0x8b, 0x8b, 0x8b, 0x8b, 0x8b, 0x8a, 0x86, 0x83, 0x7f, 0x83, 0x7f, 0x83, 0x83, 0x82, 0x89, 0x86, 0x8a, 0x86, 0x8a, 0x89, 0x8a, 0x8a, 0x8b, 0x8a, 0x89, 0x86, 0x86, 0x82, 0x82, 0x7f, 0x82, 0x7a, 0x82, 0x7d, 0x82, 0x81, 0x7f, 0x82, 0x81, 0x82, 0x83, 0x82, 0x83, 0x86, 0x82, 0x83, 0x82, 0x86, 0x83, 0x86, 0x83, 0x94, 0xc6, 0xaf, 0xb3, 0xb3, 0xb2, 0xb1, 0x66, 0x8f, 0x86, 0x89, 0x86, 0x86, 0x86, 0x86, 0x86, 0x83, 0x7f, 0x7f, 0x81, 0x83, 0x81, 0x7a, 0x87, 0x96, 0x8e, 0x95, 0x96, 0x98, 0x93, 0x8e, 0x88, 0x88, 0x88, 0x85, 0x88, 0x85, 0x88, 0x85, 0x8c, 0x85, 0x92, 0x70, 0xaf, 0x4e, 0x8d, 0x73, 0x7b, 0x84, 0x90, 0x85, 0xd4, 0x85, 0x7c, 0x78, 0x70, 0x66, 0xb4, 0xb7, 0xde, 0xcf, 0x78, 0x69, 0x6e, 0x70, 0x6e, 0x85, 0xcc, 0xcc, 0xd4, 0x6e, 0x6f, 0x70, 0x6f, 0x6e, 0x66, 0x6e, 0xb4, 0xaa, 0x35, 0x35, 0x35, 0xaa, 0xba, 0xdf, 0x7b, 0x62, 0x70, 0x78, 0x78, 0x78, 0x78, 0x74, 0x9b, 0x9b, 0x74, 0x74, 0x74, 0x74, 0x7c, 0xd4, 0x96, 0x92, 0x6e, 0x70, 0x6f, 0x70, 0x74, 0x6f, 0x74, 0x78, 0x88, 0x75, 0x79, 0x80, 0x74, 0x6f, 0x6b, 0x69, 0x69, 0x69, 0x66, 0x64, 0x69, 0x69, 0x6c, 0x69, 0x6f, 0x6c, 0x75, 0x75, 0xc6, 0xca, 0xf2, 0xf4, 0xf3, 0xf3, 0xf3, 0xf3, 0xe3, 0xe2, 0xf4, 0xf1, 0xf3, 0xf3, 0xf4, 0xe7, 0x67, 0x68, 0x67, 0x65, 0x67, 0x63, 0x65, 0x63, 0x65, 0x63, 0x65, 0x65, 0x65, 0x5d, 0x65, 0x5f, 0x5f, 0x59, 0x5f, 0x59, 0x59, 0x59, 0x59, 0x5f, 0x59, 0x59, 0x59, 0x59, 0x59, 0x54, 0x56, 0x53, 0x56, 0x53, 0x53, 0x53, 0x53, 0x53, 0x54, 
  0x8f, 0x8a, 0x8a, 0x8a, 0x8b, 0x8b, 0x8b, 0x86, 0x86, 0x83, 0x81, 0x7d, 0x7d, 0x7d, 0x7d, 0x7d, 0x82, 0x82, 0x86, 0x82, 0x86, 0x89, 0x8a, 0x8a, 0x8a, 0x8b, 0x8b, 0x89, 0x86, 0x82, 0x86, 0x82, 0x86, 0x7f, 0x82, 0x81, 0x82, 0x81, 0x82, 0x7f, 0x7a, 0x82, 0x83, 0x83, 0x86, 0x83, 0x82, 0x83, 0x86, 0x83, 0x86, 0x86, 0x83, 0x82, 0x94, 0xbe, 0xb1, 0xb3, 0xb3, 0xb1, 0xb5, 0x6e, 0x8b, 0x86, 0x8b, 0x86, 0x89, 0x86, 0x8a, 0x86, 0x83, 0x7f, 0x7d, 0x81, 0x81, 0x81, 0x7d, 0x88, 0x98, 0x8d, 0x91, 0x9d, 0x93, 0x93, 0x8e, 0x8d, 0x88, 0x88, 0x88, 0x85, 0x88, 0x85, 0x88, 0x88, 0xd4, 0x98, 0xce, 0x37, 0xce, 0x85, 0x73, 0x78, 0x8c, 0x6d, 0x7c, 0xd4, 0x7c, 0x7b, 0x70, 0x6e, 0x62, 0xb2, 0xb5, 0xde, 0xe1, 0x75, 0x69, 0x69, 0x69, 0x62, 0x78, 0xca, 0xcb, 0x7c, 0x69, 0x6e, 0x6b, 0x69, 0x66, 0x5c, 0x62, 0xb4, 0xaa, 0xac, 0x35, 0x35, 0xaa, 0xbb, 0xca, 0xe6, 0x69, 0x70, 0x78, 0x78, 0x78, 0x7c, 0x78, 0xd4, 0x92, 0x78, 0x75, 0x75, 0x74, 0x85, 0x9d, 0x9b, 0x92, 0x6e, 0x70, 0x70, 0x74, 0x70, 0x74, 0x6e, 0x80, 0x88, 0x74, 0x7c, 0x80, 0x6f, 0x6f, 0x6f, 0x6b, 0x69, 0x69, 0x69, 0x66, 0x69, 0x69, 0x6c, 0x6c, 0x6f, 0x6f, 0x85, 0xce, 0xc8, 0xa1, 0xe7, 0xf4, 0xf3, 0xf3, 0xf3, 0xf3, 0xe3, 0xdd, 0xe4, 0xf3, 0xf3, 0xf1, 0xf2, 0x2b, 0x68, 0x67, 0x65, 0x65, 0x65, 0x65, 0x63, 0x65, 0x63, 0x5f, 0x65, 0x65, 0x65, 0x65, 0x5e, 0x65, 0x59, 0x5f, 0x59, 0x5b, 0x59, 0x5b, 0x59, 0x5b, 0x59, 0x5d, 0x56, 0x59, 0x56, 0x54, 0x56, 0x53, 0x56, 0x53, 0x53, 0x53, 0x53, 0x54, 0x54, 
  0x8a, 0x8a, 0x8b, 0x86, 0x8a, 0x86, 0x86, 0x83, 0x7f, 0x81, 0x7a, 0x72, 0x76, 0x76, 0x7d, 0x7d, 0x7d, 0x82, 0x82, 0x86, 0x82, 0x86, 0x86, 0x86, 0x86, 0x87, 0x8a, 0x89, 0x86, 0x86, 0x82, 0x86, 0x82, 0x82, 0x82, 0x82, 0x82, 0x82, 0x82, 0x82, 0x82, 0x82, 0x82, 0x86, 0x82, 0x86, 0x82, 0x82, 0x82, 0x82, 0x83, 0x82, 0x83, 0x86, 0x87, 0xbc, 0xb1, 0xb3, 0xb2, 0xb1, 0xb7, 0x80, 0x8a, 0x86, 0x89, 0x8a, 0x86, 0x86, 0x86, 0x86, 0x83, 0x7f, 0x7f, 0x81, 0x81, 0x7d, 0x81, 0x8e, 0x92, 0x8d, 0x93, 0x98, 0x95, 0x93, 0x8d, 0x88, 0x88, 0x85, 0x88, 0x85, 0x88, 0x85, 0x88, 0x88, 0x85, 0x98, 0xc8, 0xab, 0x4a, 0x8c, 0x70, 0x78, 0x8c, 0x67, 0xd3, 0x85, 0xd4, 0x7c, 0x70, 0xd3, 0x62, 0xb4, 0xb3, 0xc1, 0xcb, 0xd3, 0x62, 0x69, 0x6e, 0x70, 0x75, 0xdf, 0xca, 0xe6, 0x70, 0x6f, 0x6f, 0x6e, 0x6c, 0x62, 0x5c, 0xb2, 0xaa, 0x35, 0x35, 0xab, 0xaa, 0xbb, 0xdf, 0xd3, 0x62, 0x70, 0x70, 0x70, 0x78, 0x70, 0x80, 0xce, 0xd2, 0x75, 0x6c, 0x69, 0x6c, 0x62, 0xc6, 0xcf, 0x85, 0x70, 0x70, 0x70, 0x6f, 0x70, 0x6f, 0x70, 0x84, 0x88, 0x79, 0x80, 0x80, 0x74, 0x6f, 0x6b, 0x6c, 0x69, 0x69, 0x69, 0x69, 0x69, 0x69, 0x69, 0x6c, 0x6f, 0x70, 0x89, 0xc8, 0x4d, 0x5a, 0xf2, 0xf1, 0xf3, 0xf3, 0xf3, 0xf3, 0xf1, 0x40, 0xdd, 0xe4, 0xe3, 0xf1, 0xe6, 0x67, 0x63, 0x65, 0x67, 0x65, 0x67, 0x63, 0x65, 0x63, 0x65, 0x63, 0x5f, 0x65, 0x5e, 0x5f, 0x5e, 0x5f, 0x59, 0x5b, 0x59, 0x59, 0x59, 0x59, 0x5b, 0x59, 0x59, 0x59, 0x59, 0x54, 0x59, 0x54, 0x56, 0x53, 0x56, 0x53, 0x53, 0x53, 0x53, 0x53, 0x54, 
  0x8a, 0x86, 0x8a, 0x86, 0x89, 0x86, 0x83, 0x83, 0x7d, 0x7a, 0x76, 0x7a, 0x76, 0x76, 0x76, 0x7d, 0x7a, 0x7f, 0x82, 0x82, 0x82, 0x82, 0x86, 0x83, 0x86, 0x86, 0x89, 0x87, 0x86, 0x86, 0x86, 0x86, 0x82, 0x82, 0x82, 0x82, 0x82, 0x82, 0x82, 0x82, 0x82, 0x82, 0x86, 0x86, 0x86, 0x86, 0x82, 0x82, 0x82, 0x86, 0x82, 0x86, 0x82, 0x8a, 0x82, 0xb7, 0xb1, 0xb3, 0xb3, 0xaf, 0xba, 0x87, 0x86, 0x86, 0x8b, 0x89, 0x86, 0x8a, 0x86, 0x86, 0x83, 0x83, 0x83, 0x83, 0x81, 0x7a, 0x7a, 0x8e, 0x96, 0x88, 0x96, 0x98, 0x96, 0x8e, 0x8d, 0x85, 0x88, 0x88, 0x85, 0x88, 0x85, 0x88, 0x85, 0x88, 0x85, 0x91, 0x40, 0xac, 0xc7, 0x92, 0x70, 0x7b, 0x88, 0x67, 0x59, 0xd4, 0x7c, 0x73, 0xd3, 0x62, 0xca, 0xb0, 0xb2, 0xc1, 0xde, 0x62, 0xd3, 0x62, 0x55, 0xc8, 0xc8, 0xde, 0xde, 0x4e, 0x62, 0xd0, 0x55, 0xd0, 0x4f, 0xd0, 0xce, 0xaf, 0xaa, 0x35, 0xab, 0xab, 0xab, 0xbc, 0xdf, 0xd3, 0x62, 0x70, 0x6e, 0x70, 0x6e, 0x6e, 0x78, 0xcc, 0x62, 0x6e, 0x69, 0x66, 0x6e, 0x4f, 0xad, 0xbf, 0x7b, 0x70, 0x70, 0x70, 0x6f, 0x70, 0x6f, 0x70, 0x84, 0x88, 0x79, 0x80, 0x80, 0x74, 0x6f, 0x6c, 0x6c, 0x69, 0x6c, 0x6c, 0x69, 0x6c, 0x64, 0x69, 0x6e, 0x6f, 0x75, 0x7c, 0x49, 0x42, 0x47, 0xe4, 0xe7, 0xf2, 0xf3, 0xf3, 0xf3, 0xe3, 0xc2, 0xad, 0xd9, 0xdf, 0xe6, 0x5d, 0x67, 0x65, 0x67, 0x65, 0x65, 0x65, 0x65, 0x63, 0x65, 0x63, 0x5f, 0x63, 0x65, 0x5f, 0x5d, 0x5f, 0x59, 0x5f, 0x59, 0x5b, 0x59, 0x5b, 0x59, 0x59, 0x59, 0x5b, 0x59, 0x59, 0x56, 0x59, 0x56, 0x54, 0x56, 0x53, 0x56, 0x53, 0x53, 0x53, 0x54, 0x54, 
  0x8a, 0x8a, 0x89, 0x86, 0x86, 0x86, 0x86, 0x83, 0x7d, 0x7a, 0x7a, 0x72, 0x71, 0x72, 0x7d, 0x7a, 0x7f, 0x7a, 0x82, 0x82, 0x82, 0x82, 0x83, 0x86, 0x86, 0x89, 0x8b, 0x89, 0x86, 0x86, 0x86, 0x86, 0x82, 0x82, 0x82, 0x82, 0x82, 0x82, 0x82, 0x82, 0x86, 0x82, 0x86, 0x86, 0x8a, 0x86, 0x86, 0x86, 0x82, 0x86, 0x82, 0x82, 0x82, 0x8b, 0x69, 0xb3, 0xb3, 0xb3, 0xb3, 0xaf, 0xbc, 0x8f, 0x86, 0x86, 0x8b, 0x8a, 0x86, 0x86, 0x86, 0x86, 0x86, 0x7f, 0x83, 0x81, 0x81, 0x7a, 0x7f, 0x93, 0x92, 0x88, 0x98, 0x95, 0x98, 0x8e, 0x8d, 0x88, 0x88, 0x85, 0x84, 0x85, 0x88, 0x85, 0x88, 0x88, 0x84, 0x84, 0xba, 0x35, 0xc0, 0x88, 0x70, 0x78, 0x85, 0x6d, 0x4e, 0xd4, 0x7c, 0x70, 0x62, 0xbe, 0xac, 0xac, 0xd9, 0xc4, 0xc1, 0xdf, 0xcb, 0xca, 0xbc, 0xab, 0x38, 0xde, 0xc1, 0xde, 0xc8, 0xc8, 0xc8, 0xc8, 0xc4, 0xb7, 0xb4, 0x35, 0x35, 0xab, 0xab, 0xab, 0xab, 0xbe, 0xdf, 0xd3, 0x62, 0x62, 0x69, 0x69, 0x69, 0x69, 0x78, 0xca, 0xd3, 0x6e, 0x6c, 0x62, 0x74, 0xcc, 0xaf, 0xde, 0x78, 0x70, 0x6e, 0x70, 0x6f, 0x6e, 0x6f, 0x70, 0x88, 0x84, 0x7c, 0x87, 0x79, 0x74, 0x6f, 0x6a, 0x6c, 0x69, 0x6c, 0x69, 0x6c, 0x69, 0x66, 0x69, 0x6c, 0x6f, 0x75, 0x7c, 0x4b, 0x45, 0x44, 0x4d, 0x4b, 0xe7, 0xf1, 0xf3, 0xf3, 0xe2, 0x40, 0x3e, 0x2c, 0xa4, 0xc7, 0x73, 0x5f, 0x65, 0x63, 0x67, 0x65, 0x67, 0x63, 0x65, 0x63, 0x65, 0x63, 0x5f, 0x65, 0x5f, 0x5f, 0x59, 0x5f, 0x59, 0x5b, 0x59, 0x59, 0x59, 0x59, 0x5b, 0x59, 0x59, 0x59, 0x59, 0x59, 0x54, 0x59, 0x56, 0x53, 0x56, 0x53, 0x53, 0x53, 0x53, 0x53, 0x54, 
  0x8a, 0x86, 0x8a, 0x86, 0x89, 0x86, 0x83, 0x81, 0x7a, 0x7a, 0x76, 0x72, 0x72, 0x76, 0x76, 0x7d, 0x7a, 0x7f, 0x82, 0x82, 0x82, 0x7f, 0x86, 0x83, 0x83, 0x8b, 0x89, 0x87, 0x86, 0x86, 0x86, 0x86, 0x82, 0x86, 0x82, 0x82, 0x82, 0x82, 0x82, 0x86, 0x86, 0x86, 0x86, 0x8a, 0x86, 0x8a, 0x86, 0x89, 0x86, 0x89, 0x86, 0x86, 0x82, 0x94, 0x4f, 0xb1, 0xb3, 0xb3, 0xb3, 0xae, 0xc0, 0x94, 0x86, 0x86, 0x8b, 0x89, 0x89, 0x89, 0x86, 0x86, 0x83, 0x83, 0x83, 0x83, 0x81, 0x7a, 0x7f, 0x92, 0x92, 0x8c, 0x98, 0x96, 0x95, 0x91, 0x8d, 0x85, 0x88, 0x88, 0x85, 0x88, 0x85, 0x88, 0x85, 0x88, 0x88, 0x80, 0xb8, 0x38, 0xb8, 0x85, 0x70, 0x78, 0xd4, 0x67, 0xcc, 0x85, 0x7c, 0xd0, 0xba, 0x35, 0x38, 0x38, 0xac, 0xc1, 0xde, 0xc4, 0xbb, 0xb0, 0xaa, 0xab, 0xae, 0xbe, 0xbf, 0xbe, 0xbb, 0xbb, 0xbb, 0xb9, 0xb0, 0xaa, 0xa9, 0xab, 0xaa, 0x35, 0xaa, 0xab, 0x35, 0xbe, 0xed, 0x62, 0xd3, 0x62, 0x69, 0x62, 0x69, 0x69, 0x62, 0xdf, 0xd3, 0x69, 0x62, 0x64, 0x70, 0xc7, 0xae, 0xc8, 0xd4, 0x6e, 0x6e, 0x6e, 0x6e, 0x6f, 0x6e, 0x74, 0x8c, 0x84, 0x79, 0x80, 0x80, 0x75, 0x6f, 0x6c, 0x6c, 0x69, 0x6c, 0x6c, 0x69, 0x69, 0x69, 0x69, 0x6f, 0x74, 0x74, 0x85, 0x6a, 0x44, 0x32, 0x44, 0x44, 0x50, 0xf7, 0xf3, 0xf4, 0xdd, 0xa6, 0x34, 0xad, 0x2f, 0x3b, 0x68, 0x63, 0x65, 0x65, 0x65, 0x65, 0x65, 0x65, 0x63, 0x65, 0x63, 0x63, 0x5f, 0x65, 0x5f, 0x5e, 0x5f, 0x5e, 0x5b, 0x59, 0x5b, 0x59, 0x5b, 0x59, 0x59, 0x59, 0x5b, 0x59, 0x59, 0x54, 0x56, 0x54, 0x56, 0x53, 0x56, 0x53, 0x53, 0x53, 0x53, 0x54, 0x54, 
  0x8a, 0x8a, 0x89, 0x86, 0x86, 0x86, 0x86, 0x7d, 0x7a, 0x76, 0x71, 0x72, 0x71, 0x72, 0x76, 0x7a, 0x7a, 0x7a, 0x82, 0x82, 0x82, 0x82, 0x7f, 0x83, 0x82, 0x89, 0x8b, 0x89, 0x86, 0x86, 0x86, 0x86, 0x8a, 0x86, 0x8a, 0x86, 0x89, 0x86, 0x89, 0x86, 0x86, 0x86, 0x8a, 0x86, 0x8a, 0x8a, 0x8a, 0x8a, 0x8a, 0x8a, 0x86, 0x8b, 0x83, 0x98, 0x4a, 0xb0, 0xb3, 0xb2, 0xb3, 0x38, 0xc6, 0x94, 0x86, 0x86, 0x8b, 0x86, 0x89, 0x89, 0x86, 0x86, 0x86, 0x7f, 0x83, 0x81, 0x81, 0x7d, 0x82, 0x92, 0x92, 0x92, 0x98, 0x98, 0x96, 0x8e, 0x88, 0x88, 0x88, 0x85, 0x84, 0x85, 0x88, 0x85, 0x88, 0x88, 0x84, 0x78, 0x3e, 0x38, 0xb4, 0x6d, 0x78, 0x70, 0x7c, 0x5f, 0xca, 0x62, 0xd0, 0xba, 0xac, 0x38, 0xae, 0x38, 0xad, 0xb1, 0xb3, 0xac, 0xaa, 0xab, 0x38, 0xad, 0xac, 0xab, 0xab, 0xab, 0xab, 0xab, 0xaa, 0xa9, 0xaa, 0x35, 0x35, 0x35, 0x35, 0xaa, 0xaa, 0xab, 0xab, 0xc1, 0xc1, 0xdf, 0xce, 0xd0, 0x62, 0xd3, 0x6c, 0xd3, 0x55, 0xde, 0xe6, 0x69, 0x62, 0x55, 0x6e, 0xbe, 0xae, 0xdf, 0xd4, 0x62, 0x6e, 0x6e, 0x6f, 0x6f, 0x6e, 0x74, 0x8e, 0x80, 0x80, 0x80, 0x79, 0x74, 0x6f, 0x6b, 0x6c, 0x69, 0x6c, 0x69, 0x69, 0x69, 0x66, 0x6c, 0x74, 0x75, 0x75, 0x8d, 0x4d, 0x45, 0x32, 0x44, 0x32, 0x47, 0xe5, 0xf1, 0xe4, 0xb1, 0xa7, 0x34, 0xa4, 0x2d, 0x41, 0x4b, 0x68, 0x5f, 0x65, 0x67, 0x65, 0x67, 0x63, 0x65, 0x63, 0x65, 0x5f, 0x63, 0x65, 0x5f, 0x5f, 0x5d, 0x5f, 0x59, 0x5b, 0x59, 0x59, 0x59, 0x59, 0x5b, 0x59, 0x59, 0x59, 0x59, 0x59, 0x56, 0x54, 0x56, 0x53, 0x56, 0x53, 0x53, 0x53, 0x53, 0x53, 0x54, 
  0x8a, 0x86, 0x86, 0x8a, 0x86, 0x86, 0x83, 0x7f, 0x7a, 0x7a, 0x76, 0x76, 0x76, 0x76, 0x7d, 0x7d, 0x7f, 0x7f, 0x7f, 0x82, 0x82, 0x82, 0x82, 0x7f, 0x8a, 0x86, 0x86, 0x89, 0x89, 0x86, 0x86, 0x86, 0x89, 0x8a, 0x89, 0x8b, 0x89, 0x8b, 0x89, 0x8b, 0x8b, 0x8b, 0x8b, 0x8a, 0x8a, 0x8a, 0x8b, 0x8b, 0x8b, 0x8f, 0x8f, 0x89, 0x8a, 0x95, 0xc8, 0xaf, 0xb3, 0xb2, 0xb3, 0xae, 0xc8, 0x95, 0x8a, 0x8b, 0x8b, 0x8b, 0x89, 0x89, 0x86, 0x86, 0x82, 0x83, 0x83, 0x83, 0x81, 0x7d, 0x87, 0xd6, 0x8e, 0x91, 0x98, 0x98, 0x93, 0x93, 0x88, 0x88, 0x88, 0x88, 0x88, 0x88, 0x88, 0x88, 0x8d, 0x85, 0x80, 0x7b, 0xb7, 0xaf, 0x38, 0x4e, 0x78, 0xd3, 0xd4, 0x53, 0xc0, 0xc5, 0xb4, 0xac, 0x38, 0x38, 0x38, 0xae, 0x38, 0xad, 0x35, 0x35, 0xab, 0x38, 0xab, 0xac, 0xab, 0xad, 0x35, 0xac, 0xac, 0xac, 0xac, 0xac, 0xab, 0xab, 0x35, 0xaa, 0xaa, 0xab, 0xab, 0xaa, 0xab, 0xbb, 0xde, 0xc1, 0xde, 0xde, 0xca, 0xcc, 0xcf, 0x62, 0xcb, 0xde, 0xd3, 0x62, 0x62, 0x62, 0x62, 0xb2, 0xb3, 0xdf, 0x7c, 0x62, 0x69, 0x6e, 0x6c, 0x6f, 0x6e, 0x78, 0x8e, 0x7c, 0x80, 0x84, 0x80, 0x6f, 0x6f, 0x6c, 0x6f, 0x6c, 0x69, 0x6c, 0x69, 0x6c, 0x69, 0x6e, 0x74, 0x74, 0x80, 0x7c, 0x4b, 0x47, 0x32, 0x44, 0x31, 0x45, 0x62, 0xe4, 0xc6, 0x2c, 0x2c, 0x34, 0xa5, 0xa4, 0x3d, 0x49, 0x68, 0x65, 0x65, 0x65, 0x65, 0x65, 0x65, 0x63, 0x65, 0x5f, 0x63, 0x5f, 0x5f, 0x65, 0x5e, 0x5f, 0x5e, 0x5b, 0x59, 0x5b, 0x59, 0x5b, 0x59, 0x59, 0x59, 0x59, 0x5e, 0x56, 0x56, 0x59, 0x56, 0x56, 0x54, 0x56, 0x53, 0x53, 0x53, 0x53, 0x53, 0x53, 
  0x89, 0x8a, 0x8a, 0x86, 0x86, 0x82, 0x83, 0x82, 0x7a, 0x7a, 0x76, 0x76, 0x76, 0x7d, 0x7a, 0x7f, 0x7d, 0x83, 0x7f, 0x82, 0x87, 0x82, 0x77, 0x82, 0x89, 0x82, 0x86, 0x82, 0x86, 0x87, 0x89, 0x87, 0x8a, 0x89, 0x8a, 0x87, 0x8b, 0x87, 0x8b, 0x8b, 0x8b, 0x8f, 0x8b, 0x8a, 0x8b, 0x8b, 0x8b, 0x8f, 0x8f, 0x89, 0x8f, 0x8f, 0x8b, 0x95, 0xc0, 0xb1, 0xb2, 0xb2, 0xb3, 0x38, 0x4a, 0x95, 0x89, 0x8b, 0x8b, 0x89, 0x89, 0x89, 0x86, 0x82, 0x83, 0x7f, 0x83, 0x83, 0x81, 0x7a, 0x8d, 0x92, 0x8e, 0x91, 0x98, 0x98, 0x93, 0x8d, 0x8d, 0x88, 0x88, 0x88, 0x88, 0x88, 0x88, 0x88, 0x87, 0x84, 0x85, 0x70, 0x3b, 0xaf, 0x38, 0xcb, 0x7c, 0x78, 0xd0, 0x40, 0xc7, 0xaf, 0x30, 0xb4, 0xb2, 0xae, 0xa9, 0xa9, 0xad, 0x38, 0xac, 0xaf, 0xb0, 0xab, 0x35, 0xad, 0xac, 0x35, 0xac, 0x35, 0xac, 0x35, 0x35, 0x35, 0x35, 0xaa, 0x35, 0xab, 0xab, 0xaa, 0xab, 0xaa, 0xab, 0xab, 0xd9, 0xbb, 0xc1, 0xc1, 0xc1, 0xb9, 0xb3, 0xb9, 0xc1, 0xde, 0xd3, 0x62, 0x55, 0x55, 0x4f, 0x35, 0xb6, 0xdf, 0x78, 0x62, 0x69, 0x69, 0x6e, 0x6f, 0x6e, 0x7c, 0x8c, 0x80, 0x79, 0x88, 0x75, 0x74, 0x6f, 0x6e, 0x6c, 0x6c, 0x6c, 0x69, 0x6c, 0x6c, 0x6c, 0x6c, 0x74, 0x75, 0x8d, 0x64, 0x47, 0x44, 0x44, 0x44, 0x31, 0x32, 0xc6, 0x46, 0x3d, 0x36, 0x2c, 0xa4, 0x34, 0x34, 0x3d, 0x42, 0x68, 0x65, 0x65, 0x65, 0x65, 0x65, 0x5f, 0x65, 0x65, 0x65, 0x65, 0x5f, 0x65, 0x5f, 0x65, 0x5f, 0x59, 0x59, 0x59, 0x59, 0x59, 0x59, 0x59, 0x5b, 0x59, 0x5e, 0x59, 0x5e, 0x56, 0x5e, 0x59, 0x59, 0x53, 0x56, 0x53, 0x53, 0x53, 0x53, 0x53, 0x53, 
  0x8a, 0x8a, 0x89, 0x86, 0x86, 0x86, 0x83, 0x7f, 0x82, 0x7a, 0x7a, 0x7a, 0x7d, 0x7a, 0x7f, 0x82, 0x83, 0x83, 0x82, 0x86, 0x80, 0x73, 0x8f, 0x89, 0x82, 0x87, 0x86, 0x87, 0x87, 0x87, 0x87, 0x8a, 0x87, 0x8b, 0x87, 0x8b, 0x8b, 0x8b, 0x8b, 0x8f, 0x8b, 0x8f, 0x8b, 0x8f, 0x8b, 0x8b, 0x8f, 0x8f, 0x8f, 0x8f, 0x8f, 0x89, 0x8f, 0x8f, 0xba, 0xb0, 0xb2, 0xb2, 0xb2, 0xae, 0x4a, 0x95, 0x8a, 0x89, 0x8b, 0x8a, 0x86, 0x89, 0x86, 0x86, 0x82, 0x7f, 0x83, 0x81, 0x81, 0x7d, 0x8d, 0xd6, 0x88, 0x91, 0x98, 0x98, 0x93, 0x91, 0x88, 0x88, 0x88, 0x88, 0x88, 0x88, 0x88, 0x88, 0x88, 0x80, 0x85, 0xd0, 0x3b, 0xaf, 0xad, 0xbe, 0x5e, 0xce, 0xb3, 0xba, 0x6d, 0x90, 0x7e, 0x7b, 0x6d, 0x67, 0xce, 0x40, 0xb0, 0xaa, 0xac, 0x38, 0xb4, 0xb8, 0x38, 0xaa, 0xac, 0xac, 0x35, 0xac, 0x35, 0xab, 0x35, 0xab, 0x35, 0xab, 0x35, 0xaa, 0xab, 0xab, 0xab, 0x35, 0xaa, 0xab, 0xa9, 0xa8, 0xad, 0xb1, 0xbb, 0xda, 0xa7, 0xa8, 0xdd, 0xc1, 0xcf, 0xd0, 0x55, 0x62, 0x48, 0xa7, 0xb9, 0xdf, 0x7c, 0x62, 0x66, 0x69, 0x6e, 0x6c, 0x6e, 0x78, 0x85, 0x7c, 0x7c, 0x84, 0x80, 0x6c, 0x6c, 0x6c, 0x6f, 0x6c, 0x69, 0x6c, 0x69, 0x6c, 0x6c, 0x6f, 0x74, 0x80, 0x8d, 0x58, 0x45, 0x32, 0x44, 0x44, 0x32, 0x44, 0x3f, 0xc7, 0x42, 0x34, 0x3d, 0x2c, 0xa4, 0xa4, 0x3d, 0x42, 0x33, 0x63, 0x67, 0x65, 0x65, 0x65, 0x65, 0x65, 0x5f, 0x65, 0x5f, 0x5f, 0x5f, 0x65, 0x5f, 0x5f, 0x5f, 0x59, 0x5b, 0x59, 0x5b, 0x59, 0x5b, 0x59, 0x59, 0x59, 0x59, 0x59, 0x59, 0x56, 0x59, 0x56, 0x54, 0x56, 0x53, 0x53, 0x53, 0x53, 0x53, 0x53, 
  0x89, 0x8a, 0x8a, 0x86, 0x86, 0x86, 0x82, 0x83, 0x82, 0x81, 0x81, 0x7d, 0x7a, 0x7f, 0x82, 0x82, 0x82, 0x86, 0x83, 0x8b, 0x77, 0x1e, 0x48, 0x62, 0x8d, 0x82, 0x87, 0x87, 0x87, 0x87, 0x87, 0x87, 0x87, 0x87, 0x8d, 0x87, 0x87, 0x8b, 0x8b, 0x87, 0x8f, 0x8f, 0x8f, 0x8f, 0x8f, 0x8f, 0x8f, 0x8f, 0x8f, 0x8f, 0x8b, 0x8b, 0x94, 0x80, 0xb7, 0xb0, 0xb2, 0xb0, 0xb3, 0x38, 0x4e, 0x94, 0x8a, 0x89, 0x8a, 0x89, 0x86, 0x89, 0x86, 0x82, 0x83, 0x7f, 0x83, 0x83, 0x81, 0x7d, 0x92, 0x92, 0x8e, 0x93, 0x98, 0x98, 0x93, 0x8d, 0x8d, 0x88, 0x88, 0x88, 0x88, 0x88, 0x88, 0x88, 0x85, 0x88, 0x69, 0xc5, 0xb4, 0xaf, 0xb0, 0xb0, 0x3b, 0xb8, 0x51, 0xd7, 0xd7, 0xa3, 0xd7, 0xd7, 0xe9, 0xe9, 0xd7, 0xd6, 0xce, 0x40, 0xaf, 0x35, 0xac, 0xaf, 0xbc, 0xb4, 0xaa, 0x35, 0x35, 0x35, 0xab, 0x35, 0xab, 0x35, 0xaa, 0x35, 0xaa, 0xab, 0xaa, 0xab, 0xaa, 0xaa, 0xab, 0xaa, 0xac, 0xaa, 0xaa, 0xa8, 0xa7, 0xab, 0xaa, 0xae, 0xbe, 0xdd, 0xbe, 0xbe, 0xc4, 0xce, 0xb7, 0xa8, 0xb9, 0xcb, 0x70, 0x62, 0x62, 0x66, 0x6c, 0x6c, 0x73, 0x69, 0x73, 0x80, 0x79, 0x88, 0x75, 0x6f, 0x6f, 0x6c, 0x6e, 0x6c, 0x6c, 0x69, 0x6c, 0x6c, 0x6c, 0x6c, 0x79, 0x80, 0x89, 0x50, 0x47, 0x32, 0x32, 0x42, 0x45, 0x42, 0x43, 0x40, 0x37, 0x34, 0x40, 0xb8, 0x20, 0xa4, 0x3d, 0x45, 0x58, 0x65, 0x65, 0x65, 0x65, 0x65, 0x5f, 0x65, 0x65, 0x65, 0x5f, 0x5f, 0x5f, 0x5f, 0x5f, 0x5f, 0x59, 0x5b, 0x59, 0x59, 0x59, 0x59, 0x59, 0x5b, 0x59, 0x59, 0x59, 0x56, 0x59, 0x59, 0x56, 0x59, 0x54, 0x56, 0x53, 0x53, 0x53, 0x53, 0x53, 0x53, 
  0x8a, 0x8a, 0x89, 0x8a, 0x86, 0x86, 0x86, 0x83, 0x7f, 0x82, 0x7a, 0x82, 0x7f, 0x82, 0x82, 0x89, 0x89, 0x86, 0x86, 0x8b, 0x7b, 0x1d, 0xbe, 0xb8, 0x70, 0x8f, 0x80, 0x87, 0x87, 0x87, 0x87, 0x87, 0x87, 0x87, 0x87, 0x8f, 0x94, 0x86, 0x87, 0x8f, 0x8f, 0x8f, 0x8d, 0x8f, 0x94, 0x8f, 0x8f, 0x8f, 0x8f, 0x8f, 0x8b, 0x8b, 0x94, 0x69, 0xaf, 0xb2, 0xb2, 0xb0, 0xb2, 0xaf, 0xd0, 0x94, 0x8a, 0x8b, 0x89, 0x8a, 0x86, 0x8a, 0x86, 0x83, 0x82, 0x7f, 0x83, 0x81, 0x81, 0x83, 0x92, 0xd6, 0x8e, 0x91, 0x98, 0x96, 0x95, 0x8e, 0x88, 0x88, 0x88, 0x88, 0x88, 0x88, 0x88, 0x88, 0x85, 0x8e, 0xc8, 0x38, 0xaf, 0xb0, 0xb1, 0xac, 0xbb, 0xe9, 0xd7, 0xd7, 0xa0, 0xec, 0xd7, 0xd7, 0xd7, 0xd7, 0xd6, 0xd7, 0xe9, 0xcf, 0x1a, 0x3b, 0xaa, 0x35, 0xac, 0x40, 0x38, 0xab, 0x35, 0xab, 0x35, 0xab, 0x35, 0x35, 0x35, 0xaa, 0x35, 0xaa, 0xab, 0xab, 0xab, 0xab, 0xaa, 0xab, 0xaa, 0xaa, 0xaa, 0xaa, 0xab, 0xa9, 0xaa, 0xab, 0xbb, 0xc1, 0xc1, 0xab, 0xa7, 0x38, 0xa9, 0x35, 0xbb, 0xcb, 0xd3, 0x69, 0x62, 0x69, 0x69, 0x6f, 0x74, 0x52, 0x62, 0x80, 0x78, 0x84, 0x7c, 0x6f, 0x6f, 0x6c, 0x6c, 0x6c, 0x69, 0x6c, 0x69, 0x6c, 0x69, 0x6f, 0x79, 0x84, 0x87, 0x50, 0x47, 0x44, 0x32, 0x44, 0x32, 0x44, 0x46, 0x2c, 0x37, 0x2c, 0x3e, 0xc2, 0x3b, 0xa4, 0x39, 0x42, 0x50, 0x63, 0x65, 0x65, 0x65, 0x65, 0x65, 0x65, 0x5f, 0x65, 0x5f, 0x5f, 0x5f, 0x5f, 0x65, 0x5b, 0x5f, 0x59, 0x5b, 0x59, 0x5b, 0x59, 0x5b, 0x59, 0x5b, 0x59, 0x59, 0x59, 0x59, 0x59, 0x59, 0x54, 0x56, 0x53, 0x56, 0x53, 0x53, 0x53, 0x53, 0x53, 
  0x89, 0x8a, 0x8a, 0x89, 0x86, 0x86, 0x86, 0x82, 0x86, 0x83, 0x86, 0x83, 0x86, 0x87, 0x89, 0x87, 0x89, 0x8b, 0x8a, 0x94, 0x6d, 0x1d, 0xde, 0x3b, 0xc6, 0x95, 0x87, 0x87, 0x88, 0x8d, 0x8d, 0x8d, 0x87, 0x87, 0x8e, 0x78, 0x69, 0x8e, 0x8f, 0x87, 0x8f, 0x87, 0x8f, 0x8f, 0x8d, 0x8f, 0x8f, 0x8f, 0x8f, 0x8f, 0x8f, 0x8b, 0x94, 0x4e, 0x38, 0xb2, 0xb0, 0xb2, 0xb1, 0xb0, 0x62, 0x8f, 0x8a, 0x8b, 0x86, 0x8a, 0x83, 0x86, 0x86, 0x83, 0x83, 0x83, 0x83, 0x81, 0x81, 0x82, 0x92, 0x92, 0x8e, 0x93, 0x98, 0x98, 0x93, 0x8d, 0x8d, 0x88, 0x88, 0x88, 0x88, 0x88, 0x88, 0x88, 0x85, 0x93, 0xcb, 0xac, 0x38, 0xae, 0xa8, 0xc0, 0xa0, 0xd6, 0xd7, 0xec, 0xec, 0xa3, 0xec, 0x9c, 0xd6, 0x9c, 0xec, 0xec, 0xec, 0xa0, 0xcc, 0xc5, 0xb8, 0xa9, 0x35, 0xb0, 0xac, 0xab, 0xab, 0x35, 0xaa, 0x35, 0xaa, 0x35, 0xaa, 0xab, 0xaa, 0xab, 0xaa, 0xaa, 0xaa, 0xaa, 0xaa, 0xaa, 0xaa, 0xaa, 0xaa, 0xa9, 0xaa, 0xa9, 0xaa, 0xa8, 0xaa, 0xb1, 0xdc, 0xa9, 0xa7, 0xa7, 0xa7, 0xae, 0xbe, 0xc1, 0xce, 0x62, 0x69, 0x62, 0x69, 0x69, 0x74, 0xce, 0x6d, 0x7c, 0x78, 0x88, 0x75, 0x74, 0x6c, 0x6c, 0x6c, 0x6c, 0x69, 0x69, 0x69, 0x6c, 0x69, 0x6f, 0x78, 0x87, 0x6b, 0x4d, 0x47, 0x45, 0x44, 0x45, 0x32, 0x32, 0x44, 0x34, 0x30, 0x30, 0xa7, 0x1a, 0xdc, 0x30, 0x37, 0x3d, 0x50, 0x63, 0x5e, 0x65, 0x65, 0x65, 0x5f, 0x65, 0x65, 0x5f, 0x65, 0x5f, 0x65, 0x65, 0x65, 0x5d, 0x5f, 0x59, 0x5b, 0x59, 0x59, 0x59, 0x59, 0x59, 0x33, 0x59, 0x59, 0x5e, 0x56, 0x56, 0x56, 0x53, 0x53, 0x53, 0x53, 0x54, 0x54, 0x54, 0x53, 0x53, 
  0x8a, 0x87, 0x86, 0x8b, 0x86, 0x89, 0x86, 0x86, 0x86, 0x86, 0x83, 0x83, 0x82, 0x89, 0x82, 0x8a, 0x86, 0x8a, 0x87, 0x94, 0x67, 0x1d, 0xc1, 0xba, 0x3b, 0xce, 0x8d, 0x87, 0x87, 0x87, 0x8d, 0x87, 0x84, 0x8f, 0x62, 0xba, 0xb6, 0xc7, 0x8d, 0x87, 0x87, 0x8d, 0x8b, 0x8d, 0x8f, 0x8f, 0x8d, 0x8f, 0x8f, 0x8f, 0x8f, 0x86, 0x98, 0x48, 0x38, 0xb4, 0xb2, 0xb0, 0xb0, 0xb2, 0x70, 0x8f, 0x8a, 0x8a, 0x87, 0x8a, 0x86, 0x83, 0x86, 0x83, 0x82, 0x83, 0x7f, 0x83, 0x81, 0x82, 0x92, 0x92, 0x8e, 0x91, 0x9a, 0x95, 0x93, 0x8c, 0x8d, 0x88, 0x88, 0x88, 0x88, 0x88, 0x88, 0x88, 0x85, 0x91, 0xc6, 0xb2, 0xc6, 0xbc, 0xc5, 0xd7, 0xe9, 0xa0, 0xec, 0xd7, 0x7e, 0xd0, 0xce, 0xcc, 0xcc, 0xce, 0x4e, 0x7b, 0xd7, 0xd6, 0xd8, 0x18, 0xba, 0x3e, 0xa8, 0x38, 0xab, 0x35, 0xab, 0xab, 0x35, 0xaa, 0x35, 0xaa, 0xab, 0xab, 0xab, 0xab, 0xaa, 0xab, 0xaa, 0xaa, 0xaa, 0xaa, 0xaa, 0xaa, 0xa9, 0xa9, 0xa9, 0xa8, 0xa7, 0xa9, 0xaa, 0xa7, 0xaa, 0xa8, 0xa8, 0xa9, 0xa7, 0xb0, 0xc1, 0xdc, 0xdd, 0xdf, 0xd0, 0xd3, 0x66, 0x69, 0x70, 0x48, 0x73, 0x78, 0x78, 0x8c, 0x75, 0x6f, 0x6c, 0x6c, 0x6c, 0x69, 0x69, 0x6c, 0x69, 0x69, 0x69, 0x6f, 0x74, 0x93, 0x4a, 0x46, 0x4b, 0x47, 0x47, 0x44, 0x44, 0x31, 0x44, 0x3d, 0x2d, 0x3b, 0xa4, 0xdb, 0xe1, 0xdb, 0x40, 0xa4, 0x48, 0x6d, 0x61, 0x65, 0x5f, 0x65, 0x65, 0x65, 0x5f, 0x65, 0x65, 0x65, 0x65, 0x65, 0x5f, 0x5f, 0x59, 0x5b, 0x59, 0x5b, 0x59, 0x5b, 0x59, 0x5b, 0x59, 0x59, 0x59, 0x56, 0x59, 0x56, 0x5e, 0x53, 0x53, 0x53, 0x53, 0x54, 0x54, 0x52, 0x53, 0x53, 
  0x89, 0x8a, 0x8a, 0x89, 0x86, 0x86, 0x86, 0x86, 0x86, 0x86, 0x86, 0x86, 0x86, 0x87, 0x8b, 0x8a, 0x8a, 0x8a, 0x8f, 0x94, 0x2b, 0x1c, 0xde, 0xb7, 0x40, 0x4e, 0x96, 0x8d, 0x87, 0x88, 0x87, 0x88, 0x87, 0xd4, 0xbe, 0xb3, 0xb9, 0xb0, 0xcb, 0x98, 0x8d, 0x87, 0x8f, 0x87, 0x8f, 0x98, 0x9d, 0x8d, 0x8f, 0x8b, 0x8f, 0x86, 0x9d, 0xc4, 0xaf, 0xb2, 0xb2, 0xb2, 0xaf, 0xb7, 0x7c, 0x8b, 0x8a, 0x8b, 0x86, 0x8a, 0x86, 0x86, 0x86, 0x83, 0x83, 0x83, 0x83, 0x81, 0x7d, 0x87, 0x96, 0x90, 0x8e, 0x93, 0x98, 0x98, 0x91, 0x8d, 0x88, 0x88, 0x88, 0x88, 0x88, 0x88, 0x88, 0x88, 0x85, 0x8d, 0xc2, 0x38, 0x3e, 0xcc, 0xd8, 0xe9, 0xa0, 0xa3, 0x9c, 0x51, 0xca, 0xcb, 0xcb, 0xcb, 0xcb, 0xcb, 0xcb, 0xca, 0x56, 0x9b, 0xd7, 0xa3, 0xbb, 0x28, 0xb2, 0xaa, 0x35, 0x35, 0x35, 0x35, 0xaa, 0x35, 0xaa, 0x35, 0xaa, 0xab, 0xaa, 0xab, 0xaa, 0xaa, 0xaa, 0xaa, 0xaa, 0xaa, 0xaa, 0xa9, 0xa9, 0xaa, 0xa8, 0x38, 0xb2, 0xb2, 0xaf, 0xac, 0xab, 0xa9, 0xab, 0xaa, 0xaa, 0xab, 0xb6, 0xdd, 0xdd, 0xdc, 0xde, 0x4e, 0x62, 0x62, 0x5b, 0xbf, 0x73, 0x6e, 0x78, 0x88, 0x75, 0x6f, 0x6c, 0x6c, 0x6c, 0x6c, 0x69, 0x69, 0x69, 0x6c, 0x69, 0x6f, 0x74, 0x95, 0xcc, 0x39, 0x4b, 0x4b, 0x4d, 0x32, 0x32, 0x32, 0x31, 0x42, 0x34, 0x28, 0x3e, 0xda, 0xed, 0xde, 0x3e, 0xa4, 0xc5, 0x73, 0x59, 0x65, 0x65, 0x65, 0x5f, 0x65, 0x65, 0x65, 0x5f, 0x65, 0x5f, 0x65, 0x65, 0x5f, 0x5b, 0x59, 0x5b, 0x59, 0x59, 0x59, 0x59, 0x59, 0x33, 0x59, 0x59, 0x5e, 0x56, 0x59, 0x56, 0x53, 0x53, 0x53, 0x53, 0x54, 0x54, 0x54, 0x53, 0x53, 
  0x8a, 0x87, 0x86, 0x8a, 0x86, 0x89, 0x86, 0x86, 0x86, 0x86, 0x86, 0x83, 0x89, 0x87, 0x89, 0x8b, 0x8a, 0x8a, 0x87, 0x95, 0x2e, 0x1b, 0xc2, 0xb8, 0xcf, 0xc4, 0xc2, 0x55, 0x93, 0x87, 0x87, 0x80, 0x95, 0xc8, 0xb3, 0xdb, 0xb6, 0xb9, 0xb6, 0x6e, 0x93, 0x87, 0x87, 0x8d, 0x95, 0xd0, 0xce, 0x85, 0x95, 0x8d, 0x8b, 0x8b, 0x8d, 0xbc, 0xaf, 0xb2, 0xb0, 0xb2, 0xaf, 0xb8, 0x84, 0x8b, 0x8a, 0x86, 0x8b, 0x86, 0x86, 0x83, 0x86, 0x83, 0x82, 0x83, 0x7f, 0x83, 0x7a, 0x87, 0xe9, 0x93, 0x8e, 0x91, 0x98, 0x93, 0x91, 0x8d, 0x88, 0x88, 0x88, 0x88, 0x88, 0x88, 0x88, 0x88, 0x85, 0x8c, 0xbe, 0xaf, 0xaf, 0x5e, 0xd6, 0xd7, 0xd8, 0x90, 0xce, 0xca, 0x4a, 0xcb, 0x4a, 0xd0, 0x74, 0x70, 0x67, 0xce, 0xcb, 0xce, 0xd6, 0xa0, 0xd5, 0xb2, 0x40, 0x35, 0x35, 0x35, 0x35, 0xaa, 0x35, 0xaa, 0xaa, 0xaa, 0xab, 0xab, 0xab, 0xab, 0xaa, 0xab, 0xaa, 0xaa, 0xaa, 0xaa, 0xaa, 0xaa, 0xa9, 0xa8, 0xb5, 0xba, 0xaf, 0x35, 0xab, 0xa8, 0xa7, 0xa6, 0xa6, 0xa6, 0xa6, 0xa7, 0xa8, 0xae, 0xdb, 0xdd, 0xdc, 0xc1, 0xcc, 0xd0, 0xca, 0x3e, 0xd4, 0x64, 0x78, 0x85, 0x74, 0x6f, 0x6c, 0x6c, 0x6c, 0x6c, 0x69, 0x6c, 0x69, 0x69, 0x69, 0x6f, 0x78, 0x8e, 0xd0, 0xa8, 0x46, 0x49, 0x4b, 0x32, 0x32, 0x44, 0x44, 0x42, 0x2d, 0x3b, 0xc1, 0xe2, 0xdd, 0xdd, 0xed, 0xa5, 0xc0, 0x68, 0x5f, 0x65, 0x5f, 0x65, 0x65, 0x65, 0x5f, 0x65, 0x65, 0x65, 0x65, 0x65, 0x5f, 0x5f, 0x59, 0x5b, 0x59, 0x5b, 0x59, 0x5b, 0x59, 0x5b, 0x59, 0x59, 0x59, 0x56, 0x59, 0x56, 0x5e, 0x53, 0x53, 0x53, 0x53, 0x54, 0x54, 0x54, 0x53, 0x53, 
  0x89, 0x8b, 0x89, 0x8a, 0x89, 0x86, 0x89, 0x86, 0x86, 0x86, 0x86, 0x86, 0x86, 0x89, 0x8b, 0x8b, 0x8a, 0x8b, 0x8b, 0x94, 0x1f, 0x1c, 0xbb, 0x48, 0xc5, 0xb2, 0x3b, 0xb7, 0x4e, 0x98, 0x80, 0x9d, 0x4e, 0xb4, 0xb7, 0xb7, 0xb7, 0xb6, 0xb1, 0xc6, 0x9d, 0x7c, 0x8d, 0x88, 0xc4, 0xb2, 0xaf, 0xbc, 0x7c, 0x8f, 0x8a, 0x94, 0x78, 0xb6, 0xb2, 0xb1, 0xb2, 0xb1, 0xaf, 0xbc, 0x87, 0x87, 0x86, 0x86, 0x86, 0x8a, 0x86, 0x86, 0x86, 0x86, 0x83, 0x83, 0x83, 0x81, 0x7d, 0x8d, 0x92, 0x92, 0x8e, 0x96, 0x98, 0x98, 0x93, 0x8c, 0x8d, 0x88, 0x88, 0x88, 0x88, 0x8d, 0x88, 0x88, 0x85, 0x84, 0xbc, 0x35, 0x4e, 0xd8, 0xd7, 0xa0, 0xd6, 0xce, 0xca, 0x4a, 0xcb, 0xce, 0xd5, 0xd7, 0xd7, 0xd7, 0xd7, 0xd7, 0xd3, 0xcb, 0xce, 0xd7, 0xa3, 0x1c, 0xaf, 0xb7, 0xaa, 0x35, 0x35, 0x35, 0xaa, 0xab, 0xab, 0xab, 0xab, 0xaa, 0xab, 0xaa, 0xaa, 0xaa, 0xaa, 0xaa, 0xaa, 0xaa, 0xaa, 0xa9, 0xaa, 0xa9, 0xb0, 0xaa, 0xa8, 0xa8, 0xa6, 0xa9, 0xaf, 0xb2, 0x3b, 0x3b, 0xb1, 0xab, 0xa6, 0xa7, 0xaa, 0xd9, 0xbc, 0xdc, 0xb6, 0xb7, 0xad, 0xb9, 0x7c, 0x62, 0x78, 0x88, 0x74, 0x6f, 0x6c, 0x6c, 0x69, 0x6c, 0x69, 0x6c, 0x69, 0x6c, 0x69, 0x6f, 0x78, 0x8c, 0x62, 0x2d, 0x3f, 0xca, 0xcb, 0x45, 0x32, 0x47, 0x45, 0x3d, 0x3b, 0x26, 0xdc, 0xed, 0xf0, 0xdc, 0xf0, 0xdc, 0xbb, 0x73, 0x59, 0x65, 0x65, 0x65, 0x65, 0x65, 0x65, 0x65, 0x65, 0x65, 0x65, 0x65, 0x65, 0x5f, 0x5f, 0x59, 0x5b, 0x59, 0x59, 0x59, 0x59, 0x59, 0x33, 0x59, 0x59, 0x5e, 0x56, 0x59, 0x56, 0x53, 0x53, 0x53, 0x53, 0x54, 0x54, 0x54, 0x53, 0x53, 
  0x8f, 0x89, 0x8f, 0x89, 0x8b, 0x89, 0x8b, 0x89, 0x86, 0x86, 0x89, 0x8b, 0x8b, 0x8b, 0x8a, 0x8a, 0x8a, 0x8b, 0x86, 0x95, 0x2e, 0x1a, 0xbb, 0xce, 0xb7, 0xb8, 0xb8, 0xb7, 0xb5, 0x4a, 0x8e, 0x4e, 0x3b, 0xb4, 0x3b, 0xb5, 0xb6, 0xb6, 0xb6, 0xb0, 0x4e, 0xa1, 0x78, 0xbc, 0xb0, 0xb6, 0xb9, 0xd9, 0xc8, 0x95, 0x86, 0x95, 0xd0, 0xb0, 0xb3, 0xb1, 0xb1, 0xb2, 0xae, 0xbf, 0x8f, 0x83, 0x86, 0x86, 0x86, 0x8a, 0x8a, 0x8a, 0x83, 0x86, 0x83, 0x83, 0x7f, 0x83, 0x7d, 0x8c, 0x96, 0x91, 0x91, 0x93, 0x98, 0x96, 0x93, 0x8d, 0x8c, 0x8d, 0x88, 0x8d, 0x88, 0x8c, 0x8c, 0x85, 0x88, 0x84, 0xb4, 0xc0, 0xd8, 0xd7, 0xd6, 0xd7, 0x4e, 0xca, 0x4a, 0xcb, 0xca, 0x78, 0xd4, 0xd5, 0xd6, 0x90, 0xd6, 0xd6, 0xeb, 0x7b, 0x48, 0x56, 0xa3, 0x5e, 0xb2, 0x3e, 0xad, 0xab, 0x35, 0xab, 0xab, 0xab, 0xaa, 0xab, 0xaa, 0x35, 0xaa, 0xab, 0xaa, 0xaa, 0xaa, 0xa9, 0xa9, 0xa9, 0xa9, 0xa9, 0x35, 0xaa, 0x35, 0xaa, 0xa7, 0xaf, 0xbb, 0xc2, 0xc5, 0xce, 0x7e, 0xd5, 0x00, 0x56, 0xc8, 0x3e, 0xa7, 0xa5, 0xab, 0xbb, 0xae, 0xa5, 0xa4, 0x40, 0x70, 0x62, 0x74, 0x8c, 0x74, 0x6f, 0x6c, 0x69, 0x6c, 0x69, 0x6c, 0x6c, 0x6c, 0x6c, 0x69, 0x6f, 0x7c, 0x7b, 0xd5, 0xb5, 0x2f, 0xc8, 0xe0, 0x46, 0x44, 0x4b, 0xc0, 0xa4, 0x3b, 0xcc, 0xb9, 0xed, 0xee, 0xdd, 0xef, 0xed, 0xdb, 0x68, 0x5e, 0x65, 0x67, 0x67, 0x67, 0x67, 0x67, 0x67, 0x67, 0x67, 0x67, 0x67, 0x65, 0x65, 0x65, 0x5f, 0x59, 0x5b, 0x59, 0x5b, 0x59, 0x5b, 0x59, 0x59, 0x59, 0x5e, 0x56, 0x56, 0x56, 0x56, 0x53, 0x56, 0x53, 0x54, 0x54, 0x54, 0x53, 0x53, 
  0x89, 0x89, 0x89, 0x89, 0x8a, 0x8b, 0x89, 0x86, 0x8a, 0x86, 0x8a, 0x8b, 0x8b, 0x8b, 0x8a, 0x8a, 0x8a, 0x8b, 0x8a, 0x95, 0x2b, 0x18, 0xc5, 0x48, 0xb3, 0xb8, 0xb7, 0xb7, 0x3b, 0xb2, 0xb8, 0xb0, 0xb4, 0x3b, 0xb5, 0xb5, 0xb3, 0xb6, 0xb3, 0xb3, 0xb3, 0xca, 0xb7, 0xb0, 0xb6, 0xb6, 0xb6, 0xb6, 0xb3, 0x6e, 0x8f, 0x94, 0xcc, 0xaf, 0xb3, 0xb2, 0xb1, 0xb2, 0xae, 0xc6, 0x8f, 0x82, 0x86, 0x8a, 0x86, 0x8a, 0x8a, 0x86, 0x86, 0x86, 0x83, 0x83, 0x83, 0x81, 0x81, 0x88, 0x97, 0x8e, 0x8e, 0x96, 0x98, 0x98, 0x93, 0x8e, 0x8d, 0x8d, 0x8c, 0x8d, 0x88, 0x8c, 0x88, 0x85, 0x92, 0x5f, 0xb3, 0xd4, 0xa3, 0xd7, 0xd7, 0x6d, 0xc8, 0x4a, 0xca, 0xca, 0xc6, 0x3e, 0x48, 0x7e, 0xd6, 0xd6, 0xd6, 0xd6, 0xd6, 0xd6, 0x59, 0xc8, 0x92, 0x00, 0x40, 0xaf, 0xaf, 0xaa, 0xab, 0x35, 0xaa, 0xab, 0xab, 0xab, 0xaa, 0xaa, 0xaa, 0xaa, 0xaa, 0xaa, 0xaa, 0xa9, 0xa9, 0xa9, 0xa9, 0xa9, 0xa9, 0x35, 0xa9, 0xa9, 0x28, 0xbc, 0x28, 0xcc, 0x7e, 0xa0, 0xec, 0x97, 0xe9, 0xd5, 0xe9, 0xd5, 0xce, 0x48, 0xdf, 0xbb, 0xaa, 0xa7, 0xa5, 0x40, 0xd3, 0x62, 0x78, 0x88, 0x75, 0x6f, 0x6c, 0x69, 0x69, 0x69, 0x6c, 0x6c, 0x6c, 0x69, 0x69, 0x74, 0x7c, 0xd3, 0xd6, 0xc8, 0xba, 0xbb, 0xee, 0xe1, 0xc6, 0xde, 0xee, 0xa6, 0xa7, 0x57, 0xbb, 0xdd, 0xee, 0xee, 0xef, 0xee, 0xda, 0x68, 0x5e, 0x65, 0x65, 0x67, 0x65, 0x67, 0x65, 0x67, 0x65, 0x67, 0x5e, 0x67, 0x5e, 0x65, 0x5e, 0x5f, 0x5b, 0x59, 0x5b, 0x59, 0x59, 0x59, 0x33, 0x59, 0x59, 0x5e, 0x56, 0x59, 0x56, 0x56, 0x53, 0x56, 0x53, 0x54, 0x54, 0x54, 0x53, 0x53, 
  0x8b, 0x8b, 0x8b, 0x8b, 0x8a, 0x8b, 0x8b, 0x86, 0x8a, 0x86, 0x8b, 0x8b, 0x8b, 0x8b, 0x8a, 0x8a, 0x8a, 0x8b, 0x8a, 0x94, 0x6d, 0x18, 0xe1, 0x40, 0xb7, 0xb6, 0xb7, 0xb6, 0xb6, 0xb5, 0xb3, 0xb4, 0xb6, 0xb4, 0xb5, 0xb4, 0xb4, 0xb3, 0xb3, 0xb3, 0xb2, 0xae, 0xb2, 0xb3, 0xb3, 0xb6, 0xb3, 0xb6, 0xb1, 0xc4, 0x9d, 0x8d, 0xc6, 0xaf, 0xb3, 0xb1, 0xb2, 0xb2, 0xae, 0xca, 0x94, 0x86, 0x86, 0x8a, 0x86, 0x8b, 0x8a, 0x86, 0x86, 0x83, 0x83, 0x83, 0x83, 0x81, 0x7d, 0x8c, 0x97, 0x8c, 0x93, 0x93, 0x98, 0x98, 0x8e, 0x8d, 0x8c, 0x8d, 0x88, 0x8d, 0x88, 0x8c, 0x8c, 0xd4, 0x8d, 0xd3, 0x51, 0xa3, 0xec, 0xd7, 0xe9, 0xcb, 0xcb, 0xcb, 0xca, 0xc4, 0x34, 0xa4, 0xa6, 0x2b, 0xd6, 0x99, 0xe9, 0xd7, 0xd6, 0x8d, 0x7c, 0xcb, 0x4e, 0xd5, 0xc7, 0xad, 0x35, 0x35, 0xaa, 0x35, 0xaa, 0xab, 0xaa, 0xab, 0xaa, 0x35, 0xaa, 0xab, 0xaa, 0xaa, 0xaa, 0xa9, 0xa9, 0xa9, 0xaa, 0xa9, 0xaa, 0xa9, 0x35, 0x40, 0xaf, 0x28, 0xd5, 0xa3, 0xec, 0xd7, 0xd7, 0xec, 0xd7, 0xe9, 0xe9, 0xe9, 0xec, 0xd7, 0xc2, 0xa4, 0xa6, 0xa8, 0xa5, 0xbe, 0x6d, 0x55, 0xd3, 0x8d, 0x70, 0x6c, 0x6c, 0x69, 0x6c, 0x69, 0x6c, 0x6c, 0x69, 0x6c, 0x69, 0x74, 0x7c, 0xe6, 0xd5, 0xe8, 0x30, 0xa5, 0xda, 0xe2, 0xdf, 0xdc, 0xf1, 0xd9, 0xa4, 0xcc, 0xde, 0xbb, 0xdd, 0xee, 0xee, 0xef, 0xb6, 0x5e, 0x65, 0x65, 0x67, 0x65, 0x67, 0x65, 0x67, 0x65, 0x65, 0x65, 0x67, 0x65, 0x67, 0x65, 0x65, 0x59, 0x5f, 0x59, 0x5b, 0x59, 0x5b, 0x59, 0x5b, 0x59, 0x59, 0x5e, 0x56, 0x56, 0x56, 0x53, 0x56, 0x53, 0x54, 0x53, 0x52, 0x53, 0x53, 0x53, 
  0x8f, 0x8b, 0x8f, 0x8b, 0x8a, 0x8a, 0x8b, 0x8a, 0x8a, 0x86, 0x8a, 0x8b, 0x8b, 0x8b, 0x8a, 0x8a, 0x8a, 0x8b, 0x8b, 0x94, 0x73, 0x1a, 0xce, 0x3b, 0xb9, 0xb6, 0xb7, 0xb6, 0xb5, 0xb5, 0xb3, 0xb6, 0xb4, 0xb3, 0xb4, 0xb4, 0xb4, 0xb4, 0xb3, 0xb2, 0xb3, 0xb3, 0xb3, 0xb3, 0xb3, 0xb3, 0xb6, 0xb3, 0xb6, 0xb1, 0x4e, 0x92, 0xb7, 0xb1, 0xb2, 0xb2, 0xb1, 0xb3, 0xae, 0xcb, 0x8f, 0x82, 0x86, 0x86, 0x86, 0x8a, 0x8a, 0x86, 0x86, 0x86, 0x83, 0x83, 0x83, 0x81, 0x81, 0x8c, 0x96, 0x8c, 0x8e, 0x98, 0x98, 0x93, 0x8e, 0x88, 0x8d, 0x8d, 0x88, 0x8d, 0x88, 0x92, 0x88, 0x85, 0x8c, 0x7b, 0xa2, 0xeb, 0xd7, 0xa2, 0xd0, 0xc8, 0x4a, 0xca, 0xcb, 0x39, 0xa4, 0xa4, 0xa4, 0xce, 0xd6, 0xd6, 0xd7, 0xd6, 0xd6, 0xd4, 0x89, 0x4e, 0xca, 0x6d, 0xc5, 0x3b, 0xaa, 0x35, 0x35, 0x35, 0xab, 0xab, 0xab, 0xab, 0xaa, 0xaa, 0xaa, 0xaa, 0xaa, 0xaa, 0xaa, 0xa9, 0xa9, 0xa9, 0xa9, 0xaa, 0xa9, 0xac, 0xbb, 0x2d, 0xc7, 0xd8, 0xa0, 0xd7, 0x97, 0x7e, 0x6d, 0x6d, 0x7b, 0x9c, 0xd7, 0xd6, 0xd6, 0xe9, 0xd5, 0x40, 0xa4, 0xa7, 0xa5, 0xb9, 0x4e, 0x62, 0xd3, 0x88, 0x70, 0x6c, 0x6c, 0x69, 0x69, 0x69, 0x6c, 0x6c, 0x6c, 0x69, 0x69, 0x75, 0x7c, 0xe5, 0xe6, 0xeb, 0xde, 0xa4, 0xa5, 0xa7, 0xdb, 0xdc, 0xee, 0xdd, 0xa4, 0xc2, 0xce, 0xda, 0xc2, 0xef, 0xed, 0xee, 0xd9, 0x53, 0x67, 0x65, 0x65, 0x67, 0x65, 0x65, 0x65, 0x65, 0x65, 0x67, 0x65, 0x67, 0x5e, 0x65, 0x5e, 0x5f, 0x59, 0x5b, 0x59, 0x59, 0x59, 0x59, 0x33, 0x59, 0x59, 0x5e, 0x56, 0x59, 0x56, 0x56, 0x53, 0x56, 0x53, 0x52, 0x53, 0x52, 0x53, 0x53, 
  0x8f, 0x8f, 0x8f, 0x8f, 0x8b, 0x8b, 0x8b, 0x8b, 0x8b, 0x8b, 0x8b, 0x8b, 0x8b, 0x8b, 0x8b, 0x8b, 0x8a, 0x8b, 0x8f, 0x8f, 0x7b, 0xcf, 0xc8, 0x3b, 0xb7, 0xb6, 0xb6, 0xb6, 0xb4, 0xb3, 0xb5, 0xb4, 0xb4, 0xb4, 0xb3, 0xb4, 0xb2, 0xb3, 0xb2, 0xb2, 0xb4, 0xb2, 0xb3, 0xb2, 0xb3, 0xb2, 0xb3, 0xb3, 0xb3, 0xb1, 0xb7, 0xc8, 0xb2, 0xb2, 0xb3, 0xb1, 0xb2, 0xb3, 0xaf, 0xce, 0x8b, 0x86, 0x8a, 0x8a, 0x8a, 0x8a, 0x8a, 0x8a, 0x83, 0x86, 0x86, 0x83, 0x81, 0x81, 0x82, 0x92, 0x90, 0x8e, 0x92, 0x98, 0x98, 0x93, 0x8d, 0x8d, 0x8c, 0x8c, 0x8c, 0x8c, 0x8c, 0x8c, 0x88, 0xd4, 0x95, 0xcc, 0x53, 0xd8, 0xeb, 0xe9, 0xcb, 0xcb, 0xca, 0x43, 0xb4, 0xa6, 0xa4, 0xa4, 0x20, 0x6d, 0xd6, 0xd6, 0xd6, 0xd7, 0xd6, 0xd4, 0x89, 0xd1, 0xc8, 0x4e, 0xc7, 0xae, 0xac, 0xab, 0x35, 0xaa, 0xab, 0xaa, 0xab, 0xaa, 0xab, 0xaa, 0xab, 0xaa, 0xaa, 0xaa, 0xaa, 0xa9, 0xa9, 0xa9, 0xaa, 0xaa, 0xa9, 0xb6, 0x35, 0xc5, 0xd8, 0xa0, 0xd6, 0x5e, 0xcc, 0xc8, 0xc8, 0xc7, 0xc8, 0x48, 0x53, 0xd6, 0xd7, 0xd7, 0xe9, 0xd5, 0xb1, 0xa5, 0xa7, 0xa7, 0xba, 0xcc, 0x6e, 0x88, 0x6f, 0x6c, 0x6c, 0x69, 0x69, 0x69, 0x6c, 0x6c, 0x69, 0x6c, 0x69, 0x75, 0xd4, 0xe5, 0xe8, 0xea, 0xd3, 0xb9, 0xdb, 0xdd, 0xef, 0xed, 0xed, 0xee, 0xa4, 0xb6, 0x2e, 0xaf, 0xc2, 0xee, 0xed, 0xed, 0xad, 0xcf, 0x68, 0x5e, 0x67, 0x65, 0x67, 0x65, 0x67, 0x65, 0x65, 0x65, 0x65, 0x65, 0x5f, 0x65, 0x5f, 0x59, 0x5b, 0x59, 0x59, 0x5b, 0x59, 0x5b, 0x59, 0x5b, 0x57, 0x5e, 0x56, 0x56, 0x56, 0x53, 0x53, 0x53, 0x53, 0x54, 0x54, 0x54, 0x53, 0x54, 
  0x8f, 0x8f, 0x8f, 0x8f, 0x8f, 0x8f, 0x8f, 0x8f, 0x8f, 0x8f, 0x8f, 0x8b, 0x8b, 0x8b, 0x8b, 0x8b, 0x8b, 0x8b, 0x8b, 0x94, 0x6d, 0xe4, 0xc2, 0xb6, 0xb7, 0xb6, 0xb5, 0xb6, 0xb4, 0xb5, 0xb4, 0xb5, 0xb4, 0xb4, 0xb4, 0xb2, 0xb4, 0xb2, 0xb2, 0xb2, 0xb2, 0xb2, 0xb2, 0xb2, 0xb1, 0xb2, 0xb2, 0xb3, 0xb3, 0xb3, 0xb1, 0xaf, 0xb2, 0xb3, 0xb2, 0xb3, 0xb2, 0xb3, 0xaf, 0xce, 0x8f, 0x86, 0x8b, 0x8b, 0x8a, 0x8a, 0x8a, 0x8a, 0x86, 0x89, 0x89, 0x83, 0x83, 0x81, 0x82, 0x91, 0x92, 0x8e, 0x91, 0x98, 0x97, 0x95, 0x8d, 0x8d, 0x8c, 0x8c, 0x8c, 0x8c, 0x8c, 0x8e, 0x88, 0x80, 0x9d, 0xc7, 0xc0, 0xa3, 0xeb, 0x00, 0xca, 0xc8, 0x3a, 0xaa, 0xa9, 0xbf, 0x20, 0xa4, 0xc8, 0xd5, 0x9c, 0xd7, 0xd6, 0xd7, 0xea, 0x85, 0x85, 0x64, 0xcb, 0xc8, 0xc7, 0xa8, 0xac, 0xab, 0xab, 0xab, 0xab, 0xab, 0xab, 0xab, 0xaa, 0xaa, 0xaa, 0xaa, 0xaa, 0xa9, 0xaa, 0xa9, 0xa9, 0xa9, 0xaa, 0xa9, 0xac, 0xa8, 0x3e, 0x67, 0xd8, 0x7e, 0xcb, 0xc7, 0xc8, 0xcb, 0xcc, 0xca, 0xc7, 0xc8, 0xc6, 0xcb, 0x6d, 0xe9, 0xd7, 0xe9, 0x57, 0xa6, 0xa6, 0xa6, 0xa5, 0x35, 0xcc, 0x8d, 0x6e, 0x69, 0x6c, 0x69, 0x69, 0x69, 0x6c, 0x6c, 0x6c, 0x6c, 0x6a, 0x74, 0xd4, 0xe5, 0xe8, 0xd5, 0xe6, 0xe7, 0xe2, 0xef, 0xef, 0xef, 0xed, 0xee, 0xa8, 0xae, 0xe5, 0xb6, 0xc7, 0xe0, 0xdd, 0xad, 0xa7, 0xce, 0x67, 0x5e, 0x65, 0x65, 0x67, 0x65, 0x67, 0x65, 0x65, 0x5f, 0x65, 0x5f, 0x5f, 0x5b, 0x5f, 0x5b, 0x59, 0x5b, 0x59, 0x59, 0x59, 0x59, 0x33, 0x59, 0x5e, 0x5e, 0x56, 0x59, 0x56, 0x53, 0x53, 0x53, 0x53, 0x54, 0x54, 0x54, 0x54, 0x52, 
  0x8f, 0x8f, 0x8f, 0x8f, 0x8f, 0x8f, 0x8f, 0x8f, 0x8f, 0x8f, 0x8b, 0x8b, 0x8b, 0x8b, 0x8b, 0x8b, 0x8b, 0x8b, 0x8b, 0x95, 0x5e, 0x51, 0xbe, 0xb7, 0xb7, 0xb6, 0xb6, 0xb4, 0xb6, 0xb3, 0xb4, 0xb4, 0xb4, 0xb4, 0xb4, 0xb3, 0xb2, 0xb2, 0xb2, 0xb2, 0xb2, 0xb2, 0xb2, 0xb1, 0xb2, 0xb1, 0xb3, 0xb1, 0xb3, 0xb2, 0xb3, 0xb2, 0xb2, 0xb2, 0xb3, 0xb1, 0xb3, 0xb2, 0xb1, 0x4e, 0x8f, 0x86, 0x87, 0x8b, 0x8a, 0x8a, 0x8a, 0x8a, 0x86, 0x86, 0x89, 0x83, 0x83, 0x81, 0x82, 0x92, 0x90, 0x8e, 0x93, 0x98, 0x98, 0x96, 0x8d, 0x8d, 0x8c, 0x8c, 0x8c, 0x8c, 0x8c, 0x8e, 0x88, 0x7c, 0x98, 0xc7, 0x38, 0xe6, 0xd7, 0xd2, 0xc4, 0xaf, 0xaa, 0x36, 0x35, 0x49, 0xcf, 0xce, 0x00, 0xd6, 0xd6, 0x78, 0xd4, 0xeb, 0xea, 0x9b, 0x85, 0x6c, 0x4a, 0xbf, 0xc2, 0xac, 0xac, 0x35, 0xab, 0xab, 0xab, 0xaa, 0xab, 0xaa, 0xab, 0xaa, 0xab, 0xaa, 0xaa, 0xaa, 0xaa, 0xa9, 0xa9, 0xa9, 0xaa, 0xaa, 0xa9, 0xaf, 0xc5, 0xd5, 0x7e, 0xca, 0xc8, 0x4e, 0xe6, 0x92, 0x92, 0xd5, 0x62, 0xca, 0xc8, 0xc6, 0xc7, 0xd3, 0xe9, 0xd6, 0xd6, 0xc5, 0xa4, 0xa8, 0xa7, 0xa5, 0xb4, 0x70, 0x6e, 0x6a, 0x69, 0x69, 0x66, 0x69, 0x6c, 0x6c, 0x69, 0x6c, 0x69, 0x75, 0xe6, 0xe5, 0xe8, 0xd5, 0xe5, 0xe8, 0xe3, 0xef, 0xef, 0xef, 0xee, 0xee, 0xb3, 0x2c, 0xd2, 0xde, 0xb6, 0xe4, 0xdc, 0xa5, 0xa5, 0xce, 0x67, 0x65, 0x67, 0x67, 0x67, 0x67, 0x67, 0x65, 0x65, 0x65, 0x65, 0x5f, 0x5b, 0x5f, 0x5f, 0x59, 0x5b, 0x59, 0x5b, 0x59, 0x5b, 0x59, 0x59, 0x59, 0x5e, 0x56, 0x5e, 0x56, 0x56, 0x53, 0x53, 0x53, 0x53, 0x52, 0x53, 0x52, 0x53, 0x52, 
  0x8f, 0x8f, 0x8f, 0x8f, 0x8f, 0x8f, 0x8f, 0x8f, 0x8f, 0x8f, 0x8f, 0x8b, 0x8f, 0x8b, 0x8b, 0x8b, 0x8b, 0x8b, 0x8a, 0x94, 0x51, 0xe4, 0xbf, 0xb5, 0xb7, 0xb5, 0xb6, 0xb4, 0xb3, 0xb4, 0xb4, 0xb4, 0xb4, 0xb4, 0xb2, 0xb2, 0xb2, 0xb2, 0xb2, 0xb2, 0xb2, 0xb2, 0xb2, 0xb1, 0xb2, 0xb1, 0xb1, 0xb1, 0xb1, 0xb1, 0xb1, 0xb0, 0xb1, 0xb2, 0xb1, 0xb2, 0xb1, 0xb2, 0xb1, 0x4e, 0x8f, 0x86, 0x86, 0x8a, 0x8a, 0x8a, 0x86, 0x8a, 0x86, 0x8a, 0x86, 0x86, 0x83, 0x82, 0x87, 0x92, 0x92, 0x91, 0x93, 0x98, 0x98, 0x98, 0x8d, 0x8c, 0x8d, 0x92, 0x92, 0x8e, 0x92, 0x8c, 0x88, 0x85, 0x93, 0xc5, 0xaa, 0xbf, 0xd7, 0xce, 0x38, 0x36, 0x36, 0x36, 0xa9, 0x4e, 0x96, 0xd4, 0x78, 0xd6, 0xd4, 0x6c, 0xd3, 0xea, 0xd7, 0xe9, 0x9b, 0x4e, 0xc7, 0xc0, 0xb4, 0x38, 0x35, 0x35, 0xab, 0xab, 0xab, 0xab, 0xab, 0xab, 0xaa, 0xaa, 0xaa, 0xaa, 0xaa, 0xaa, 0xa9, 0xaa, 0xaa, 0xa9, 0xa9, 0xaa, 0xab, 0x3e, 0xcb, 0xd5, 0xc8, 0xc8, 0x67, 0xd6, 0x97, 0xe9, 0xe9, 0xd6, 0xeb, 0xd4, 0xca, 0xc7, 0xc7, 0xc8, 0xd4, 0xd7, 0xe9, 0xe9, 0xad, 0xa4, 0xa5, 0xa5, 0xad, 0xca, 0x74, 0x69, 0x69, 0x69, 0x69, 0x69, 0x6c, 0x6c, 0x69, 0x6c, 0x69, 0x75, 0xe8, 0xe5, 0xe8, 0xe8, 0xd2, 0xe7, 0xf7, 0xef, 0xef, 0xef, 0xef, 0xee, 0xdd, 0xab, 0xe1, 0xe4, 0xab, 0xcf, 0xdb, 0xa4, 0xa5, 0xcc, 0x6d, 0x5e, 0x67, 0x5e, 0x67, 0x65, 0x67, 0x65, 0x65, 0x5f, 0x65, 0x5f, 0x5f, 0x5b, 0x5f, 0x5b, 0x59, 0x5b, 0x5d, 0x5b, 0x5d, 0x5b, 0x59, 0x59, 0x59, 0x5e, 0x56, 0x59, 0x56, 0x53, 0x53, 0x53, 0x54, 0x53, 0x52, 0x53, 0x52, 0x54, 
  0x8f, 0x8f, 0x8f, 0x8f, 0x8f, 0x8f, 0x8f, 0x8f, 0x8f, 0x8f, 0x8b, 0x8f, 0x8b, 0x8f, 0x8a, 0x8b, 0x8b, 0x8b, 0x8a, 0x94, 0xcf, 0x57, 0x40, 0xb5, 0xb7, 0xb6, 0xb5, 0xb3, 0xb4, 0xb3, 0xb4, 0xb4, 0xb4, 0xb4, 0xb2, 0xb4, 0xb2, 0xb2, 0xb2, 0xb2, 0xb2, 0xb2, 0xb2, 0xb1, 0xb1, 0xb2, 0xb1, 0xb1, 0xb1, 0xb1, 0xb2, 0xb2, 0xb0, 0xb1, 0xb1, 0xb1, 0xb1, 0xb3, 0xb1, 0x4e, 0x8f, 0x86, 0x87, 0x8a, 0x8a, 0x8a, 0x8a, 0x86, 0x8a, 0x86, 0x8b, 0x86, 0x89, 0x82, 0x87, 0x92, 0x92, 0x91, 0x93, 0x9a, 0x98, 0x95, 0x8e, 0x8d, 0x8c, 0x92, 0x8c, 0x92, 0x8e, 0x8e, 0x88, 0x80, 0x92, 0xbe, 0x38, 0xad, 0x56, 0xc0, 0xa9, 0x36, 0x36, 0x38, 0x36, 0xce, 0x96, 0x7c, 0xd3, 0x92, 0xe8, 0x6c, 0x75, 0x92, 0xeb, 0xe9, 0xd7, 0x48, 0xb0, 0xc4, 0xa9, 0x35, 0xac, 0xab, 0xab, 0xab, 0xab, 0xaa, 0xab, 0xaa, 0xab, 0xaa, 0xab, 0xaa, 0xaa, 0xaa, 0xaa, 0xaa, 0xa9, 0xa9, 0xaa, 0xaa, 0xab, 0xb1, 0x57, 0xdf, 0xc4, 0xcf, 0x85, 0x7e, 0xe9, 0xe9, 0xe9, 0xe9, 0xd5, 0x92, 0xd3, 0xc8, 0xc8, 0xc4, 0xcb, 0xe9, 0xea, 0xe9, 0x00, 0xc2, 0x3e, 0x2c, 0xd9, 0xb9, 0xd3, 0x69, 0x69, 0x69, 0x66, 0x69, 0x6c, 0x6c, 0x6c, 0x69, 0x6a, 0x7c, 0xe6, 0xe5, 0xe9, 0xe8, 0xd2, 0xe7, 0xe8, 0xf1, 0xf0, 0xed, 0xef, 0xef, 0xdd, 0x30, 0xdf, 0xe7, 0xb1, 0xc1, 0xe1, 0xa5, 0xa4, 0x48, 0x6d, 0x65, 0x67, 0x67, 0x67, 0x67, 0x67, 0x65, 0x65, 0x65, 0x65, 0x5f, 0x5f, 0x5f, 0x5f, 0x59, 0x5b, 0x59, 0x5f, 0x59, 0x5f, 0x59, 0x59, 0x59, 0x59, 0x59, 0x5e, 0x56, 0x56, 0x53, 0x53, 0x53, 0x53, 0x52, 0x53, 0x52, 0x53, 0x52, 
  0x8f, 0x8f, 0x8f, 0x8f, 0x8f, 0x8f, 0x8f, 0x8f, 0x8f, 0x8f, 0x8f, 0x8b, 0x8b, 0x8b, 0x8b, 0x8b, 0x8b, 0x8b, 0x8b, 0x8e, 0xcf, 0x51, 0xbe, 0xb5, 0xb6, 0xb5, 0xb5, 0xb4, 0xb4, 0xb4, 0xb4, 0xb4, 0xb2, 0xb4, 0xb2, 0xb2, 0xb2, 0xb2, 0xb2, 0xb2, 0xb2, 0xb2, 0xb2, 0xb1, 0xb2, 0xb0, 0xb1, 0xb0, 0xb0, 0xb0, 0xb1, 0xb1, 0xb1, 0xb0, 0xb1, 0xb1, 0xb2, 0xb1, 0xb0, 0x4e, 0x8f, 0x82, 0x8a, 0x86, 0x8b, 0x8b, 0x8b, 0x8a, 0x8a, 0x8a, 0x8b, 0x8b, 0x86, 0x89, 0x8d, 0x92, 0x96, 0x91, 0x98, 0x9a, 0x98, 0x96, 0x8d, 0x8d, 0x8c, 0x8c, 0x8e, 0x8e, 0x8c, 0x8e, 0x88, 0x85, 0x84, 0xba, 0xae, 0xaa, 0xbf, 0xc0, 0xa9, 0x36, 0x36, 0x36, 0xa9, 0x4a, 0x92, 0x75, 0x62, 0x92, 0xd4, 0xd1, 0xd3, 0x97, 0xe9, 0xd6, 0xec, 0xc4, 0xaa, 0x38, 0x35, 0xac, 0x35, 0x35, 0x35, 0xab, 0xab, 0xab, 0xab, 0xab, 0xaa, 0xaa, 0xaa, 0xaa, 0xaa, 0xaa, 0xaa, 0xa9, 0xa9, 0xa9, 0xa9, 0xab, 0xa6, 0x40, 0xcb, 0xc2, 0xc0, 0xb8, 0xc2, 0x6d, 0xe9, 0x90, 0xe9, 0x90, 0xe9, 0x7c, 0x89, 0x4e, 0xc4, 0xc7, 0xc4, 0x56, 0xec, 0x7e, 0xe9, 0xc7, 0x40, 0xbe, 0x3e, 0xc2, 0x7c, 0x69, 0x69, 0x69, 0x6c, 0x69, 0x6c, 0x6c, 0x6c, 0x6c, 0x64, 0x7c, 0xe8, 0xe5, 0xea, 0xe6, 0xf2, 0xe7, 0xe7, 0xe7, 0xed, 0xda, 0xef, 0xef, 0xed, 0x3d, 0xc8, 0xe7, 0xde, 0xa5, 0x51, 0xbb, 0xa4, 0xcb, 0x6d, 0x65, 0x5e, 0x67, 0x65, 0x67, 0x65, 0x67, 0x65, 0x65, 0x65, 0x65, 0x65, 0x65, 0x5f, 0x5f, 0x59, 0x5f, 0x59, 0x59, 0x5e, 0x59, 0x59, 0x56, 0x59, 0x56, 0x53, 0x56, 0x56, 0x53, 0x53, 0x53, 0x53, 0x54, 0x54, 0x54, 0x54, 0x54, 
  0x8f, 0x94, 0x8f, 0x94, 0x8f, 0x94, 0x8f, 0x8f, 0x8f, 0x8f, 0x8b, 0x8f, 0x8b, 0x8f, 0x8b, 0x8f, 0x8b, 0x8f, 0x8f, 0x85, 0xcb, 0xd2, 0xbb, 0xb5, 0xb7, 0xb5, 0xb4, 0xb4, 0xb5, 0xb4, 0xb4, 0xb4, 0xb4, 0xb2, 0xb4, 0xb2, 0xb2, 0xb2, 0xb2, 0xb2, 0xb2, 0xb2, 0xb0, 0xb2, 0xb1, 0xb2, 0xb0, 0xb0, 0xb1, 0xb0, 0xb0, 0xb1, 0xb1, 0xb1, 0xb0, 0xb1, 0xb1, 0xb3, 0xae, 0x4e, 0x8f, 0x82, 0x86, 0x87, 0x86, 0x8b, 0x8b, 0x8a, 0x8a, 0x86, 0x8b, 0x8b, 0x8b, 0x89, 0x8d, 0x92, 0x92, 0x91, 0x98, 0x98, 0x98, 0x95, 0x8e, 0x8e, 0x8c, 0x8e, 0x8e, 0x8c, 0x8e, 0x8c, 0x88, 0x84, 0x78, 0xb7, 0xae, 0x38, 0xae, 0xba, 0xa9, 0x36, 0x35, 0x36, 0xa9, 0xc7, 0x92, 0xd3, 0xd3, 0xd4, 0x92, 0xd4, 0x85, 0x9b, 0xd3, 0xe9, 0xe9, 0xb7, 0x37, 0x36, 0xac, 0xac, 0x35, 0x35, 0x35, 0xab, 0xaa, 0xab, 0xaa, 0xab, 0xaa, 0xab, 0xaa, 0xaa, 0xaa, 0xaa, 0xaa, 0xa9, 0xa9, 0xa9, 0xa9, 0xa9, 0xab, 0xc1, 0x40, 0xc1, 0x35, 0xa4, 0xa4, 0xcf, 0xe9, 0x90, 0xe9, 0xe9, 0x97, 0x85, 0x76, 0x6c, 0xc6, 0xc6, 0xc4, 0xca, 0xd5, 0xe9, 0xe9, 0xc5, 0xa4, 0xa5, 0xa7, 0xc5, 0xd4, 0x64, 0x69, 0x6a, 0x69, 0x6c, 0x6c, 0x6c, 0x6c, 0x6c, 0x69, 0x7c, 0xe8, 0xe7, 0xea, 0xd2, 0xf2, 0xe5, 0xe7, 0xfa, 0xdc, 0xdb, 0xef, 0xef, 0xed, 0x42, 0x49, 0xd2, 0xe4, 0xab, 0xae, 0x1a, 0xa6, 0x48, 0x6d, 0x65, 0x67, 0x67, 0x67, 0x67, 0x67, 0x67, 0x67, 0x67, 0x67, 0x67, 0x65, 0x5e, 0x65, 0x59, 0x5f, 0x59, 0x5d, 0x59, 0x5e, 0x59, 0x59, 0x59, 0x54, 0x56, 0x56, 0x53, 0x56, 0x53, 0x53, 0x53, 0x53, 0x54, 0x54, 0x53, 0x52, 0x51, 
  0x8f, 0x8f, 0x8f, 0x8f, 0x8f, 0x8f, 0x8f, 0x8f, 0x8f, 0x8f, 0x8f, 0x8b, 0x8b, 0x8b, 0x8b, 0x8b, 0x8b, 0x8b, 0x94, 0x70, 0xdf, 0x2e, 0xba, 0xb5, 0xb6, 0xb4, 0xb5, 0xb4, 0xb4, 0xb4, 0xb4, 0xb4, 0xb2, 0xb4, 0xb2, 0xb2, 0xb2, 0xb2, 0xb2, 0xb2, 0xb2, 0xb2, 0xb2, 0xb2, 0xb1, 0xb2, 0xb1, 0xb0, 0xb0, 0xb0, 0xb0, 0xb1, 0xb0, 0xb1, 0xb0, 0xb1, 0xb1, 0xb1, 0xaf, 0xd0, 0x89, 0x86, 0x89, 0x86, 0x89, 0x86, 0x87, 0x86, 0x8a, 0x8b, 0x8b, 0x8b, 0x8b, 0x87, 0x8e, 0xd6, 0x91, 0x91, 0x98, 0x9a, 0x98, 0x98, 0x8e, 0x8e, 0x91, 0x90, 0x8c, 0x91, 0x8c, 0x8d, 0x84, 0x88, 0x70, 0xb3, 0xaf, 0xae, 0x38, 0xac, 0x35, 0x36, 0x36, 0x36, 0xa9, 0xba, 0xd4, 0xd1, 0xd3, 0xd1, 0xea, 0x92, 0xd6, 0x75, 0xd1, 0x92, 0xd2, 0x37, 0xac, 0x37, 0xac, 0xac, 0x35, 0x35, 0xab, 0x35, 0xab, 0xab, 0xab, 0xab, 0xaa, 0xaa, 0xaa, 0xaa, 0xaa, 0xaa, 0xaa, 0xa9, 0xa9, 0xa9, 0xa9, 0xa9, 0xad, 0xb1, 0xbe, 0xba, 0xa4, 0xa4, 0xa4, 0x1a, 0xe9, 0x90, 0xe9, 0xe9, 0xd6, 0x75, 0x72, 0x81, 0xca, 0xc4, 0xc6, 0xc0, 0x5e, 0x7e, 0xd7, 0x6d, 0x2c, 0xa7, 0xa8, 0xc7, 0x7c, 0x64, 0x66, 0x69, 0x6c, 0x6c, 0x6c, 0x6c, 0x6c, 0x6c, 0x69, 0x85, 0xd4, 0xe6, 0xfc, 0xe4, 0xf2, 0xf2, 0xf2, 0xe8, 0xd2, 0xd9, 0xdc, 0xda, 0x2d, 0x42, 0x46, 0xe4, 0xe7, 0xde, 0xa4, 0x3b, 0x40, 0x48, 0x73, 0x5e, 0x67, 0x5e, 0x67, 0x65, 0x67, 0x65, 0x67, 0x65, 0x67, 0x65, 0x65, 0x65, 0x5e, 0x5f, 0x59, 0x5f, 0x59, 0x5e, 0x59, 0x5e, 0x59, 0x56, 0x59, 0x56, 0x53, 0x56, 0x53, 0x56, 0x53, 0x53, 0x53, 0x52, 0x53, 0x52, 0x53, 0x52, 
  0x8f, 0x94, 0x8f, 0x94, 0x8f, 0x94, 0x8f, 0x8f, 0x8f, 0x8f, 0x8f, 0x8b, 0x8f, 0x8b, 0x8f, 0x8f, 0x8f, 0x8f, 0x95, 0x59, 0xdf, 0xd0, 0xbb, 0xb5, 0xb5, 0xb5, 0xb4, 0xb4, 0xb5, 0xb4, 0xb4, 0xb4, 0xb4, 0xb2, 0xb4, 0xb2, 0xb2, 0xb2, 0xb2, 0xb2, 0xb2, 0xb2, 0xb0, 0xb2, 0xb1, 0xb2, 0xb0, 0xb0, 0xb1, 0xb0, 0xb0, 0xaf, 0xb1, 0xaf, 0xb1, 0xb1, 0xb1, 0xb2, 0xaf, 0x55, 0x87, 0x82, 0x89, 0x87, 0x86, 0x87, 0x89, 0x8a, 0x8a, 0x8b, 0x8b, 0x8b, 0x8b, 0x94, 0x92, 0x96, 0x90, 0x91, 0x96, 0x98, 0x98, 0x98, 0x8d, 0x91, 0x92, 0x91, 0x92, 0x92, 0x91, 0x88, 0x84, 0x8d, 0x62, 0xb2, 0xae, 0x38, 0xad, 0x38, 0x38, 0x35, 0x36, 0xac, 0x36, 0xaf, 0x64, 0xd1, 0xd1, 0xcd, 0xd1, 0xe7, 0xd1, 0xcd, 0xd1, 0xd4, 0xc8, 0xa8, 0x36, 0x38, 0x35, 0xac, 0xac, 0x35, 0x35, 0xab, 0xaa, 0xab, 0xaa, 0xab, 0xaa, 0xab, 0xaa, 0xaa, 0xaa, 0xaa, 0xaa, 0xa9, 0xa9, 0xa9, 0xa9, 0xa9, 0xa8, 0xaa, 0xc4, 0xac, 0xa4, 0xa4, 0xa4, 0x51, 0x90, 0x9c, 0xd6, 0xd6, 0xd6, 0x7c, 0x76, 0x81, 0x4a, 0x43, 0xc6, 0xbf, 0xce, 0x7e, 0xe9, 0xd7, 0x3e, 0xa5, 0xa8, 0xc8, 0x80, 0x64, 0x69, 0x69, 0x6c, 0x69, 0x6c, 0x6c, 0x6c, 0x6c, 0x69, 0x87, 0xd4, 0xe8, 0xe7, 0xf2, 0xf2, 0xf2, 0xe7, 0xf2, 0xfc, 0xbf, 0xa4, 0xa4, 0xa5, 0x36, 0x3d, 0xd2, 0xe4, 0xe7, 0x3e, 0xa4, 0x30, 0xcf, 0x67, 0x5e, 0x67, 0x67, 0x67, 0x67, 0x67, 0x67, 0x67, 0x67, 0x67, 0x65, 0x67, 0x5e, 0x65, 0x59, 0x5f, 0x59, 0x5d, 0x59, 0x5e, 0x59, 0x59, 0x59, 0x54, 0x56, 0x56, 0x53, 0x56, 0x53, 0x53, 0x53, 0x53, 0x54, 0x52, 0x53, 0x52, 0x53, 
  0x8f, 0x8f, 0x8f, 0x8f, 0x8f, 0x8f, 0x8f, 0x8f, 0x8f, 0x8f, 0x8f, 0x8f, 0x8a, 0x8f, 0x8b, 0x8f, 0x8b, 0x8b, 0x95, 0xd0, 0xde, 0xd0, 0xb8, 0xb5, 0xb5, 0xb5, 0xb4, 0xb4, 0xb4, 0xb4, 0xb4, 0xb4, 0xb2, 0xb4, 0xb2, 0xb2, 0xb2, 0xb2, 0xb2, 0xb2, 0xb2, 0xb2, 0xb2, 0xb2, 0xb1, 0xb2, 0xb1, 0xb0, 0xb0, 0xb0, 0xb0, 0xb0, 0xb0, 0xb0, 0xaf, 0xb1, 0xb1, 0xb0, 0xb0, 0x62, 0x82, 0x89, 0x82, 0x89, 0x89, 0x89, 0x89, 0x8b, 0x8a, 0x8b, 0x8b, 0x8a, 0x8b, 0x8d, 0x92, 0x92, 0x90, 0x8e, 0x98, 0x98, 0x9a, 0x95, 0x91, 0x8e, 0x91, 0x92, 0x93, 0x92, 0x92, 0x8e, 0x84, 0x93, 0x4e, 0xaf, 0xae, 0xad, 0x38, 0xac, 0x36, 0x35, 0x36, 0x35, 0x36, 0xa9, 0x4a, 0xd1, 0xcd, 0xcd, 0xc3, 0xc3, 0xc3, 0xbe, 0xbe, 0xd1, 0xb4, 0xa9, 0x37, 0x36, 0xac, 0x35, 0xac, 0x35, 0xab, 0x35, 0xab, 0xab, 0xab, 0xab, 0xaa, 0xaa, 0xaa, 0xaa, 0xaa, 0xaa, 0xaa, 0xa9, 0xa9, 0xa9, 0xa9, 0xa9, 0xa8, 0x38, 0xaf, 0xa7, 0xa4, 0xa4, 0xc2, 0xe6, 0x90, 0x73, 0x92, 0xd6, 0xe9, 0xd5, 0x82, 0x85, 0xc8, 0xc0, 0xc4, 0xbf, 0xc6, 0x90, 0xd6, 0xa3, 0xcb, 0xa5, 0xab, 0x48, 0x75, 0x64, 0x69, 0x6c, 0x69, 0x6c, 0x6c, 0x6c, 0x6c, 0x6c, 0x69, 0x87, 0x92, 0xd4, 0xe4, 0xf2, 0xf2, 0xf2, 0xf2, 0xe7, 0xe7, 0xe5, 0xa8, 0xa5, 0x34, 0xa4, 0xa6, 0xd0, 0xd2, 0xe5, 0xe6, 0x40, 0x3e, 0x67, 0x5e, 0x67, 0x67, 0x5e, 0x67, 0x65, 0x67, 0x65, 0x67, 0x65, 0x67, 0x65, 0x65, 0x65, 0x5e, 0x5f, 0x59, 0x5f, 0x59, 0x5e, 0x59, 0x5e, 0x59, 0x56, 0x59, 0x56, 0x53, 0x56, 0x53, 0x56, 0x53, 0x53, 0x53, 0x54, 0x53, 0x54, 0x53, 0x52, 
  0x8f, 0x94, 0x8f, 0x94, 0x8f, 0x94, 0x8f, 0x94, 0x8f, 0x94, 0x8f, 0x8f, 0x8f, 0x8f, 0x8f, 0x8f, 0x94, 0x8f, 0x95, 0x4e, 0xdf, 0xcf, 0xb7, 0xb5, 0xb5, 0xb5, 0xb4, 0xb4, 0xb4, 0xb4, 0xb4, 0xb2, 0xb4, 0xb2, 0xb2, 0xb2, 0xb2, 0xb2, 0xb2, 0xb2, 0xb2, 0xb2, 0xb1, 0xb0, 0xb1, 0xb0, 0xb0, 0xb0, 0xb1, 0xb0, 0xaf, 0xaf, 0xaf, 0xaf, 0xb0, 0xb1, 0xb0, 0xb1, 0xb2, 0x66, 0x82, 0x82, 0x82, 0x82, 0x86, 0x86, 0x8a, 0x89, 0x8b, 0x8b, 0x8b, 0x8b, 0x8b, 0x8d, 0x96, 0x92, 0x91, 0x90, 0x98, 0x9a, 0x9a, 0x93, 0x8e, 0x95, 0x92, 0x92, 0x92, 0x92, 0x92, 0x8c, 0x87, 0x93, 0x4e, 0xaf, 0xae, 0x38, 0xad, 0x38, 0xac, 0x35, 0x36, 0x35, 0x36, 0xa9, 0xb8, 0xd1, 0xcd, 0xc9, 0xc3, 0xc3, 0xc3, 0xd9, 0xaa, 0xcb, 0xa9, 0x36, 0xac, 0x35, 0x35, 0x35, 0x35, 0xab, 0x35, 0xab, 0xaa, 0xab, 0xaa, 0xab, 0xaa, 0xab, 0xaa, 0xaa, 0xaa, 0xa9, 0xaa, 0xa9, 0xa9, 0xa9, 0xa9, 0xa9, 0xa9, 0xa9, 0x34, 0xb2, 0x48, 0xcb, 0x5e, 0xd6, 0xd3, 0x62, 0xd3, 0xd6, 0xe9, 0xe9, 0xd5, 0x92, 0xb8, 0x35, 0xc0, 0xc4, 0xbe, 0x59, 0xd6, 0xd6, 0x7e, 0xa8, 0xa6, 0xcb, 0x7c, 0x64, 0x6c, 0x6c, 0x6c, 0x6c, 0x6c, 0x6c, 0x6c, 0x6c, 0x69, 0x85, 0x8c, 0xd5, 0xe5, 0xf1, 0xf2, 0xf2, 0xf2, 0xf2, 0xe5, 0xfc, 0xc2, 0xa4, 0xa5, 0xa5, 0xa5, 0xcc, 0xe5, 0xe5, 0x00, 0x7e, 0x7e, 0x67, 0x67, 0x67, 0x67, 0x67, 0x67, 0x67, 0x67, 0x67, 0x65, 0x67, 0x65, 0x65, 0x5e, 0x5f, 0x59, 0x5f, 0x5f, 0x59, 0x5f, 0x59, 0x5f, 0x59, 0x59, 0x59, 0x59, 0x56, 0x59, 0x54, 0x59, 0x53, 0x56, 0x53, 0x56, 0x53, 0x53, 0x53, 0x53, 0x53, 
  0x94, 0x8f, 0x94, 0x8f, 0x8f, 0x8f, 0x8f, 0x8f, 0x94, 0x8f, 0x8f, 0x8f, 0x8f, 0x8f, 0x8f, 0x8f, 0x8f, 0x8b, 0x98, 0xce, 0xdf, 0xcf, 0xb7, 0xb5, 0xb5, 0xb5, 0xb4, 0xb4, 0xb4, 0xb4, 0xb4, 0xb4, 0xb4, 0xb2, 0xb2, 0xb2, 0xb3, 0xb2, 0xb2, 0xb2, 0xb2, 0xb2, 0xb0, 0xb1, 0xb0, 0xb0, 0xb0, 0xaf, 0xb0, 0xaf, 0xaf, 0xaf, 0xaf, 0xb0, 0xb0, 0xb0, 0xb1, 0xaf, 0xb7, 0x75, 0x7a, 0x81, 0x83, 0x86, 0x82, 0x86, 0x86, 0x89, 0x8a, 0x89, 0x8b, 0x8b, 0x86, 0x8d, 0x92, 0x92, 0x91, 0x96, 0x98, 0x9a, 0x9a, 0x95, 0x91, 0x95, 0x91, 0x92, 0x92, 0x96, 0x92, 0x8e, 0x80, 0x95, 0xcc, 0xaf, 0xae, 0x38, 0xad, 0xac, 0x38, 0x39, 0xaa, 0x36, 0x37, 0x36, 0x35, 0x4a, 0xcd, 0xc3, 0xc3, 0xc3, 0xc3, 0xc3, 0xcb, 0xb4, 0xaa, 0xac, 0x35, 0x36, 0x35, 0xac, 0x35, 0x35, 0xab, 0xab, 0xab, 0xab, 0xab, 0xab, 0xaa, 0xaa, 0xaa, 0xaa, 0xa9, 0xaa, 0xa9, 0xa9, 0xa9, 0xa9, 0xa9, 0xa9, 0xa9, 0xa9, 0xa8, 0xb3, 0xd4, 0x00, 0xd4, 0xd5, 0x62, 0x62, 0x62, 0xd6, 0xe9, 0xe9, 0xd5, 0x8c, 0xb2, 0xa4, 0x35, 0xc0, 0xbe, 0xce, 0x97, 0xe9, 0xe9, 0xcf, 0x3b, 0xcc, 0x7c, 0x6a, 0x6c, 0x6c, 0x6c, 0x6c, 0x6c, 0x6c, 0x6c, 0x69, 0x6c, 0x85, 0x92, 0x85, 0xd2, 0xf2, 0xf2, 0xf2, 0xf2, 0xe5, 0xf2, 0xe7, 0xe5, 0xa8, 0x34, 0xa5, 0xa4, 0x1c, 0xe5, 0xd2, 0xe6, 0x5e, 0x5e, 0x65, 0x67, 0x67, 0x67, 0x67, 0x67, 0x67, 0x67, 0x67, 0x65, 0x65, 0x65, 0x65, 0x65, 0x5f, 0x59, 0x5f, 0x59, 0x5f, 0x59, 0x5f, 0x59, 0x5f, 0x59, 0x56, 0x59, 0x59, 0x54, 0x59, 0x54, 0x56, 0x53, 0x56, 0x53, 0x53, 0x53, 0x53, 0x53, 0x53, 
  0x8f, 0x94, 0x8f, 0x94, 0x8f, 0x94, 0x8f, 0x94, 0x8f, 0x94, 0x8f, 0x8f, 0x8f, 0x8f, 0x8f, 0x8f, 0x94, 0x8f, 0x98, 0x4a, 0xdf, 0xce, 0xb5, 0xb5, 0xb5, 0xb5, 0xb4, 0xb4, 0xb4, 0xb4, 0xb4, 0xb2, 0xb4, 0xb2, 0xb2, 0xb2, 0xb2, 0xb2, 0xb2, 0xb2, 0xb2, 0xb2, 0xb1, 0xb0, 0xb0, 0xb1, 0xb0, 0xb0, 0xb0, 0xaf, 0xaf, 0xaf, 0xaf, 0xaf, 0xb0, 0xb1, 0xb1, 0xae, 0xba, 0x80, 0x7a, 0x82, 0x82, 0x83, 0x86, 0x82, 0x86, 0x86, 0x86, 0x86, 0x86, 0x8a, 0x89, 0x8d, 0x96, 0x92, 0x91, 0x96, 0x9d, 0x98, 0x9d, 0x91, 0x8e, 0x95, 0x90, 0x92, 0x92, 0x92, 0x92, 0x8c, 0x84, 0x93, 0xcc, 0x38, 0xaf, 0xad, 0x38, 0xab, 0xba, 0xba, 0x36, 0xaa, 0x35, 0x37, 0xa9, 0xb0, 0x4e, 0xc3, 0xc3, 0xbd, 0xc3, 0xc9, 0xbe, 0xa9, 0x38, 0xac, 0xac, 0x35, 0x35, 0x35, 0x35, 0xab, 0xab, 0xab, 0xab, 0xaa, 0xab, 0xaa, 0xab, 0xaa, 0xab, 0xaa, 0xaa, 0xa9, 0xa9, 0xa9, 0xa9, 0xa9, 0xa9, 0xa9, 0xa9, 0xa9, 0xa7, 0xaf, 0x7e, 0xd5, 0xe6, 0xd5, 0xd3, 0xd1, 0x75, 0xea, 0x78, 0xe8, 0xe9, 0x67, 0x35, 0x34, 0x34, 0x38, 0xbf, 0x4a, 0xd6, 0xd5, 0xd6, 0x6d, 0xb9, 0xce, 0x7c, 0x6a, 0x69, 0x6c, 0x6c, 0x6c, 0x6c, 0x6c, 0x6c, 0x6c, 0x69, 0x85, 0x92, 0x7c, 0xcb, 0xd3, 0xf2, 0xf2, 0xf2, 0xf2, 0xf2, 0xf2, 0xf7, 0xde, 0xa4, 0xa6, 0xa4, 0xc8, 0xe8, 0xe4, 0xe6, 0x65, 0x67, 0x65, 0x67, 0x67, 0x67, 0x67, 0x67, 0x67, 0x67, 0x67, 0x65, 0x67, 0x65, 0x65, 0x5d, 0x5f, 0x5e, 0x5b, 0x5f, 0x59, 0x5f, 0x59, 0x5f, 0x59, 0x59, 0x59, 0x59, 0x56, 0x59, 0x56, 0x59, 0x53, 0x56, 0x53, 0x56, 0x53, 0x53, 0x53, 0x53, 0x53, 
  0x94, 0x8f, 0x94, 0x8f, 0x8f, 0x8f, 0x8f, 0x8f, 0x94, 0x8f, 0x8f, 0x8f, 0x8f, 0x8f, 0x8f, 0x8f, 0x8f, 0x8f, 0x9d, 0xca, 0xdf, 0xce, 0xb5, 0xb5, 0xb5, 0xb5, 0xb4, 0xb4, 0xb4, 0xb4, 0xb4, 0xb4, 0xb4, 0xb2, 0xb2, 0xb2, 0xb2, 0xb2, 0xb2, 0xb2, 0xb2, 0xb2, 0xb0, 0xb0, 0xb0, 0xb0, 0xb0, 0xaf, 0xb0, 0xaf, 0xaf, 0xaf, 0xaf, 0xaf, 0xb0, 0xb1, 0xb0, 0x38, 0xbe, 0x87, 0x7a, 0x81, 0x82, 0x86, 0x82, 0x82, 0x86, 0x86, 0x86, 0x86, 0x86, 0x86, 0x86, 0x8d, 0x92, 0x92, 0x91, 0x96, 0x9a, 0x9a, 0x9a, 0x95, 0x91, 0x95, 0x93, 0x92, 0x96, 0x92, 0x92, 0x8e, 0x84, 0x95, 0x48, 0xae, 0xae, 0x38, 0xad, 0xac, 0xad, 0x35, 0x35, 0xb7, 0xb5, 0xaa, 0x3b, 0xba, 0xcb, 0x78, 0xcd, 0xe1, 0xd1, 0xc6, 0xa9, 0xac, 0xac, 0xac, 0xac, 0xac, 0x35, 0xac, 0xac, 0xab, 0xab, 0xab, 0xab, 0xab, 0xab, 0xab, 0xaa, 0xaa, 0xaa, 0xaa, 0xa9, 0xa9, 0xa9, 0xa9, 0xa9, 0xa9, 0xa9, 0xa9, 0xa9, 0xa9, 0xa9, 0xad, 0xd3, 0xd4, 0xd1, 0xd4, 0xd3, 0xd3, 0xd4, 0x92, 0xd1, 0x7c, 0x92, 0xcf, 0x34, 0xa6, 0x34, 0x34, 0x3d, 0xce, 0xe9, 0xe9, 0x2b, 0xab, 0xa6, 0x4e, 0x75, 0x64, 0x6c, 0x6c, 0x6c, 0x6c, 0x6c, 0x6c, 0x6c, 0x69, 0x6c, 0x85, 0x93, 0x75, 0xc6, 0x4e, 0xf2, 0xe4, 0xf2, 0xf2, 0xf2, 0xf2, 0xe5, 0xe7, 0xae, 0xa4, 0xa4, 0xcb, 0xeb, 0xe4, 0xe6, 0x5e, 0x67, 0x65, 0x65, 0x67, 0x67, 0x67, 0x67, 0x67, 0x67, 0x67, 0x67, 0x5e, 0x67, 0x65, 0x5e, 0x5f, 0x59, 0x5f, 0x59, 0x5f, 0x59, 0x5f, 0x59, 0x5f, 0x59, 0x56, 0x59, 0x59, 0x54, 0x59, 0x54, 0x56, 0x53, 0x56, 0x53, 0x53, 0x53, 0x53, 0x53, 0x53, 
  0x8f, 0x94, 0x8f, 0x94, 0x8f, 0x94, 0x8f, 0x94, 0x8f, 0x94, 0x8f, 0x94, 0x8f, 0x94, 0x8f, 0x8f, 0x94, 0x8f, 0x9d, 0xc8, 0xdf, 0xcc, 0xb6, 0xb5, 0xb5, 0xb5, 0xb4, 0xb4, 0xb4, 0xb4, 0xb4, 0xb2, 0xb4, 0xb2, 0xb2, 0xb2, 0xb2, 0xb2, 0xb2, 0xb2, 0xb2, 0xb2, 0xb0, 0xb0, 0xb0, 0xb0, 0xaf, 0xb0, 0xaf, 0x39, 0xaf, 0xaf, 0xaf, 0xaf, 0xb0, 0xaf, 0xb1, 0x38, 0xc4, 0x89, 0x7a, 0x82, 0x82, 0x83, 0x86, 0x82, 0x86, 0x86, 0x86, 0x86, 0x86, 0x83, 0x89, 0x8d, 0x92, 0x92, 0x93, 0x9b, 0x98, 0x9a, 0x98, 0x91, 0x8e, 0x95, 0x90, 0x92, 0x92, 0x96, 0x92, 0x8e, 0x84, 0x93, 0xc8, 0x38, 0xae, 0xae, 0x38, 0xae, 0xac, 0xad, 0xac, 0xb4, 0xae, 0xac, 0xaf, 0x3b, 0xb5, 0xb7, 0xbb, 0xba, 0xba, 0xb7, 0xac, 0xac, 0x36, 0xac, 0xac, 0x35, 0x35, 0xac, 0xab, 0xab, 0xab, 0xab, 0xab, 0xaa, 0xab, 0xaa, 0xab, 0xaa, 0xab, 0xaa, 0xaa, 0xa9, 0xa9, 0xa9, 0xa9, 0xa9, 0xa9, 0xa9, 0xa8, 0xa9, 0xa9, 0xa9, 0x55, 0x62, 0xd1, 0xd3, 0xe8, 0xd4, 0xea, 0x62, 0xd1, 0xd1, 0x92, 0xc2, 0xa4, 0x34, 0x34, 0x34, 0xa9, 0xcc, 0xd5, 0x00, 0xad, 0xa5, 0xad, 0xd0, 0x70, 0x6a, 0x69, 0x6c, 0x6c, 0x6c, 0x6c, 0x69, 0x6c, 0x69, 0x6c, 0x85, 0x93, 0xd3, 0xc6, 0x4a, 0xe8, 0xf2, 0xf2, 0xf2, 0xf2, 0xf2, 0xf2, 0xe7, 0xe1, 0xa4, 0xa5, 0x2b, 0xeb, 0xe5, 0xe6, 0x6d, 0x65, 0x65, 0x65, 0x67, 0x67, 0x67, 0x67, 0x67, 0x67, 0x67, 0x65, 0x67, 0x65, 0x5e, 0x5f, 0x5d, 0x5f, 0x59, 0x5f, 0x59, 0x5f, 0x59, 0x5f, 0x59, 0x59, 0x59, 0x59, 0x54, 0x59, 0x56, 0x56, 0x53, 0x56, 0x53, 0x53, 0x53, 0x53, 0x53, 0x53, 0x53, 
  0x8f, 0x94, 0x8f, 0x94, 0x8f, 0x8f, 0x8f, 0x8f, 0x8f, 0x94, 0x8f, 0x94, 0x94, 0x94, 0x8f, 0x8f, 0x8f, 0x8f, 0x95, 0xbf, 0xdf, 0xce, 0xb5, 0xb5, 0xb5, 0xb5, 0xb4, 0xb4, 0xb4, 0xb4, 0xb2, 0xb4, 0xb2, 0xb2, 0xb2, 0xb4, 0xb2, 0xb4, 0xb2, 0xb2, 0xb0, 0xb2, 0xb0, 0xb1, 0xb0, 0xb0, 0xaf, 0xaf, 0xaf, 0xaf, 0xb0, 0xaf, 0xb0, 0xaf, 0xb0, 0xaf, 0xb2, 0xad, 0xc7, 0x85, 0x7a, 0x82, 0x81, 0x82, 0x83, 0x83, 0x86, 0x86, 0x86, 0x86, 0x83, 0x8a, 0x83, 0x93, 0x92, 0x93, 0x93, 0x96, 0x98, 0x98, 0x98, 0x91, 0x8e, 0x91, 0x93, 0x96, 0x96, 0x92, 0x8c, 0x88, 0x80, 0x8e, 0xc7, 0xae, 0xae, 0xae, 0xad, 0xad, 0xad, 0xad, 0xad, 0x35, 0xad, 0xad, 0xad, 0xab, 0xab, 0xab, 0xaa, 0xaa, 0xaa, 0x35, 0xac, 0xac, 0x35, 0xac, 0x35, 0x35, 0x35, 0xab, 0xac, 0xab, 0xab, 0xab, 0xab, 0xaa, 0xab, 0xaa, 0xaa, 0xaa, 0xaa, 0xa9, 0xaa, 0xa9, 0xaa, 0xa9, 0xa9, 0xa9, 0xa9, 0xa8, 0xa9, 0xa9, 0xaa, 0xa6, 0x4a, 0xd1, 0xcd, 0xcd, 0xe8, 0xe8, 0xd1, 0xcd, 0xd1, 0xcd, 0xd4, 0x2f, 0x34, 0x34, 0x34, 0x34, 0xa4, 0x48, 0xd5, 0xb3, 0xa4, 0xa7, 0xae, 0xd0, 0x6f, 0x69, 0x6c, 0x6c, 0x6c, 0x6c, 0x69, 0x69, 0x69, 0x69, 0x6f, 0x85, 0x9b, 0xce, 0xba, 0xce, 0xd4, 0xe5, 0xf2, 0xf2, 0xf2, 0xf2, 0xf2, 0xf2, 0xe7, 0xde, 0xc1, 0xe9, 0xea, 0xe8, 0xe6, 0x00, 0x65, 0x65, 0x67, 0x67, 0x67, 0x67, 0x67, 0x67, 0x67, 0x67, 0x65, 0x67, 0x65, 0x5f, 0x59, 0x5f, 0x59, 0x5f, 0x59, 0x5f, 0x59, 0x5e, 0x59, 0x56, 0x59, 0x54, 0x56, 0x56, 0x53, 0x53, 0x56, 0x53, 0x53, 0x53, 0x53, 0x53, 0x53, 0x53, 0x53, 0x53, 
  0x94, 0x8f, 0x94, 0x8f, 0x94, 0x8f, 0x94, 0x8f, 0x8f, 0x8f, 0x94, 0x8f, 0x94, 0x8f, 0x8f, 0x8f, 0x94, 0x94, 0x87, 0xbb, 0xde, 0xce, 0xb6, 0xb5, 0xb5, 0xb5, 0xb4, 0xb4, 0xb4, 0xb4, 0xb4, 0xb2, 0xb2, 0xb2, 0xb2, 0xb2, 0xb4, 0xb2, 0xb2, 0xb2, 0xb0, 0xb2, 0xb0, 0xb0, 0xb1, 0xb0, 0xaf, 0xaf, 0xaf, 0xaf, 0xb0, 0xb0, 0xb0, 0xb0, 0xaf, 0xaf, 0xb2, 0xac, 0xca, 0x89, 0x7a, 0x82, 0x81, 0x82, 0x7f, 0x83, 0x86, 0x86, 0x86, 0x86, 0x86, 0x86, 0x86, 0x8d, 0x96, 0x92, 0x96, 0x96, 0x98, 0x98, 0x98, 0x91, 0x8f, 0x91, 0x91, 0x96, 0x96, 0x92, 0x92, 0x88, 0x84, 0x8d, 0xc5, 0xaf, 0xae, 0xae, 0xad, 0xad, 0xad, 0xad, 0xad, 0xad, 0xad, 0xad, 0xad, 0xae, 0xad, 0xae, 0xae, 0xae, 0xad, 0xad, 0xac, 0xac, 0xac, 0x35, 0xac, 0x35, 0x35, 0x35, 0xab, 0xab, 0xab, 0xab, 0xab, 0xaa, 0xaa, 0xaa, 0xaa, 0xaa, 0xaa, 0xaa, 0xaa, 0xaa, 0xa9, 0xa9, 0xa9, 0xa8, 0xa9, 0xa8, 0xa9, 0xa8, 0xaa, 0x34, 0xc0, 0xd1, 0xc9, 0xc3, 0xc3, 0xc9, 0xc9, 0xcd, 0xc9, 0x4b, 0xe1, 0x34, 0x34, 0x34, 0x34, 0x34, 0x34, 0xcc, 0x3e, 0xa4, 0xa5, 0xa7, 0xae, 0xd2, 0x6f, 0x6c, 0x6c, 0x6c, 0x6c, 0x6c, 0x69, 0x66, 0x69, 0x69, 0x6f, 0x85, 0x9b, 0xcf, 0xd9, 0x4a, 0xe8, 0xe4, 0xe5, 0xf1, 0xf2, 0xf2, 0xf2, 0xf2, 0xf2, 0xf7, 0xe8, 0xe7, 0xd6, 0xea, 0xe6, 0x6d, 0x67, 0x63, 0x67, 0x67, 0x67, 0x67, 0x67, 0x67, 0x67, 0x67, 0x67, 0x67, 0x5e, 0x5f, 0x5f, 0x59, 0x5f, 0x59, 0x5f, 0x59, 0x5d, 0x59, 0x5e, 0x56, 0x59, 0x56, 0x59, 0x53, 0x56, 0x56, 0x53, 0x53, 0x53, 0x53, 0x53, 0x53, 0x53, 0x53, 0x53, 0x53, 
  0x8f, 0x94, 0x8f, 0x94, 0x8f, 0x8f, 0x8f, 0x94, 0x8f, 0x94, 0x8f, 0x94, 0x94, 0x94, 0x94, 0x8f, 0x8f, 0x95, 0x6f, 0xb9, 0xc6, 0xcf, 0xb7, 0xb5, 0xb5, 0xb5, 0xb4, 0xb4, 0xb4, 0xb4, 0xb2, 0xb4, 0xb2, 0xb2, 0xb2, 0xb2, 0xb2, 0xb4, 0xb2, 0xb2, 0xb0, 0xb2, 0xb0, 0xb0, 0xb1, 0xb0, 0xaf, 0xaf, 0xaf, 0xaf, 0xaf, 0xb0, 0xaf, 0xb0, 0xaf, 0xb0, 0xb0, 0x38, 0xcb, 0x8d, 0x7a, 0x81, 0x82, 0x82, 0x7f, 0x83, 0x82, 0x83, 0x86, 0x86, 0x86, 0x86, 0x86, 0x8d, 0x92, 0x93, 0x96, 0x96, 0x98, 0x98, 0x98, 0x91, 0x8e, 0x91, 0x93, 0x92, 0x9b, 0x92, 0x8c, 0x8c, 0x80, 0x92, 0xc0, 0xb1, 0xae, 0x38, 0xad, 0xad, 0xad, 0xad, 0xad, 0xad, 0xad, 0xad, 0xad, 0xad, 0xad, 0xad, 0xad, 0xad, 0xac, 0xac, 0xac, 0xac, 0xac, 0xac, 0xac, 0x35, 0x35, 0x35, 0x35, 0xab, 0xab, 0xab, 0xab, 0xaa, 0xab, 0xaa, 0xaa, 0xaa, 0xaa, 0xa9, 0xa9, 0xa9, 0xaa, 0xa9, 0xa9, 0xa9, 0xa8, 0xa9, 0xa8, 0xa9, 0xa9, 0xa7, 0xb0, 0xcd, 0xc9, 0xbd, 0xbd, 0xbd, 0xc3, 0xc9, 0xa5, 0xbe, 0xb7, 0xa4, 0x34, 0x34, 0x34, 0xa4, 0x37, 0xbb, 0xa4, 0xa5, 0xa5, 0xa6, 0xd9, 0x62, 0x6f, 0x69, 0x6c, 0x6c, 0x6c, 0x6c, 0x69, 0x69, 0x66, 0x69, 0x6c, 0x8d, 0x92, 0xe5, 0xe3, 0xe0, 0xd0, 0xce, 0xea, 0xe4, 0xf2, 0xf2, 0xf2, 0xf2, 0xf2, 0xf2, 0xe7, 0xe5, 0xe8, 0xea, 0xe6, 0x6d, 0x65, 0x65, 0x67, 0x67, 0x67, 0x67, 0x67, 0x67, 0x67, 0x67, 0x67, 0x65, 0x67, 0x5f, 0x59, 0x5f, 0x59, 0x5f, 0x59, 0x5f, 0x59, 0x5e, 0x59, 0x56, 0x59, 0x54, 0x59, 0x56, 0x56, 0x53, 0x56, 0x53, 0x53, 0x53, 0x53, 0x53, 0x53, 0x53, 0x53, 0x53, 
  0x94, 0x8f, 0x94, 0x8f, 0x94, 0x8f, 0x94, 0x8f, 0x8f, 0x8f, 0x94, 0x8f, 0x94, 0x8f, 0x94, 0x8f, 0x8f, 0x95, 0x55, 0xb6, 0xde, 0xce, 0xb7, 0xb5, 0xb4, 0xb5, 0xb4, 0xb4, 0xb4, 0xb4, 0xb4, 0xb2, 0xb2, 0xb2, 0xb2, 0xb2, 0xb4, 0xb2, 0xb2, 0xb2, 0xb0, 0xb2, 0xb0, 0xb1, 0xb0, 0xb0, 0xaf, 0xaf, 0xaf, 0xaf, 0xb0, 0xb0, 0xb0, 0xb0, 0xaf, 0xaf, 0xb2, 0xac, 0x4a, 0x89, 0x82, 0x7a, 0x82, 0x81, 0x83, 0x83, 0x86, 0x86, 0x86, 0x86, 0x86, 0x86, 0x86, 0x8d, 0x96, 0x93, 0x96, 0x96, 0x98, 0x98, 0x98, 0x91, 0x8f, 0x91, 0x91, 0x96, 0x96, 0x92, 0x92, 0x8c, 0x85, 0x7c, 0xc0, 0xb1, 0xae, 0x38, 0xad, 0xad, 0xad, 0xad, 0xad, 0xad, 0xad, 0xad, 0xad, 0xad, 0xad, 0xad, 0xad, 0xad, 0xad, 0xac, 0xac, 0xac, 0xac, 0xac, 0xac, 0x35, 0x35, 0x35, 0x35, 0xab, 0xab, 0xab, 0xab, 0xaa, 0xaa, 0xaa, 0xaa, 0xaa, 0xaa, 0xaa, 0xa9, 0xaa, 0xa9, 0xa9, 0xa9, 0xa8, 0xa9, 0xa8, 0xa9, 0xa9, 0xa9, 0xa9, 0xa7, 0xc8, 0xc9, 0xbd, 0xbd, 0xbd, 0xc3, 0xc3, 0xaf, 0x28, 0x34, 0x34, 0x34, 0x34, 0x34, 0x34, 0xa6, 0x34, 0xa4, 0xa6, 0xa5, 0xa7, 0xd9, 0xd3, 0x6e, 0x69, 0x6c, 0x6c, 0x6c, 0x6c, 0x69, 0x69, 0x69, 0x69, 0x6f, 0x8d, 0x92, 0xe3, 0xe3, 0xdd, 0xb9, 0x78, 0xe6, 0xe4, 0xf2, 0xf1, 0xf2, 0xf2, 0xf4, 0xe5, 0xe8, 0xe7, 0xe6, 0xea, 0xd5, 0x6d, 0x65, 0x63, 0x67, 0x67, 0x67, 0x67, 0x67, 0x67, 0x67, 0x67, 0x67, 0x67, 0x5e, 0x5f, 0x5f, 0x59, 0x5f, 0x59, 0x5f, 0x59, 0x5d, 0x59, 0x5e, 0x56, 0x59, 0x56, 0x59, 0x53, 0x56, 0x53, 0x56, 0x53, 0x53, 0x53, 0x53, 0x53, 0x53, 0x53, 0x53, 0x53, 
  0x8f, 0x8f, 0x94, 0x8f, 0x8f, 0x8f, 0x8f, 0x8f, 0x94, 0x8f, 0x94, 0x94, 0x94, 0x94, 0x8f, 0x8f, 0x8f, 0x98, 0x4a, 0xb6, 0xc4, 0xcf, 0xb7, 0xb5, 0xb5, 0xb5, 0xb4, 0xb4, 0xb4, 0xb4, 0xb2, 0xb4, 0xb2, 0xb2, 0xb2, 0xb2, 0xb2, 0xb2, 0xb2, 0xb2, 0xb0, 0xb2, 0xb0, 0xb1, 0xb0, 0xb0, 0xb0, 0xaf, 0xaf, 0xaf, 0xaf, 0xaf, 0xb0, 0xaf, 0xb0, 0xaf, 0xb1, 0x38, 0x4a, 0x8d, 0x7a, 0x82, 0x81, 0x82, 0x7f, 0x83, 0x83, 0x83, 0x86, 0x83, 0x83, 0x83, 0x86, 0x93, 0x97, 0x93, 0x96, 0x98, 0x98, 0x98, 0x98, 0x8e, 0x8e, 0x91, 0x92, 0x96, 0x96, 0x92, 0x8c, 0x88, 0x84, 0xd4, 0xbe, 0xb1, 0xae, 0xad, 0xae, 0xad, 0xad, 0xad, 0xae, 0xad, 0xad, 0xae, 0xae, 0xae, 0xad, 0xad, 0xad, 0xad, 0xac, 0xad, 0xac, 0xac, 0xac, 0xac, 0x35, 0x35, 0x35, 0x35, 0x35, 0xab, 0xab, 0xab, 0xab, 0xaa, 0xab, 0xaa, 0xaa, 0xaa, 0xaa, 0xa9, 0xa9, 0xa9, 0xa9, 0xa9, 0xa8, 0xa9, 0xa9, 0xa8, 0xa9, 0xa8, 0xa9, 0xa9, 0xa6, 0xb6, 0xcb, 0xbd, 0xbd, 0xbd, 0xbd, 0xc9, 0xcb, 0xa8, 0xa5, 0x34, 0x34, 0x34, 0x34, 0x34, 0x34, 0xa5, 0xa5, 0xa5, 0xa5, 0xa7, 0xb6, 0xd3, 0x69, 0x69, 0x69, 0x6c, 0x6c, 0x6c, 0x6c, 0x69, 0x66, 0x69, 0x74, 0x94, 0x8d, 0xe3, 0xf1, 0xdd, 0xb0, 0xd4, 0xd3, 0xe5, 0xf2, 0xf2, 0xf2, 0xf2, 0xf2, 0xf2, 0xe7, 0xe6, 0xe7, 0xd5, 0xe9, 0x6d, 0x67, 0x67, 0x67, 0x67, 0x67, 0x67, 0x67, 0x67, 0x67, 0x67, 0x67, 0x65, 0x67, 0x5f, 0x59, 0x5f, 0x59, 0x5f, 0x59, 0x5f, 0x59, 0x59, 0x59, 0x59, 0x59, 0x54, 0x59, 0x56, 0x53, 0x56, 0x53, 0x53, 0x53, 0x53, 0x53, 0x53, 0x53, 0x53, 0x53, 0x53, 
  0x8f, 0x94, 0x8f, 0x8f, 0x94, 0x8f, 0x94, 0x8f, 0x94, 0x8f, 0x94, 0x8f, 0x94, 0x8f, 0x8f, 0x8f, 0x8d, 0x95, 0xc7, 0xb6, 0xde, 0xce, 0xb8, 0xb5, 0xb6, 0xb4, 0xb4, 0xb4, 0xb4, 0xb4, 0xb2, 0xb4, 0xb2, 0xb2, 0xb2, 0xb2, 0xb2, 0xb4, 0xb2, 0xb2, 0xb0, 0xb2, 0xb0, 0xb0, 0xb0, 0xb0, 0xb0, 0xb0, 0xb0, 0xb0, 0xaf, 0xaf, 0xaf, 0xaf, 0xaf, 0xb0, 0xb2, 0x38, 0xce, 0x8f, 0x7a, 0x7f, 0x82, 0x7f, 0x82, 0x83, 0x86, 0x83, 0x83, 0x83, 0x86, 0x83, 0x86, 0x92, 0x96, 0x93, 0x93, 0x98, 0x98, 0x98, 0x98, 0x8f, 0x8e, 0x91, 0x93, 0x96, 0x96, 0x92, 0x8c, 0x88, 0x87, 0xd4, 0xc0, 0xb1, 0xaf, 0xae, 0xad, 0xae, 0xad, 0xad, 0xad, 0xae, 0xad, 0xae, 0xae, 0xae, 0xae, 0xad, 0xad, 0xad, 0xad, 0xad, 0xad, 0xac, 0xac, 0x35, 0x35, 0xab, 0x35, 0xab, 0xab, 0xab, 0xab, 0xab, 0xab, 0xab, 0xaa, 0xaa, 0xab, 0xa9, 0xa9, 0xa9, 0xa9, 0xa9, 0xa9, 0xa9, 0xa9, 0xa9, 0xa9, 0xa8, 0xa9, 0xa8, 0xa9, 0xa9, 0xa7, 0xab, 0xdf, 0xcc, 0xc9, 0xc3, 0xc9, 0xcb, 0xa8, 0x34, 0x34, 0x34, 0x34, 0x34, 0x34, 0xa5, 0x34, 0xa5, 0x34, 0xa5, 0x34, 0xa7, 0xdb, 0x70, 0x6c, 0x69, 0x69, 0x6c, 0x6c, 0x6c, 0x6c, 0x66, 0x64, 0x66, 0x74, 0x8f, 0xd4, 0xf0, 0xf1, 0xdc, 0xae, 0xd3, 0xd6, 0xe7, 0xe5, 0xe4, 0xf2, 0xf2, 0xf2, 0xf2, 0xe8, 0xe6, 0xe6, 0xe8, 0xe9, 0xd3, 0x67, 0x67, 0x6d, 0x67, 0x67, 0x67, 0x67, 0x67, 0x67, 0x67, 0x65, 0x67, 0x5e, 0x5f, 0x59, 0x5b, 0x59, 0x5f, 0x5f, 0x59, 0x5d, 0x59, 0x5e, 0x59, 0x56, 0x59, 0x54, 0x56, 0x56, 0x53, 0x56, 0x53, 0x53, 0x53, 0x53, 0x53, 0x53, 0x53, 0x53, 0x53, 
  0x8f, 0x8f, 0x94, 0x8f, 0x8f, 0x8f, 0x8f, 0x8f, 0x94, 0x8f, 0x94, 0x94, 0x94, 0x94, 0x8f, 0x8f, 0x8d, 0x94, 0xbf, 0xb7, 0xde, 0xce, 0xb9, 0xb5, 0xb5, 0xb4, 0xb4, 0xb4, 0xb4, 0xb2, 0xb4, 0xb2, 0xb2, 0xb2, 0xb2, 0xb2, 0xb2, 0xb2, 0xb2, 0xb2, 0xb0, 0xb2, 0xb0, 0xb1, 0xb0, 0xb0, 0xaf, 0xb0, 0xb0, 0xb0, 0xaf, 0xaf, 0xaf, 0xaf, 0xaf, 0xb0, 0xb0, 0xae, 0x4f, 0x87, 0x82, 0x82, 0x83, 0x82, 0x7f, 0x83, 0x83, 0x83, 0x83, 0x83, 0x83, 0x7f, 0x86, 0x92, 0x96, 0x93, 0x96, 0x9a, 0x98, 0x98, 0x98, 0x8e, 0x8e, 0x91, 0x93, 0x96, 0x96, 0x8c, 0x90, 0x88, 0x84, 0x8c, 0xc2, 0xb4, 0xae, 0xad, 0xae, 0xad, 0xad, 0xad, 0xae, 0xad, 0xad, 0xae, 0xae, 0xae, 0xae, 0xad, 0xad, 0xad, 0xac, 0xad, 0xac, 0xac, 0xac, 0xac, 0x35, 0x35, 0x35, 0xab, 0x35, 0xab, 0xab, 0xab, 0xab, 0xaa, 0xab, 0xaa, 0xaa, 0xaa, 0xa9, 0xa9, 0xa9, 0xa9, 0xa9, 0xa8, 0xa9, 0xa8, 0xaa, 0xa8, 0xa9, 0xa8, 0xa9, 0xa8, 0xa9, 0xa7, 0xa6, 0xae, 0xbb, 0xdf, 0xd0, 0xbb, 0xa6, 0xa6, 0x34, 0x34, 0x34, 0xa5, 0x34, 0xa5, 0x34, 0xa5, 0xa5, 0xa5, 0xa5, 0xa7, 0xbb, 0x78, 0x69, 0x69, 0x69, 0x6c, 0x6c, 0x6c, 0x69, 0x69, 0x66, 0x69, 0x75, 0x94, 0xd4, 0xe2, 0xf1, 0xdc, 0xae, 0xd3, 0xea, 0xe4, 0xcb, 0xf2, 0xe4, 0xf1, 0xf2, 0xf2, 0xe7, 0x00, 0xe6, 0xe6, 0xe8, 0x6d, 0x67, 0x67, 0x67, 0x67, 0x67, 0x67, 0x67, 0x67, 0x67, 0x67, 0x67, 0x65, 0x65, 0x5f, 0x59, 0x5b, 0x59, 0x5f, 0x59, 0x5f, 0x59, 0x59, 0x59, 0x59, 0x59, 0x54, 0x59, 0x56, 0x53, 0x56, 0x53, 0x53, 0x53, 0x53, 0x53, 0x53, 0x53, 0x53, 0x53, 0x53, 
  0x8f, 0x94, 0x8f, 0x8f, 0x94, 0x8f, 0x94, 0x8f, 0x94, 0x8f, 0x94, 0x8f, 0x94, 0x8f, 0x8f, 0x8f, 0x94, 0x7c, 0xbc, 0xb9, 0xde, 0xcf, 0xb9, 0xb5, 0xb6, 0xb4, 0xb4, 0xb4, 0xb4, 0xb4, 0xb2, 0xb4, 0xb2, 0xb2, 0xb2, 0xb2, 0xb2, 0xb4, 0xb2, 0xb2, 0xb0, 0xb2, 0xb0, 0xb0, 0xaf, 0xb0, 0xaf, 0xb0, 0xb0, 0xb0, 0xaf, 0xb0, 0xaf, 0xaf, 0xaf, 0xb0, 0xb0, 0xaf, 0x52, 0x89, 0x82, 0x82, 0x83, 0x83, 0x83, 0x83, 0x86, 0x83, 0x83, 0x83, 0x83, 0x83, 0x86, 0x92, 0x96, 0x8e, 0x98, 0x9a, 0x98, 0x98, 0x98, 0x8e, 0x8f, 0x91, 0x93, 0x96, 0x96, 0x92, 0x92, 0x88, 0x84, 0x9b, 0xc5, 0xb3, 0xaf, 0xae, 0xad, 0xae, 0xad, 0xad, 0xad, 0xae, 0xad, 0xae, 0xae, 0xae, 0xad, 0xad, 0xad, 0xad, 0xad, 0xac, 0xad, 0xac, 0xac, 0x35, 0x35, 0xab, 0x35, 0xab, 0x35, 0xab, 0xab, 0xab, 0xab, 0xab, 0xaa, 0xaa, 0xab, 0xa9, 0xa9, 0xa9, 0xa9, 0xa9, 0xa9, 0xa9, 0xa9, 0xa9, 0xa9, 0xa8, 0xa9, 0xa8, 0xa9, 0xa8, 0xa8, 0xa8, 0xa8, 0xa6, 0xa5, 0xa5, 0xa7, 0x3b, 0xaf, 0x34, 0xa6, 0xaa, 0x34, 0xaa, 0x2d, 0xa4, 0x34, 0xa5, 0x34, 0xa5, 0xa4, 0xab, 0xdc, 0x85, 0x62, 0x69, 0x6c, 0x6c, 0x6c, 0x6c, 0x6c, 0x69, 0x66, 0x64, 0x7c, 0x94, 0xd4, 0xf0, 0xe3, 0xdc, 0xae, 0xe5, 0xe8, 0xd2, 0xbe, 0xe4, 0xf2, 0xe3, 0xf2, 0xf2, 0xe7, 0x67, 0x7e, 0xe8, 0x7e, 0x6d, 0x67, 0x67, 0x68, 0x67, 0x67, 0x67, 0x67, 0x67, 0x67, 0x67, 0x65, 0x5e, 0x5f, 0x59, 0x5b, 0x59, 0x5b, 0x59, 0x5f, 0x59, 0x5d, 0x59, 0x5e, 0x59, 0x56, 0x59, 0x54, 0x56, 0x56, 0x53, 0x56, 0x53, 0x53, 0x53, 0x53, 0x53, 0x53, 0x53, 0x53, 0x53, 
  0x8f, 0x8f, 0x94, 0x8f, 0x8f, 0x8f, 0x8f, 0x8f, 0x94, 0x8f, 0x94, 0x94, 0x94, 0x94, 0x8f, 0x8f, 0x95, 0x78, 0xbc, 0xb8, 0xdf, 0xcf, 0xbb, 0xb4, 0xb5, 0xb4, 0xb4, 0xb4, 0xb4, 0xb2, 0xb4, 0xb2, 0xb2, 0xb2, 0xb2, 0xb2, 0xb2, 0xb2, 0xb2, 0xb2, 0xb0, 0xb2, 0xb0, 0xb0, 0xb0, 0xaf, 0xb0, 0xb0, 0xb0, 0xb0, 0xb0, 0xaf, 0xaf, 0xaf, 0xaf, 0xb0, 0xb0, 0xb1, 0x55, 0x87, 0x82, 0x82, 0x86, 0x82, 0x7f, 0x83, 0x83, 0x83, 0x83, 0x83, 0x86, 0x7f, 0x8a, 0x96, 0x92, 0x91, 0x96, 0x9d, 0x98, 0x98, 0x95, 0x8e, 0x8e, 0x91, 0x92, 0x96, 0x96, 0x8c, 0x92, 0x8c, 0x84, 0xe9, 0x48, 0xb3, 0xae, 0x38, 0xae, 0xad, 0xad, 0xad, 0xae, 0xad, 0xad, 0xae, 0xae, 0xae, 0xae, 0xad, 0xad, 0xad, 0xac, 0x38, 0xac, 0xac, 0xac, 0xac, 0x35, 0x35, 0x35, 0x35, 0xab, 0xab, 0xab, 0xab, 0xab, 0xaa, 0xab, 0xaa, 0xaa, 0xa9, 0xa9, 0xa8, 0xa9, 0xa9, 0xa9, 0xa9, 0xa9, 0xa8, 0xaa, 0xa8, 0xa9, 0xa8, 0xa9, 0xa8, 0xa8, 0xa8, 0xa8, 0xa8, 0xa8, 0xa8, 0xa6, 0xa5, 0xa6, 0xa6, 0xa6, 0x3b, 0xa6, 0xa6, 0xad, 0xa5, 0xa4, 0xa5, 0xa5, 0xa5, 0xa5, 0xab, 0xc1, 0x7c, 0x64, 0x6c, 0x6c, 0x6c, 0x6c, 0x6c, 0x69, 0x69, 0x66, 0x64, 0x80, 0x95, 0xd3, 0xe2, 0xf1, 0xda, 0xae, 0xd3, 0xf7, 0xd1, 0xba, 0xe1, 0xe5, 0xf1, 0xf2, 0xf2, 0xe7, 0x67, 0x67, 0x00, 0x67, 0x67, 0x67, 0x65, 0x67, 0x67, 0x67, 0x67, 0x65, 0x67, 0x67, 0x67, 0x65, 0x65, 0x5e, 0x5f, 0x59, 0x5b, 0x59, 0x5f, 0x59, 0x5f, 0x59, 0x59, 0x59, 0x59, 0x59, 0x54, 0x59, 0x56, 0x53, 0x56, 0x53, 0x53, 0x53, 0x53, 0x53, 0x53, 0x53, 0x53, 0x53, 0x53, 
  0x94, 0x8f, 0x94, 0x8f, 0x94, 0x94, 0x94, 0x94, 0x8f, 0x94, 0x8f, 0x8f, 0x8f, 0x8f, 0x8f, 0x8f, 0x94, 0x78, 0xbe, 0xba, 0xdf, 0xe1, 0xbb, 0xb4, 0xb5, 0xb4, 0xb4, 0xb4, 0xb4, 0xb4, 0xb2, 0xb4, 0xb2, 0xb2, 0xb2, 0xb2, 0xb2, 0xb2, 0xb2, 0xb0, 0xb0, 0xb0, 0xb0, 0xb0, 0xb0, 0xb0, 0xaf, 0xb0, 0xaf, 0xb0, 0xaf, 0xaf, 0xaf, 0xaf, 0xaf, 0xaf, 0xaf, 0xb4, 0x61, 0x87, 0x7a, 0x82, 0x81, 0x82, 0x83, 0x86, 0x86, 0x86, 0x83, 0x86, 0x83, 0x83, 0x8a, 0x96, 0x91, 0x8e, 0x98, 0x9d, 0x98, 0x98, 0x98, 0x8e, 0x8e, 0x91, 0x96, 0x93, 0x96, 0x8c, 0x92, 0x88, 0x96, 0x67, 0xcb, 0xb6, 0xb1, 0xae, 0xae, 0xae, 0xae, 0xad, 0xad, 0xad, 0xad, 0xae, 0xae, 0xae, 0xad, 0xad, 0xad, 0xad, 0xad, 0xac, 0xac, 0xac, 0xab, 0x35, 0x35, 0x35, 0x35, 0xab, 0x35, 0xab, 0x35, 0xaa, 0x35, 0xaa, 0xaa, 0xaa, 0xaa, 0xa9, 0xa9, 0xa8, 0xa9, 0xa8, 0xa9, 0xa8, 0xa9, 0xa9, 0xa8, 0xa9, 0xa8, 0xa8, 0xa8, 0xa8, 0xa8, 0xa8, 0xa8, 0xa8, 0xa8, 0xa7, 0xa8, 0xa7, 0xa7, 0xa6, 0xa6, 0xa5, 0xa6, 0xa5, 0xa4, 0xa5, 0xa5, 0x34, 0xa5, 0xa4, 0xa5, 0xad, 0xc1, 0xd4, 0x62, 0x6c, 0x6c, 0x6c, 0x6c, 0x6c, 0x6c, 0x69, 0x66, 0x64, 0x87, 0x98, 0xd3, 0xf0, 0xf0, 0xdb, 0xae, 0xd3, 0xe8, 0xe4, 0xba, 0xc8, 0xf2, 0xe4, 0xf1, 0xf2, 0xe6, 0x65, 0x67, 0x67, 0x68, 0x67, 0x67, 0x67, 0x67, 0x67, 0x67, 0x67, 0x67, 0x67, 0x67, 0x5e, 0x5f, 0x5f, 0x59, 0x59, 0x5b, 0x59, 0x5b, 0x59, 0x5f, 0x59, 0x5d, 0x59, 0x59, 0x56, 0x59, 0x59, 0x56, 0x59, 0x53, 0x56, 0x53, 0x53, 0x53, 0x53, 0x53, 0x53, 0x53, 0x53, 0x53, 0x56, 
  0x8f, 0x94, 0x8f, 0x94, 0x94, 0x94, 0x8f, 0x94, 0x8f, 0x94, 0x8f, 0x94, 0x8f, 0x94, 0x8f, 0x8f, 0x95, 0x7c, 0xc0, 0xbc, 0xdf, 0xe1, 0xbe, 0xb4, 0xb5, 0xb4, 0xb4, 0xb4, 0xb4, 0xb2, 0xb4, 0xb2, 0xb2, 0xb2, 0xb2, 0xb2, 0xb2, 0xb2, 0xb2, 0xb2, 0xb0, 0xb2, 0xb0, 0xb0, 0xb0, 0xb0, 0xb0, 0xb0, 0xb0, 0xaf, 0xaf, 0xaf, 0xaf, 0xaf, 0xaf, 0xaf, 0xaf, 0x3b, 0x6e, 0x87, 0x82, 0x82, 0x82, 0x82, 0x86, 0x83, 0x86, 0x83, 0x86, 0x86, 0x86, 0x86, 0x8b, 0x92, 0x91, 0x8e, 0x93, 0x9a, 0x98, 0x98, 0x95, 0x8e, 0x8e, 0x91, 0x93, 0x96, 0x90, 0x8e, 0x92, 0x88, 0x95, 0x57, 0xe1, 0xb9, 0xb1, 0xae, 0xae, 0xae, 0xae, 0xad, 0xad, 0xad, 0xad, 0xad, 0xae, 0xad, 0xae, 0xad, 0xad, 0xad, 0xac, 0xad, 0xac, 0x35, 0x35, 0x35, 0x35, 0x35, 0x35, 0xab, 0x35, 0xaa, 0x35, 0xaa, 0x35, 0xaa, 0x35, 0xaa, 0xaa, 0xa9, 0xa9, 0xa9, 0xa8, 0xa9, 0xa9, 0xa9, 0xa9, 0xa8, 0xa9, 0xa8, 0xa8, 0xa8, 0xa8, 0xa8, 0xa8, 0xa8, 0xa8, 0xa8, 0xa8, 0xa7, 0xa7, 0xa7, 0xa7, 0xa6, 0xa6, 0xa5, 0xa5, 0xa6, 0xa5, 0xa5, 0xa5, 0xa5, 0xa5, 0xa5, 0xa5, 0xd9, 0xde, 0xd4, 0x64, 0x6c, 0x6c, 0x6c, 0x6c, 0x6c, 0x6c, 0x66, 0x69, 0x66, 0x87, 0x9d, 0xd2, 0xf0, 0xe3, 0xd9, 0xae, 0xe5, 0xfa, 0xcd, 0xbc, 0xde, 0xcf, 0xe3, 0xe4, 0xf2, 0xe6, 0x63, 0x67, 0x67, 0x67, 0x67, 0x67, 0x67, 0x67, 0x67, 0x67, 0x67, 0x67, 0x67, 0x67, 0x65, 0x5f, 0x5f, 0x59, 0x5b, 0x59, 0x59, 0x59, 0x5f, 0x59, 0x5f, 0x59, 0x5e, 0x56, 0x59, 0x56, 0x59, 0x59, 0x56, 0x56, 0x53, 0x56, 0x53, 0x53, 0x53, 0x53, 0x53, 0x53, 0x56, 0x53, 0x56, 
  0x94, 0x8f, 0x94, 0x8f, 0x94, 0x94, 0x94, 0x94, 0x8f, 0x94, 0x8f, 0x94, 0x94, 0x8f, 0x94, 0x8f, 0x94, 0x88, 0xc4, 0xbe, 0xe0, 0xe0, 0xbe, 0xb3, 0xb5, 0xb4, 0xb4, 0xb4, 0xb4, 0xb4, 0xb2, 0xb4, 0xb2, 0xb2, 0xb2, 0xb2, 0xb2, 0xb2, 0xb2, 0xb0, 0xb0, 0xb0, 0xb0, 0xb0, 0xb0, 0xb0, 0xb0, 0xaf, 0xb0, 0xb0, 0xaf, 0xaf, 0xaf, 0xaf, 0xaf, 0xaf, 0xaf, 0x3b, 0x75, 0x82, 0x82, 0x83, 0x82, 0x83, 0x82, 0x86, 0x83, 0x86, 0x86, 0x86, 0x89, 0x83, 0x8a, 0xd6, 0x8e, 0x91, 0x98, 0x9a, 0x98, 0x98, 0x98, 0x8d, 0x8e, 0x91, 0x96, 0x96, 0x96, 0x8c, 0x91, 0x88, 0x97, 0x56, 0xcf, 0x40, 0xae, 0xd9, 0xae, 0xae, 0xae, 0xae, 0xad, 0xad, 0xad, 0xae, 0xad, 0xae, 0xad, 0xad, 0xad, 0xad, 0xad, 0xac, 0xac, 0xac, 0x35, 0x35, 0x35, 0x35, 0x35, 0xab, 0x35, 0x35, 0xaa, 0x35, 0xab, 0x35, 0xab, 0xaa, 0xa9, 0xa9, 0xa9, 0xa9, 0xa9, 0xa9, 0xa8, 0xa9, 0xa8, 0xa9, 0xa8, 0xa8, 0xa8, 0xa8, 0xa8, 0xa8, 0xa8, 0xa8, 0xa7, 0xa8, 0xa7, 0xa8, 0xa7, 0xa7, 0xa6, 0xa6, 0xa6, 0xa5, 0xa6, 0xa5, 0xa5, 0xa5, 0xa5, 0xa5, 0x34, 0xa4, 0xa6, 0xd9, 0xdf, 0x85, 0x62, 0x6c, 0x6c, 0x6c, 0x6c, 0x6c, 0x6c, 0x69, 0x66, 0x69, 0x87, 0x93, 0xe5, 0xf0, 0xf0, 0xda, 0xae, 0xe5, 0xe7, 0xe3, 0xba, 0xbb, 0xd9, 0xcf, 0xf7, 0xe5, 0x6d, 0x67, 0x67, 0x68, 0x67, 0x67, 0x67, 0x67, 0x67, 0x67, 0x67, 0x67, 0x67, 0x67, 0x67, 0x65, 0x5f, 0x5b, 0x5f, 0x59, 0x5b, 0x59, 0x5b, 0x59, 0x5f, 0x59, 0x59, 0x59, 0x59, 0x59, 0x59, 0x59, 0x56, 0x59, 0x53, 0x56, 0x53, 0x53, 0x53, 0x53, 0x53, 0x53, 0x53, 0x53, 0x56, 0x53, 
  0x8f, 0x94, 0x8f, 0x94, 0x94, 0x94, 0x94, 0x8f, 0x94, 0x8f, 0x94, 0x8f, 0x94, 0x94, 0x94, 0x8f, 0x94, 0x8d, 0xc7, 0xc1, 0xdf, 0xe2, 0xbe, 0xb4, 0xb5, 0xb4, 0xb4, 0xb4, 0xb4, 0xb2, 0xb4, 0xb2, 0xb2, 0xb2, 0xb2, 0xb2, 0xb2, 0xb2, 0xb2, 0xb2, 0xb0, 0xb2, 0xb0, 0xb0, 0xb0, 0xb0, 0xb0, 0xb0, 0xaf, 0xb0, 0xaf, 0xaf, 0xaf, 0xaf, 0xaf, 0xaf, 0x38, 0xb8, 0x80, 0x87, 0x82, 0x83, 0x86, 0x82, 0x86, 0x86, 0x86, 0x86, 0x86, 0x86, 0x86, 0x86, 0x87, 0x96, 0x93, 0x91, 0x93, 0x9a, 0x98, 0x98, 0x95, 0x8e, 0x8e, 0x91, 0x93, 0x96, 0x91, 0x93, 0x92, 0x8c, 0x93, 0x57, 0xe1, 0xde, 0xb1, 0xae, 0xae, 0xae, 0xae, 0xad, 0xad, 0xad, 0xad, 0xad, 0xae, 0xad, 0xad, 0xad, 0xad, 0xad, 0xac, 0xad, 0xac, 0x35, 0x35, 0x35, 0x35, 0x35, 0x35, 0xab, 0x35, 0xaa, 0x35, 0xaa, 0x35, 0xaa, 0x35, 0x40, 0xa9, 0xa9, 0xa9, 0xa9, 0xa9, 0xa8, 0xa9, 0xa9, 0xa9, 0xa8, 0xa9, 0xa8, 0xa8, 0xa8, 0xa8, 0xa8, 0xa8, 0xa8, 0xa8, 0xa8, 0xa8, 0xa7, 0xa7, 0xa7, 0xa7, 0xa6, 0xa6, 0xa5, 0xa5, 0xa5, 0xa5, 0xa5, 0xa5, 0xa5, 0xa5, 0xa5, 0xa7, 0xda, 0xdf, 0xd4, 0x64, 0x69, 0x6c, 0x6c, 0x6c, 0x6c, 0x6c, 0x66, 0x64, 0x6c, 0x8d, 0x93, 0xd2, 0xf0, 0xf0, 0xd9, 0xae, 0xe5, 0xdd, 0xde, 0xf2, 0xdc, 0xa5, 0xe1, 0xe6, 0x6d, 0x67, 0x6d, 0x67, 0x67, 0x6d, 0x67, 0x67, 0x67, 0x67, 0x67, 0x67, 0x67, 0x67, 0x67, 0x67, 0x65, 0x5f, 0x5f, 0x59, 0x5b, 0x59, 0x59, 0x59, 0x5f, 0x59, 0x5f, 0x59, 0x5e, 0x56, 0x59, 0x56, 0x59, 0x59, 0x56, 0x56, 0x53, 0x56, 0x53, 0x53, 0x53, 0x53, 0x56, 0x53, 0x56, 0x53, 0x56, 
  0x94, 0x8f, 0x94, 0x94, 0x94, 0x94, 0x94, 0x94, 0x8f, 0x94, 0x94, 0x94, 0x94, 0x94, 0x94, 0x8f, 0x8f, 0x96, 0xca, 0xed, 0xdf, 0xe2, 0xbe, 0xb6, 0xb4, 0xb4, 0xb4, 0xb4, 0xb4, 0xb2, 0xb4, 0xb2, 0xb2, 0xb2, 0xb2, 0xb2, 0xb2, 0xb2, 0xb2, 0xb0, 0xb0, 0xb0, 0xb0, 0xb0, 0xb0, 0xb0, 0xb0, 0xaf, 0xb0, 0xb0, 0xaf, 0xaf, 0xaf, 0xaf, 0xaf, 0xaf, 0x38, 0xbc, 0x87, 0x87, 0x82, 0x86, 0x83, 0x86, 0x86, 0x82, 0x89, 0x86, 0x89, 0x86, 0x89, 0x86, 0x8b, 0xd6, 0x8e, 0x95, 0x96, 0x9d, 0x98, 0x9a, 0x98, 0x8d, 0x8e, 0x91, 0x96, 0x97, 0x93, 0x90, 0x96, 0x88, 0x91, 0xd0, 0xe0, 0x48, 0xd9, 0xaf, 0xae, 0xae, 0xae, 0xad, 0xad, 0xad, 0xad, 0xad, 0xad, 0xad, 0xad, 0xad, 0xad, 0xad, 0xad, 0xac, 0xac, 0xac, 0x35, 0x35, 0x35, 0x35, 0x35, 0xab, 0x35, 0x35, 0xaa, 0x35, 0xab, 0xaa, 0x35, 0xbf, 0xa8, 0xa9, 0xaa, 0xa9, 0xa9, 0xa9, 0xa8, 0xa9, 0xa8, 0xa9, 0xa8, 0xa8, 0xa8, 0xa8, 0xa8, 0xa8, 0xa8, 0xa8, 0xa8, 0xa7, 0xa8, 0xa7, 0xa7, 0xa7, 0xa6, 0xa6, 0xa6, 0xa5, 0xa6, 0xa5, 0xa5, 0xa5, 0xa5, 0xa5, 0xa5, 0xa4, 0xad, 0xdb, 0xe0, 0x80, 0x64, 0x69, 0x69, 0x6c, 0x6c, 0x6c, 0x6c, 0x69, 0x66, 0x6c, 0x93, 0x94, 0xcc, 0xdd, 0xee, 0xab, 0xae, 0xe6, 0xa6, 0xdc, 0xf2, 0xdd, 0xa5, 0xe1, 0xe6, 0x65, 0x67, 0x67, 0x6d, 0x67, 0x6d, 0x67, 0x67, 0x67, 0x67, 0x67, 0x67, 0x67, 0x67, 0x67, 0x67, 0x65, 0x5f, 0x5b, 0x5f, 0x59, 0x5b, 0x59, 0x5b, 0x59, 0x5f, 0x59, 0x59, 0x59, 0x59, 0x59, 0x59, 0x59, 0x56, 0x59, 0x53, 0x56, 0x53, 0x53, 0x53, 0x53, 0x53, 0x53, 0x53, 0x53, 0x56, 0x53, 
  0x95, 0x95, 0x95, 0x94, 0x95, 0x95, 0x95, 0x95, 0x95, 0x95, 0x94, 0x95, 0x95, 0x95, 0x94, 0x94, 0x94, 0x98, 0xe1, 0xc1, 0xe0, 0xe0, 0xc1, 0xb3, 0xb7, 0xb4, 0xb4, 0xb4, 0xb2, 0xb4, 0xb2, 0xb4, 0xb2, 0xb2, 0xb2, 0xb2, 0xb2, 0xb2, 0xb2, 0xb0, 0xb2, 0xb0, 0xb0, 0xb0, 0xb0, 0xb0, 0xaf, 0xaf, 0xaf, 0xaf, 0xaf, 0xaf, 0xaf, 0xb0, 0xaf, 0xb1, 0x38, 0xbf, 0x87, 0x82, 0x86, 0x89, 0x8b, 0x89, 0x89, 0x87, 0x89, 0x89, 0x89, 0x89, 0x89, 0x86, 0x8e, 0x92, 0x8e, 0x96, 0x95, 0x9d, 0x9a, 0x98, 0x98, 0x8d, 0x8e, 0x8e, 0x91, 0x96, 0x92, 0x96, 0x91, 0x88, 0x8c, 0x92, 0x00, 0xcf, 0xb1, 0xb1, 0xad, 0xae, 0xad, 0xad, 0xad, 0xad, 0xad, 0xad, 0xad, 0xad, 0xad, 0xac, 0xad, 0xac, 0xac, 0x35, 0xac, 0x35, 0x35, 0x35, 0xab, 0x35, 0xab, 0x35, 0xab, 0x35, 0x35, 0x35, 0xaa, 0xab, 0xaa, 0xaa, 0xa9, 0xaa, 0xa9, 0xaa, 0xa9, 0xa9, 0xa9, 0xa9, 0xa8, 0xa9, 0xa8, 0xa8, 0xa8, 0xa8, 0xa8, 0xa8, 0xa8, 0xa7, 0xa8, 0xa8, 0xa7, 0xa7, 0xa7, 0xa7, 0xa7, 0xa6, 0xa6, 0xa5, 0xa5, 0xa5, 0xa5, 0xa5, 0xa5, 0xa5, 0xa5, 0xa5, 0xd9, 0xdb, 0xe1, 0x78, 0x66, 0x69, 0x6a, 0x6c, 0x6c, 0x6c, 0x6c, 0x66, 0x64, 0x74, 0x8d, 0x98, 0xbf, 0xa4, 0xa8, 0xdd, 0xdc, 0xcf, 0xaa, 0xdb, 0xe3, 0xdd, 0xa5, 0xcc, 0xe6, 0x65, 0x67, 0x67, 0x67, 0x67, 0x67, 0x67, 0x67, 0x67, 0x67, 0x67, 0x67, 0x67, 0x65, 0x65, 0x65, 0x5f, 0x5f, 0x5f, 0x59, 0x5b, 0x59, 0x5b, 0x59, 0x5b, 0x59, 0x5e, 0x59, 0x59, 0x56, 0x59, 0x56, 0x59, 0x59, 0x56, 0x56, 0x53, 0x56, 0x53, 0x53, 0x56, 0x53, 0x53, 0x53, 0x53, 0x53, 0x56, 
  0x95, 0x95, 0x95, 0x95, 0x95, 0x94, 0x95, 0x94, 0x95, 0x94, 0x95, 0x95, 0x94, 0x95, 0x94, 0x8f, 0x8f, 0x98, 0xcf, 0xde, 0xdf, 0xe0, 0xc1, 0xb3, 0xb5, 0xb4, 0xb4, 0xb4, 0xb2, 0xb4, 0xb2, 0xb4, 0xb2, 0xb2, 0xb2, 0xb2, 0xb2, 0xb2, 0xb2, 0xb0, 0xb0, 0xb0, 0xb0, 0xb0, 0xaf, 0xb0, 0xaf, 0xaf, 0xb0, 0xb0, 0xaf, 0xb0, 0xaf, 0xb0, 0xaf, 0xb2, 0xac, 0xc4, 0x8f, 0x82, 0x87, 0x86, 0x89, 0x87, 0x89, 0x89, 0x89, 0x89, 0x86, 0x89, 0x86, 0x86, 0x8d, 0x92, 0x8e, 0x95, 0x97, 0x9a, 0x9d, 0x9a, 0x98, 0x88, 0x8e, 0x8e, 0x91, 0x97, 0x8e, 0x96, 0x92, 0x87, 0x8c, 0x9f, 0xa3, 0x6d, 0xb6, 0xae, 0xae, 0xad, 0xad, 0xad, 0xad, 0xad, 0xad, 0xad, 0xad, 0xad, 0xad, 0xad, 0xac, 0xad, 0xac, 0xac, 0x35, 0xac, 0x35, 0x35, 0x35, 0x35, 0xab, 0x35, 0xab, 0x35, 0xaa, 0x35, 0xaa, 0xab, 0xaa, 0xab, 0xa9, 0xaa, 0xaa, 0xaa, 0xa9, 0xaa, 0xaa, 0xa9, 0xa8, 0xa9, 0xa8, 0xa8, 0xa8, 0xa8, 0xa8, 0xa8, 0xa8, 0xa7, 0xa8, 0xa7, 0xa7, 0xa7, 0xa7, 0xa7, 0xa6, 0xa6, 0xa6, 0xa5, 0xa5, 0xa5, 0xa5, 0xa5, 0xa5, 0xa5, 0xa5, 0xa5, 0xb6, 0xdb, 0xe1, 0x7c, 0x64, 0x69, 0x69, 0x6b, 0x6c, 0x6b, 0x69, 0x6c, 0x66, 0x74, 0x94, 0x94, 0xbe, 0xa5, 0xa7, 0xe2, 0xdf, 0xde, 0xaa, 0xda, 0xf1, 0xdd, 0xa5, 0xcb, 0xd3, 0x65, 0x65, 0x67, 0x67, 0x67, 0x67, 0x67, 0x67, 0x67, 0x67, 0x67, 0x67, 0x67, 0x65, 0x65, 0x5f, 0x65, 0x59, 0x5f, 0x5b, 0x59, 0x59, 0x59, 0x5b, 0x5b, 0x59, 0x59, 0x5e, 0x56, 0x59, 0x59, 0x59, 0x59, 0x56, 0x59, 0x53, 0x56, 0x53, 0x56, 0x53, 0x56, 0x53, 0x53, 0x53, 0x53, 0x56, 0x53, 
  0x95, 0x94, 0x95, 0x94, 0x95, 0x95, 0x95, 0x95, 0x95, 0x95, 0x94, 0x95, 0x95, 0x95, 0x94, 0x94, 0x94, 0x98, 0xd0, 0xde, 0xdf, 0xe0, 0xc1, 0xb4, 0xb6, 0xb4, 0xb4, 0xb4, 0xb4, 0xb2, 0xb4, 0xb2, 0xb2, 0xb2, 0xb2, 0xb2, 0xb2, 0xb2, 0xb0, 0xb2, 0xb0, 0xb0, 0xb0, 0xb0, 0xb0, 0xaf, 0xaf, 0xaf, 0xaf, 0xaf, 0xaf, 0xaf, 0xaf, 0xb0, 0xaf, 0xb2, 0xac, 0xc7, 0x94, 0x82, 0x89, 0x87, 0x86, 0x86, 0x86, 0x89, 0x8a, 0x89, 0x86, 0x86, 0x89, 0x86, 0x93, 0x92, 0x8e, 0x93, 0x98, 0x9d, 0x9a, 0x9a, 0x95, 0x8d, 0x8d, 0x8e, 0x91, 0x96, 0x92, 0x96, 0x91, 0x88, 0x88, 0xd7, 0xa1, 0xe9, 0xba, 0xae, 0xad, 0xae, 0xad, 0xad, 0xad, 0xad, 0xac, 0xad, 0xac, 0xad, 0xac, 0xad, 0xac, 0xac, 0xac, 0x35, 0xac, 0x35, 0x35, 0x35, 0xab, 0x35, 0xab, 0x35, 0xab, 0x35, 0x35, 0xaa, 0x35, 0xab, 0xab, 0xaa, 0xaa, 0xaa, 0xa9, 0xaa, 0xa9, 0xa9, 0xa9, 0xa9, 0xa8, 0xa9, 0xa8, 0xa8, 0xa8, 0xa8, 0xa8, 0xa8, 0xa8, 0xa8, 0xa7, 0xa8, 0xa7, 0xa7, 0xa7, 0xa7, 0xa7, 0xa6, 0xa6, 0xa5, 0xa5, 0xa5, 0xa5, 0xa5, 0xa5, 0xa5, 0xa4, 0xab, 0xed, 0xdc, 0xe4, 0x6f, 0x66, 0x6c, 0x6a, 0x6c, 0x6c, 0x6c, 0x6c, 0x69, 0x66, 0x75, 0x94, 0x95, 0xba, 0xa5, 0xa7, 0xe2, 0xed, 0xc1, 0xa8, 0xdb, 0xf0, 0xed, 0xa5, 0xca, 0x6d, 0x65, 0x67, 0x67, 0x67, 0x67, 0x67, 0x67, 0x67, 0x67, 0x67, 0x67, 0x67, 0x67, 0x65, 0x65, 0x65, 0x5f, 0x5f, 0x5f, 0x59, 0x5b, 0x59, 0x5b, 0x59, 0x5b, 0x59, 0x5e, 0x59, 0x59, 0x59, 0x56, 0x59, 0x59, 0x59, 0x56, 0x53, 0x56, 0x53, 0x56, 0x56, 0x56, 0x53, 0x53, 0x53, 0x53, 0x53, 0x56, 
  0x95, 0x95, 0x95, 0x95, 0x95, 0x94, 0x95, 0x94, 0x95, 0x94, 0x95, 0x95, 0x95, 0x95, 0x94, 0x8f, 0x94, 0x95, 0x62, 0xdf, 0xdf, 0xe0, 0xc1, 0xb3, 0xb5, 0xb4, 0xb4, 0xb4, 0xb2, 0xb4, 0xb2, 0xb4, 0xb2, 0xb2, 0xb2, 0xb2, 0xb2, 0xb2, 0xb2, 0xb0, 0xb0, 0xb0, 0xb0, 0xb0, 0xaf, 0xb0, 0xaf, 0xb0, 0xaf, 0xb1, 0xaf, 0xaf, 0xaf, 0xb0, 0xaf, 0xb2, 0xac, 0x48, 0x94, 0x82, 0x87, 0x86, 0x86, 0x87, 0x86, 0x86, 0x89, 0x8a, 0x86, 0x89, 0x86, 0x8b, 0x8d, 0xd6, 0x8e, 0x98, 0x93, 0x9e, 0x98, 0x9a, 0x98, 0x8d, 0x8e, 0x8e, 0x93, 0x97, 0x8e, 0x96, 0x8e, 0x8c, 0x8c, 0x9e, 0x9f, 0xa1, 0xc7, 0xad, 0xae, 0xad, 0xad, 0xad, 0xad, 0xad, 0xad, 0xac, 0xad, 0xad, 0xad, 0xac, 0xad, 0xac, 0x35, 0xac, 0x35, 0xac, 0x35, 0x35, 0x35, 0x35, 0xab, 0x35, 0xab, 0x35, 0xaa, 0x35, 0xaa, 0xab, 0xab, 0xaa, 0xaa, 0xaa, 0xaa, 0xaa, 0xaa, 0xa9, 0xa9, 0xa9, 0xa8, 0xa9, 0xa8, 0xa8, 0xa8, 0xa8, 0xa8, 0xa8, 0xa8, 0xa7, 0xa8, 0xa7, 0xa7, 0xa7, 0xa7, 0xa7, 0xa6, 0xa6, 0xa6, 0xa5, 0xa5, 0xa5, 0xa5, 0xa5, 0xa5, 0xa5, 0xa4, 0xb6, 0xde, 0xed, 0xd0, 0x74, 0x69, 0x69, 0x6c, 0x6b, 0x6c, 0x6b, 0x69, 0x6c, 0x64, 0x80, 0x94, 0x8f, 0xb8, 0xa4, 0xa8, 0xe2, 0xed, 0xdb, 0x34, 0xda, 0xe3, 0xed, 0xa5, 0xdf, 0x70, 0x65, 0x67, 0x67, 0x67, 0x67, 0x67, 0x67, 0x67, 0x67, 0x67, 0x67, 0x67, 0x67, 0x65, 0x65, 0x5f, 0x65, 0x59, 0x5f, 0x5b, 0x59, 0x59, 0x59, 0x5b, 0x5b, 0x59, 0x59, 0x5e, 0x54, 0x59, 0x59, 0x56, 0x59, 0x59, 0x54, 0x56, 0x53, 0x56, 0x56, 0x56, 0x56, 0x53, 0x53, 0x53, 0x53, 0x56, 0x53, 
  0x95, 0x94, 0x95, 0x94, 0x95, 0x95, 0x95, 0x95, 0x95, 0x95, 0x95, 0x94, 0x95, 0x95, 0x94, 0x94, 0x8f, 0x98, 0xd3, 0xdf, 0xdf, 0xe0, 0xc1, 0xb4, 0xb6, 0xb4, 0xb4, 0xb4, 0xb4, 0xb2, 0xb4, 0xb2, 0xb2, 0xb2, 0xb2, 0xb2, 0xb2, 0xb2, 0xb0, 0xb2, 0xb0, 0xb0, 0xb0, 0xb0, 0xaf, 0xaf, 0xaf, 0xaf, 0xb0, 0xaf, 0xaf, 0xaf, 0xb0, 0xaf, 0xb0, 0xb1, 0x38, 0x4a, 0x94, 0x87, 0x89, 0x8b, 0x8b, 0x8b, 0x8b, 0x8b, 0x87, 0x89, 0x89, 0x8f, 0x89, 0x8b, 0x8d, 0x92, 0x91, 0x98, 0x98, 0x9a, 0x9d, 0x9a, 0x98, 0x8d, 0x8d, 0x8e, 0x96, 0x96, 0x92, 0x96, 0x92, 0x8e, 0x8c, 0x9f, 0x9f, 0xa3, 0x4e, 0xaf, 0xad, 0xae, 0xad, 0xad, 0xad, 0xad, 0xac, 0xad, 0xac, 0xad, 0xac, 0xac, 0xac, 0x35, 0xac, 0x35, 0xac, 0x35, 0xab, 0x35, 0x35, 0x35, 0xab, 0x35, 0xab, 0x35, 0x35, 0x35, 0xab, 0xab, 0xab, 0xab, 0xaa, 0xaa, 0xa9, 0xaa, 0xa9, 0xaa, 0xa9, 0xa9, 0xa8, 0xa9, 0xa8, 0xa8, 0xa8, 0xa8, 0xa8, 0xa8, 0xa7, 0xa8, 0xa7, 0xa8, 0xa7, 0xa7, 0xa7, 0xa7, 0xa6, 0xa6, 0xa6, 0xa5, 0xa5, 0xa5, 0xa5, 0xa5, 0xa5, 0xa5, 0xa5, 0xde, 0xdc, 0xdd, 0xe5, 0x6e, 0x66, 0x6c, 0x6a, 0x6c, 0x6c, 0x6c, 0x6b, 0x69, 0x66, 0x87, 0x8d, 0x8f, 0x3b, 0xa5, 0xa8, 0xe2, 0xed, 0xb9, 0x34, 0xda, 0xf0, 0xed, 0xa5, 0xc7, 0xd3, 0x65, 0x67, 0x67, 0x67, 0x67, 0x67, 0x67, 0x67, 0x67, 0x67, 0x67, 0x67, 0x67, 0x65, 0x65, 0x65, 0x5f, 0x5f, 0x5f, 0x59, 0x59, 0x5b, 0x59, 0x5b, 0x59, 0x59, 0x5e, 0x59, 0x59, 0x59, 0x59, 0x59, 0x56, 0x59, 0x59, 0x56, 0x56, 0x56, 0x56, 0x56, 0x56, 0x56, 0x53, 0x53, 0x56, 0x53, 0x56, 
  0x94, 0x95, 0x94, 0x95, 0x95, 0x94, 0x95, 0x94, 0x95, 0x94, 0x95, 0x95, 0x95, 0x94, 0x94, 0x94, 0x8f, 0x95, 0x85, 0xdf, 0xe0, 0xdf, 0xc1, 0xb6, 0xb6, 0xb4, 0xb4, 0xb4, 0xb4, 0xb4, 0xb2, 0xb4, 0xb2, 0xb2, 0xb2, 0xb2, 0xb2, 0xb2, 0xb2, 0xb0, 0xb0, 0xb2, 0xaf, 0xb0, 0xaf, 0xb0, 0xaf, 0xaf, 0xaf, 0xaf, 0xaf, 0xaf, 0xaf, 0xb0, 0xb0, 0xb2, 0xad, 0x4e, 0x94, 0x86, 0x87, 0x8f, 0x8f, 0x8f, 0x8f, 0x87, 0x8f, 0x89, 0x8f, 0x89, 0x8f, 0x8b, 0x8e, 0x90, 0x92, 0x95, 0x98, 0x98, 0x98, 0x9a, 0x95, 0x8d, 0x8d, 0x8e, 0x93, 0x96, 0x92, 0x96, 0x93, 0x8e, 0x8c, 0x9f, 0x9f, 0x9f, 0xd4, 0xb7, 0xac, 0x38, 0xad, 0xad, 0xac, 0xac, 0xac, 0xad, 0xac, 0xac, 0x35, 0x35, 0x35, 0x35, 0x35, 0x35, 0x35, 0x35, 0x35, 0x35, 0x35, 0xaa, 0x35, 0xaa, 0x35, 0xab, 0xab, 0xab, 0x35, 0xab, 0xab, 0xab, 0xaa, 0xaa, 0xaa, 0xaa, 0xaa, 0xa9, 0xaa, 0xa8, 0xa9, 0xa8, 0xa9, 0xa8, 0xa8, 0xa8, 0xa7, 0xa7, 0xa7, 0xa7, 0xa7, 0xa7, 0xa7, 0xa7, 0xa6, 0xa6, 0xa6, 0xa6, 0xa6, 0xa5, 0xa5, 0xa5, 0xa5, 0xa5, 0xa5, 0xa4, 0xb1, 0xde, 0xdc, 0xdc, 0xe6, 0x6c, 0x69, 0x69, 0x6c, 0x6b, 0x6c, 0x6b, 0x6c, 0x6b, 0x64, 0x85, 0x8f, 0x87, 0xb2, 0xa5, 0xa8, 0xf0, 0xdd, 0xdc, 0xa5, 0xda, 0xf0, 0xee, 0xa5, 0xc6, 0x6d, 0x67, 0x67, 0x67, 0x67, 0x67, 0x67, 0x67, 0x67, 0x67, 0x67, 0x67, 0x67, 0x67, 0x65, 0x65, 0x5f, 0x5f, 0x59, 0x5f, 0x5b, 0x5f, 0x59, 0x59, 0x59, 0x59, 0x59, 0x59, 0x59, 0x59, 0x59, 0x59, 0x5e, 0x5e, 0x56, 0x5e, 0x56, 0x59, 0x56, 0x56, 0x56, 0x56, 0x56, 0x56, 0x56, 0x56, 0x56, 0x53, 
  0x95, 0x94, 0x95, 0x94, 0x95, 0x95, 0x95, 0x95, 0x95, 0x95, 0x95, 0x94, 0x95, 0x95, 0x95, 0x94, 0x94, 0x94, 0x92, 0xcb, 0xdf, 0xe0, 0xc1, 0xb3, 0xb6, 0xb4, 0xb4, 0xb4, 0xb4, 0xb2, 0xb4, 0xb2, 0xb2, 0xb2, 0xb2, 0xb2, 0xb2, 0xb2, 0xb0, 0xb2, 0xb0, 0xb0, 0xb0, 0xaf, 0xb0, 0xaf, 0xb0, 0xaf, 0xaf, 0xb0, 0xaf, 0xaf, 0xaf, 0xaf, 0xaf, 0xb0, 0xaf, 0x55, 0x8f, 0x89, 0x8f, 0x8b, 0x8f, 0x8b, 0x8f, 0x8f, 0x8f, 0x8f, 0x89, 0x8f, 0x89, 0x8f, 0x8e, 0x92, 0x8d, 0x96, 0x95, 0x9a, 0x98, 0x9a, 0x98, 0x88, 0x8d, 0x8e, 0x96, 0x96, 0x92, 0x9b, 0x90, 0x91, 0x8e, 0x9f, 0xa1, 0x9f, 0xa1, 0xc2, 0xac, 0xad, 0xad, 0xac, 0xad, 0xac, 0xad, 0xac, 0xad, 0xac, 0xac, 0x35, 0x35, 0x35, 0x35, 0x35, 0x35, 0x35, 0x35, 0x35, 0x35, 0x35, 0xaa, 0x35, 0x35, 0xab, 0xac, 0x35, 0xab, 0xab, 0xab, 0xab, 0xab, 0xaa, 0xaa, 0xaa, 0xaa, 0xaa, 0xa9, 0xa9, 0xa8, 0xa9, 0xa8, 0xa8, 0xa8, 0xa7, 0xa8, 0xa7, 0xa7, 0xa7, 0xa7, 0xa7, 0xa6, 0xa6, 0xa7, 0xa6, 0xa6, 0xa6, 0xa5, 0xa6, 0xa5, 0xa5, 0xa5, 0xa5, 0xa6, 0xa4, 0xc5, 0xdd, 0xdc, 0xdd, 0xe6, 0x69, 0x6c, 0x69, 0x6b, 0x6c, 0x6c, 0x6c, 0x6b, 0x69, 0x69, 0x8d, 0x8f, 0x87, 0x38, 0xa5, 0xab, 0xe3, 0xdd, 0xb9, 0x34, 0xd9, 0xf0, 0xee, 0xa6, 0xc2, 0x6d, 0x65, 0x67, 0x67, 0x67, 0x67, 0x67, 0x67, 0x67, 0x67, 0x67, 0x67, 0x67, 0x67, 0x65, 0x65, 0x65, 0x5f, 0x5f, 0x5f, 0x5f, 0x59, 0x5b, 0x59, 0x5b, 0x59, 0x59, 0x59, 0x5e, 0x59, 0x5e, 0x59, 0x5e, 0x56, 0x5e, 0x56, 0x59, 0x56, 0x59, 0x56, 0x56, 0x56, 0x56, 0x56, 0x56, 0x56, 0x53, 0x56, 
  0x94, 0x95, 0x94, 0x95, 0x95, 0x94, 0x95, 0x95, 0x95, 0x94, 0x95, 0x95, 0x95, 0x94, 0x95, 0x95, 0x94, 0x94, 0x93, 0xe1, 0xe0, 0xde, 0xde, 0xb3, 0xb6, 0xb4, 0xb4, 0xb4, 0xb4, 0xb4, 0xb2, 0xb4, 0xb2, 0xb2, 0xb2, 0xb2, 0xb2, 0xb2, 0xb2, 0xb0, 0xb1, 0xb2, 0xb0, 0xb0, 0xb0, 0xb0, 0xb0, 0xb0, 0xb0, 0xb0, 0xaf, 0xaf, 0xb0, 0xaf, 0xb0, 0xb0, 0xb2, 0x6e, 0x8b, 0x87, 0x8b, 0x8f, 0x8f, 0x8f, 0x8f, 0x8d, 0x8f, 0x89, 0x8f, 0x8b, 0x8f, 0x8b, 0x93, 0x90, 0x93, 0x95, 0x98, 0x98, 0x9a, 0x9a, 0x98, 0x8d, 0x8d, 0x8e, 0x93, 0x92, 0x93, 0x96, 0x92, 0x8e, 0x8c, 0x9f, 0xa1, 0x9f, 0xa3, 0x4e, 0xae, 0xac, 0xad, 0xad, 0xac, 0xac, 0xac, 0xad, 0xac, 0xac, 0x35, 0x35, 0x35, 0x35, 0x35, 0x35, 0x35, 0x35, 0x35, 0x35, 0x35, 0xaa, 0x35, 0xaa, 0x35, 0xab, 0xab, 0xab, 0x35, 0xab, 0xab, 0xab, 0xaa, 0xaa, 0xaa, 0xaa, 0xaa, 0xaa, 0xaa, 0xa8, 0xa9, 0xa8, 0xa9, 0xa8, 0xa8, 0xa8, 0xa7, 0xa7, 0xa7, 0xa7, 0xa6, 0xa7, 0xa6, 0xa7, 0xa6, 0xa6, 0xa6, 0xa5, 0xa6, 0xa5, 0xa5, 0xa5, 0xa5, 0xa5, 0xa5, 0xa8, 0xdf, 0xdb, 0xdc, 0xdd, 0xd4, 0x64, 0x6e, 0x69, 0x69, 0x6c, 0x6b, 0x6c, 0x6b, 0x69, 0x6c, 0x8d, 0x94, 0x74, 0xac, 0xa5, 0xab, 0xf0, 0xdd, 0xbb, 0xa6, 0xae, 0xf0, 0xee, 0xa7, 0xbe, 0x73, 0x5e, 0x67, 0x67, 0x67, 0x67, 0x67, 0x67, 0x67, 0x67, 0x67, 0x67, 0x67, 0x67, 0x65, 0x65, 0x5f, 0x5f, 0x59, 0x5f, 0x59, 0x5b, 0x59, 0x59, 0x59, 0x59, 0x59, 0x59, 0x59, 0x59, 0x59, 0x59, 0x5e, 0x5e, 0x56, 0x5e, 0x56, 0x56, 0x56, 0x56, 0x56, 0x56, 0x56, 0x56, 0x56, 0x56, 0x56, 0x53, 
  0x95, 0x94, 0x95, 0x94, 0x95, 0x95, 0x95, 0x95, 0x95, 0x95, 0x95, 0x94, 0x95, 0x95, 0x95, 0x95, 0x95, 0x8f, 0x98, 0xcf, 0xdf, 0xe0, 0xc1, 0xb6, 0xb6, 0xb4, 0xb4, 0xb4, 0xb4, 0xb2, 0xb4, 0xb2, 0xb2, 0xb2, 0xb2, 0xb2, 0xb0, 0xb2, 0xb0, 0xb2, 0xb0, 0xb1, 0xb0, 0xb0, 0xb0, 0xb0, 0xb0, 0xb0, 0xb0, 0xb0, 0xaf, 0xaf, 0xaf, 0xaf, 0xb0, 0xaf, 0xb7, 0x7c, 0x8b, 0x8b, 0x8b, 0x8f, 0x8b, 0x8f, 0x8d, 0x8f, 0x8d, 0x8f, 0x8b, 0x8f, 0x8f, 0x8f, 0x90, 0x92, 0x93, 0x91, 0x98, 0x98, 0x9a, 0x98, 0x98, 0x8d, 0x8c, 0x8f, 0x96, 0x92, 0x96, 0x96, 0x90, 0x8e, 0x8c, 0xa1, 0x9f, 0xa1, 0xa1, 0x7e, 0xb7, 0xad, 0xad, 0xad, 0xad, 0xac, 0xad, 0xac, 0xad, 0xac, 0xac, 0x35, 0x35, 0x35, 0x35, 0x35, 0x35, 0x35, 0x35, 0x35, 0x35, 0x35, 0x35, 0x35, 0x35, 0x35, 0xab, 0xad, 0xab, 0xab, 0xab, 0xab, 0xab, 0xaa, 0xaa, 0xaa, 0xaa, 0xaa, 0xa9, 0xaa, 0xa8, 0xa9, 0xa8, 0xa8, 0xa8, 0xa8, 0xa7, 0xa7, 0xa7, 0xa7, 0xa7, 0xa6, 0xa7, 0xa6, 0xa6, 0xa6, 0xa5, 0xa6, 0xa5, 0xa5, 0xa5, 0xa5, 0xa5, 0xa6, 0xa4, 0x40, 0xed, 0xdb, 0xdc, 0xed, 0xd4, 0x66, 0x69, 0x69, 0x6b, 0x6c, 0x6c, 0x6c, 0x6c, 0x6b, 0x6c, 0x94, 0x94, 0x71, 0x35, 0xa5, 0xae, 0xe3, 0xdd, 0xbe, 0xa7, 0xab, 0xf0, 0xf0, 0xa7, 0x40, 0x73, 0x65, 0x67, 0x67, 0x67, 0x67, 0x67, 0x67, 0x67, 0x67, 0x67, 0x67, 0x67, 0x67, 0x65, 0x65, 0x65, 0x5f, 0x5f, 0x5b, 0x5f, 0x59, 0x5b, 0x59, 0x5b, 0x59, 0x59, 0x59, 0x5e, 0x59, 0x5e, 0x59, 0x5e, 0x56, 0x5e, 0x56, 0x5e, 0x56, 0x59, 0x56, 0x56, 0x56, 0x56, 0x56, 0x56, 0x56, 0x53, 0x56, 
  0x95, 0x95, 0x94, 0x95, 0x95, 0x94, 0x95, 0x95, 0x95, 0x95, 0x95, 0x95, 0x95, 0x94, 0x95, 0x95, 0x94, 0x94, 0x98, 0xd0, 0xe0, 0xde, 0xde, 0xb6, 0xb6, 0xb4, 0xb4, 0xb4, 0xb4, 0xb4, 0xb2, 0xb4, 0xb2, 0xb2, 0xb2, 0xb2, 0xb2, 0xb2, 0xb2, 0xb0, 0xb1, 0xb0, 0xb1, 0xb0, 0xb0, 0xb0, 0xaf, 0xb0, 0xb0, 0xaf, 0xaf, 0xaf, 0xb0, 0xaf, 0xb2, 0xae, 0xba, 0x8d, 0x8b, 0x8b, 0x8b, 0x8f, 0x8b, 0x8f, 0x8f, 0x8f, 0x8f, 0x8f, 0x8f, 0x8f, 0x8f, 0x8f, 0x96, 0x90, 0x93, 0x95, 0x98, 0x98, 0x98, 0x9d, 0x98, 0x8d, 0x88, 0x91, 0x91, 0x96, 0x96, 0x93, 0x92, 0x8e, 0x8c, 0x9f, 0xa1, 0x9f, 0x9f, 0xa1, 0xc7, 0xac, 0xad, 0xac, 0xad, 0xac, 0xac, 0xac, 0xac, 0xac, 0xac, 0xab, 0x35, 0x35, 0x35, 0x35, 0x35, 0x35, 0x35, 0x35, 0x35, 0x35, 0x35, 0xaa, 0x35, 0xab, 0x35, 0xab, 0x35, 0xab, 0xab, 0xab, 0xaa, 0xaa, 0xab, 0xaa, 0xaa, 0xaa, 0xaa, 0xa8, 0xa8, 0xa8, 0xa8, 0xa8, 0xa7, 0xa8, 0xa7, 0xa7, 0xa6, 0xa7, 0xa6, 0xa7, 0xa6, 0xa6, 0xa6, 0xa6, 0xa6, 0xa5, 0xa5, 0xa5, 0xa5, 0xa5, 0xa6, 0xa5, 0xa7, 0xcb, 0xdc, 0xdc, 0xdc, 0xed, 0x85, 0x69, 0x6c, 0x6c, 0x69, 0x6c, 0x6c, 0x6b, 0x6c, 0x69, 0x6f, 0x94, 0x8d, 0x6f, 0xaa, 0xa5, 0xae, 0xe3, 0xdc, 0xc1, 0xa6, 0xab, 0xee, 0xf0, 0xab, 0xae, 0x59, 0x6d, 0x65, 0x67, 0x67, 0x67, 0x67, 0x67, 0x67, 0x67, 0x67, 0x67, 0x67, 0x67, 0x65, 0x65, 0x5f, 0x5f, 0x59, 0x59, 0x5f, 0x5b, 0x59, 0x59, 0x59, 0x59, 0x59, 0x5e, 0x59, 0x59, 0x5e, 0x59, 0x5e, 0x59, 0x56, 0x5e, 0x56, 0x59, 0x56, 0x56, 0x56, 0x56, 0x56, 0x56, 0x56, 0x56, 0x56, 0x53, 
  0x95, 0x95, 0x95, 0x94, 0x95, 0x95, 0x94, 0x98, 0x95, 0x98, 0x95, 0x95, 0x94, 0x95, 0x95, 0x95, 0x95, 0x95, 0x98, 0x5e, 0xdf, 0xdf, 0xdd, 0xb9, 0xb5, 0xb4, 0xb4, 0xb4, 0xb4, 0xb2, 0xb4, 0xb2, 0xb2, 0xb2, 0xb2, 0xb2, 0xb2, 0xb2, 0xb2, 0xb1, 0xb0, 0xb1, 0xb0, 0xb0, 0xaf, 0xb0, 0xaf, 0xb0, 0xaf, 0xb0, 0xaf, 0xb0, 0xaf, 0xb0, 0xb1, 0x38, 0xbf, 0x95, 0x87, 0x8b, 0x8b, 0x8b, 0x8b, 0x89, 0x8f, 0x8f, 0x8f, 0x8f, 0x8f, 0x8f, 0x8f, 0x8e, 0x97, 0x92, 0x93, 0x91, 0x98, 0x9a, 0x9a, 0x98, 0x98, 0x88, 0x8e, 0x93, 0x93, 0x93, 0x96, 0x96, 0x91, 0x8c, 0x8e, 0x9e, 0xa1, 0x9f, 0xa1, 0xa3, 0xd0, 0xaf, 0xad, 0x38, 0xad, 0xac, 0xac, 0xac, 0xac, 0xac, 0xac, 0x35, 0x35, 0x35, 0x35, 0x35, 0x35, 0x35, 0x35, 0x35, 0x35, 0x35, 0x35, 0x35, 0xab, 0xac, 0xab, 0xac, 0xab, 0x35, 0xab, 0xab, 0xab, 0xaa, 0xaa, 0xaa, 0xaa, 0xaa, 0xa9, 0xa8, 0xa8, 0xa8, 0xa8, 0xa7, 0xa8, 0xa7, 0xa7, 0xa6, 0xa7, 0xa6, 0xa7, 0xa6, 0xa6, 0xa6, 0xa6, 0xa6, 0xa5, 0xa6, 0xa5, 0xa5, 0xa5, 0xa5, 0xa6, 0xa4, 0xbb, 0xe0, 0xdb, 0xdd, 0xdb, 0xdf, 0xd4, 0x66, 0x6b, 0x6c, 0x6f, 0x6c, 0x6f, 0x6c, 0x6f, 0x66, 0x75, 0x93, 0x8f, 0x6c, 0xa8, 0x34, 0xd9, 0xe3, 0xdc, 0xc4, 0xa8, 0xa7, 0xee, 0xf0, 0xda, 0x3e, 0xce, 0x6d, 0x65, 0x65, 0x6d, 0x67, 0x67, 0x67, 0x65, 0x67, 0x65, 0x67, 0x65, 0x67, 0x65, 0x65, 0x5f, 0x5f, 0x5b, 0x59, 0x5b, 0x59, 0x5b, 0x59, 0x5b, 0x59, 0x5b, 0x59, 0x5e, 0x59, 0x5e, 0x56, 0x5e, 0x56, 0x5e, 0x56, 0x59, 0x56, 0x59, 0x56, 0x56, 0x56, 0x56, 0x56, 0x56, 0x56, 0x53, 0x56, 
  0x95, 0x95, 0x95, 0x95, 0x95, 0x94, 0x95, 0x95, 0x95, 0x95, 0x98, 0x94, 0x95, 0x95, 0x94, 0x95, 0x94, 0x91, 0x98, 0x6e, 0xe0, 0xde, 0xc1, 0xb6, 0xb6, 0xb4, 0xb4, 0xb4, 0xb4, 0xb4, 0xb2, 0xb4, 0xb2, 0xb2, 0xb2, 0xb2, 0xb2, 0xb2, 0xb2, 0xb0, 0xb2, 0xb0, 0xb1, 0xb0, 0xb0, 0xaf, 0xb0, 0xaf, 0xb0, 0xaf, 0xb0, 0xaf, 0xb0, 0xaf, 0xb2, 0xad, 0xc7, 0x98, 0x87, 0x8b, 0x8f, 0x8f, 0x8f, 0x8f, 0x8f, 0x8f, 0x8f, 0x8f, 0x8f, 0x8f, 0x8f, 0x93, 0x96, 0x90, 0x96, 0x95, 0x98, 0x98, 0x9a, 0x9a, 0x98, 0x8d, 0x8c, 0x91, 0x91, 0x93, 0x96, 0x96, 0x92, 0x88, 0x91, 0x9b, 0x9f, 0xa1, 0x9f, 0xa1, 0x96, 0xbc, 0x38, 0xad, 0x38, 0xac, 0x35, 0xac, 0xac, 0xac, 0xac, 0x35, 0x35, 0x35, 0x35, 0x35, 0x35, 0x35, 0x35, 0x35, 0x35, 0x35, 0xac, 0x35, 0x35, 0xab, 0x35, 0x35, 0x35, 0xab, 0xab, 0xab, 0xaa, 0xaa, 0xab, 0xaa, 0xaa, 0xaa, 0xaa, 0xa8, 0xa8, 0xa8, 0xa8, 0xa8, 0xa7, 0xa7, 0xa7, 0xa7, 0xa6, 0xa7, 0xa6, 0xa6, 0xa6, 0xa6, 0xa6, 0xa6, 0xa5, 0xa5, 0xa5, 0xa5, 0xa5, 0xa6, 0xa5, 0xa5, 0xdf, 0xdb, 0xdb, 0xdb, 0xdc, 0xe4, 0x78, 0x6c, 0x69, 0x6f, 0x6c, 0x6f, 0x6a, 0x6f, 0x6c, 0x69, 0x79, 0x94, 0x94, 0x5c, 0xa8, 0x34, 0xda, 0xe3, 0xda, 0xc8, 0x35, 0xa5, 0xe2, 0xed, 0xdf, 0xdf, 0xcb, 0x00, 0x5c, 0x67, 0x67, 0x67, 0x6d, 0x67, 0x67, 0x67, 0x67, 0x67, 0x67, 0x67, 0x65, 0x65, 0x5f, 0x5f, 0x59, 0x5b, 0x59, 0x5b, 0x59, 0x59, 0x59, 0x5b, 0x59, 0x5d, 0x5e, 0x5e, 0x59, 0x5e, 0x56, 0x5e, 0x56, 0x5e, 0x56, 0x56, 0x56, 0x56, 0x56, 0x56, 0x56, 0x56, 0x56, 0x56, 0x56, 0x53, 
  0x95, 0x95, 0x95, 0x94, 0x95, 0x95, 0x94, 0x98, 0x94, 0x98, 0x94, 0x95, 0x94, 0x95, 0x95, 0x95, 0x95, 0x94, 0x95, 0xd4, 0xca, 0xde, 0xbe, 0xb9, 0xb5, 0xb4, 0xb4, 0xb4, 0xb2, 0xb4, 0xb4, 0xb4, 0xb2, 0xb2, 0xb2, 0xb2, 0xb2, 0xb2, 0xb0, 0xb1, 0xb0, 0xb0, 0xb0, 0xb0, 0xaf, 0xb0, 0xaf, 0xb0, 0xaf, 0xb0, 0xaf, 0xaf, 0xaf, 0xaf, 0xb2, 0x38, 0xcb, 0x98, 0x87, 0x87, 0x8f, 0x8f, 0x8f, 0x8f, 0x8f, 0x8f, 0x8f, 0x8f, 0x94, 0x8f, 0x8f, 0x93, 0x96, 0x90, 0x98, 0x91, 0x95, 0x98, 0x9a, 0x98, 0x98, 0x88, 0x88, 0x91, 0x93, 0x91, 0x96, 0x92, 0x93, 0x8c, 0x96, 0x97, 0x9e, 0xa1, 0xa1, 0xa1, 0xa3, 0xcc, 0xae, 0xad, 0xad, 0xac, 0xac, 0xac, 0xac, 0xac, 0xac, 0x35, 0x35, 0x35, 0x35, 0x35, 0x35, 0x35, 0x35, 0x35, 0x35, 0xaa, 0xa8, 0xac, 0xac, 0x35, 0xab, 0x35, 0x35, 0x35, 0xab, 0xab, 0xab, 0xaa, 0xaa, 0xaa, 0xaa, 0xaa, 0xa9, 0xa8, 0xa8, 0xa8, 0xa8, 0xa7, 0xa8, 0xa7, 0xa7, 0xa6, 0xa7, 0xa6, 0xa6, 0xa6, 0xa6, 0xa6, 0xa6, 0xa6, 0xa5, 0xa6, 0xa5, 0xa5, 0xa5, 0xa5, 0xa4, 0x3e, 0xe1, 0xc1, 0xdf, 0xe4, 0xe8, 0x9b, 0x6e, 0x6e, 0x6f, 0x6c, 0x6f, 0x6c, 0x6f, 0x6c, 0x6c, 0x66, 0x80, 0x94, 0x94, 0x54, 0xa6, 0xa4, 0xdb, 0xf1, 0xdb, 0x48, 0xab, 0xa6, 0xdb, 0xa5, 0xdd, 0xdf, 0xdf, 0x73, 0x65, 0x67, 0x67, 0x67, 0x67, 0x67, 0x67, 0x67, 0x67, 0x67, 0x65, 0x67, 0x65, 0x65, 0x5f, 0x5f, 0x5b, 0x59, 0x5b, 0x59, 0x5b, 0x59, 0x5b, 0x59, 0x5b, 0x59, 0x5e, 0x59, 0x5e, 0x59, 0x5e, 0x56, 0x5e, 0x56, 0x5e, 0x56, 0x59, 0x56, 0x56, 0x56, 0x56, 0x56, 0x56, 0x56, 0x53, 0x56, 
  0x95, 0x95, 0x95, 0x95, 0x95, 0x94, 0x95, 0x95, 0x95, 0x95, 0x95, 0x95, 0x95, 0x95, 0x94, 0x95, 0x94, 0x91, 0x95, 0x8d, 0xcb, 0xde, 0xc1, 0xb9, 0xb3, 0xb4, 0xb4, 0xb4, 0xb4, 0xb4, 0xb2, 0xb4, 0xb2, 0xb2, 0xb2, 0xb2, 0xb2, 0xb2, 0xb2, 0xb0, 0xb2, 0xb1, 0xb0, 0xb0, 0xaf, 0xb0, 0xaf, 0xb0, 0xaf, 0xb0, 0xaf, 0xaf, 0xaf, 0xb0, 0xb2, 0x38, 0x4d, 0x93, 0x87, 0x8d, 0x8f, 0x94, 0x8f, 0x94, 0x8f, 0x8f, 0x8f, 0x8f, 0x94, 0x8f, 0x94, 0x94, 0xd6, 0x90, 0x98, 0x95, 0x98, 0x98, 0x9a, 0x9a, 0x98, 0x8d, 0x88, 0x91, 0x93, 0x93, 0x96, 0x96, 0x92, 0x8c, 0x93, 0x97, 0x9b, 0xa1, 0xa1, 0x9f, 0xa1, 0x8c, 0xb8, 0xac, 0x38, 0xac, 0xac, 0xac, 0xac, 0xac, 0xac, 0x35, 0x35, 0x35, 0x35, 0x35, 0x35, 0x35, 0x35, 0x35, 0xaa, 0x3b, 0xb5, 0xa8, 0xa7, 0xa9, 0x35, 0xac, 0x35, 0xab, 0xab, 0xab, 0xaa, 0xaa, 0xab, 0xaa, 0xab, 0xaa, 0xaa, 0xa9, 0xa8, 0xa8, 0xa8, 0xa8, 0xa7, 0xa7, 0xa7, 0xa7, 0xa6, 0xa7, 0xa6, 0xa6, 0xa6, 0xa6, 0xa6, 0xa5, 0xa6, 0xa5, 0xa5, 0xa5, 0xa5, 0xa5, 0xa5, 0x48, 0xec, 0xa1, 0xa3, 0xa1, 0x9d, 0x91, 0x6e, 0x6f, 0x6f, 0x6f, 0x6c, 0x6f, 0x6a, 0x6f, 0x6b, 0x64, 0x87, 0x94, 0x94, 0xd3, 0xdc, 0xdb, 0xdb, 0xe0, 0xd9, 0xcb, 0xbb, 0xdf, 0xd9, 0xa4, 0xdc, 0xe0, 0xde, 0x00, 0x5c, 0x67, 0x67, 0x67, 0x6d, 0x67, 0x67, 0x67, 0x67, 0x67, 0x67, 0x67, 0x65, 0x65, 0x5f, 0x5f, 0x59, 0x5b, 0x59, 0x5b, 0x59, 0x59, 0x59, 0x5b, 0x59, 0x5d, 0x5e, 0x5e, 0x59, 0x5e, 0x56, 0x5e, 0x56, 0x5e, 0x56, 0x59, 0x56, 0x56, 0x56, 0x56, 0x56, 0x56, 0x56, 0x56, 0x56, 0x53, 
  0x95, 0x95, 0x95, 0x95, 0x95, 0x95, 0x94, 0x95, 0x95, 0x95, 0x95, 0x95, 0x95, 0x95, 0x95, 0x93, 0x8f, 0x95, 0x95, 0x92, 0xcc, 0xde, 0xbc, 0xb9, 0xb6, 0xb4, 0xb4, 0xb4, 0xb2, 0xb4, 0xb4, 0xb2, 0xb2, 0xb2, 0xb2, 0xb2, 0xb2, 0xb2, 0xb0, 0xb1, 0xb0, 0xb0, 0xb0, 0xb0, 0xb0, 0xb0, 0xb0, 0xaf, 0xaf, 0xaf, 0xaf, 0xaf, 0xaf, 0xb0, 0xb0, 0xaf, 0x59, 0x8f, 0x87, 0x8f, 0x8d, 0x8f, 0x8f, 0x8f, 0x8f, 0x8f, 0x8f, 0x8f, 0x8f, 0x8f, 0x8f, 0x96, 0x91, 0x92, 0x95, 0x91, 0x95, 0x9d, 0x9a, 0x98, 0x98, 0x88, 0x8e, 0x91, 0x93, 0x93, 0x93, 0x91, 0x8e, 0x92, 0x91, 0x9b, 0x97, 0xa1, 0xa1, 0xa1, 0xd7, 0xa2, 0xcb, 0xad, 0xad, 0xad, 0xad, 0xad, 0xac, 0x35, 0x35, 0x35, 0x35, 0x35, 0x35, 0x35, 0x35, 0x35, 0x35, 0x35, 0xaa, 0x3b, 0xc8, 0x48, 0x40, 0xb2, 0xab, 0xa8, 0xa8, 0xab, 0xab, 0xab, 0xab, 0xab, 0xaa, 0xaa, 0xa8, 0xa7, 0xa7, 0xa5, 0xa6, 0xab, 0xa8, 0xa7, 0xa7, 0xa7, 0xa7, 0xa6, 0xa7, 0xa6, 0xa6, 0xa6, 0xa6, 0xa6, 0xa5, 0xa6, 0xa5, 0xa5, 0xa5, 0xa5, 0xa6, 0xa4, 0xb1, 0x7e, 0x96, 0x93, 0x92, 0x95, 0x98, 0x8d, 0x6f, 0x74, 0x6f, 0x6f, 0x6c, 0x6f, 0x6f, 0x6f, 0x6c, 0x69, 0x87, 0x8d, 0x94, 0x7c, 0xf0, 0xe3, 0xda, 0xa5, 0xdd, 0xcf, 0xc5, 0xf0, 0xda, 0xa4, 0xdb, 0xe2, 0xc5, 0x73, 0x65, 0x67, 0x67, 0x67, 0x65, 0x67, 0x67, 0x67, 0x67, 0x67, 0x65, 0x67, 0x65, 0x65, 0x65, 0x5f, 0x5b, 0x59, 0x5b, 0x59, 0x59, 0x5b, 0x59, 0x5b, 0x59, 0x59, 0x5e, 0x59, 0x5e, 0x59, 0x5e, 0x56, 0x5e, 0x56, 0x56, 0x56, 0x59, 0x56, 0x56, 0x56, 0x56, 0x56, 0x56, 0x56, 0x53, 0x56, 
  0x95, 0x93, 0x95, 0x95, 0x95, 0x94, 0x95, 0x95, 0x94, 0x95, 0x95, 0x95, 0x95, 0x95, 0x95, 0x8f, 0x95, 0x91, 0x94, 0x98, 0xcf, 0xde, 0xbb, 0xb9, 0xb5, 0xb4, 0xb4, 0xb4, 0xb4, 0xb4, 0xb3, 0xb4, 0xb2, 0xb2, 0xb2, 0xb2, 0xb2, 0xb2, 0xb2, 0xb0, 0xb2, 0xb0, 0xb1, 0xb0, 0xb0, 0xb0, 0xaf, 0xaf, 0xaf, 0xaf, 0xaf, 0xaf, 0xaf, 0xb0, 0xaf, 0x3b, 0x6f, 0x8b, 0x8f, 0x8f, 0x8f, 0x8f, 0x8f, 0x8f, 0x8f, 0x8f, 0x8f, 0x94, 0x8f, 0x94, 0x8f, 0x96, 0x91, 0x8d, 0x95, 0x93, 0x95, 0x9d, 0x98, 0x9d, 0x98, 0x8d, 0x8c, 0x95, 0x93, 0x91, 0x91, 0x93, 0x91, 0x92, 0x91, 0x96, 0x96, 0x9f, 0xa1, 0x9f, 0xa1, 0xa1, 0xd4, 0xb8, 0xad, 0xad, 0xad, 0xac, 0xad, 0x35, 0x35, 0x35, 0x35, 0x35, 0x35, 0x35, 0x35, 0x35, 0x35, 0x35, 0xac, 0xaa, 0xa9, 0xb3, 0xbe, 0xc7, 0xc5, 0xbf, 0x3b, 0xad, 0x35, 0xa9, 0xa9, 0xa8, 0xaa, 0xa9, 0xaa, 0xac, 0xb0, 0xbc, 0x48, 0xba, 0xa6, 0xa8, 0xa7, 0xa7, 0xa6, 0xa7, 0xa6, 0xa7, 0xa6, 0xa6, 0xa6, 0xa5, 0xa6, 0xa5, 0xa5, 0xa5, 0xa5, 0xa5, 0xa5, 0xa5, 0x48, 0x9f, 0x93, 0x96, 0x95, 0x96, 0x95, 0x8d, 0x6c, 0x74, 0x6f, 0x6f, 0x6f, 0x6c, 0x6f, 0x6c, 0x6f, 0x6a, 0x8d, 0x8d, 0x94, 0xe6, 0xf0, 0xf0, 0xda, 0xa5, 0xde, 0xe4, 0xc1, 0xf0, 0xdb, 0xa5, 0xd9, 0xe2, 0xc1, 0x00, 0x65, 0x65, 0x65, 0x65, 0x67, 0x67, 0x67, 0x67, 0x67, 0x67, 0x67, 0x67, 0x67, 0x65, 0x65, 0x5e, 0x5b, 0x59, 0x5b, 0x59, 0x5b, 0x59, 0x5b, 0x5b, 0x59, 0x5e, 0x5e, 0x5e, 0x59, 0x5e, 0x59, 0x5e, 0x56, 0x59, 0x56, 0x59, 0x54, 0x56, 0x56, 0x56, 0x56, 0x56, 0x56, 0x56, 0x56, 0x53, 
  0x95, 0x95, 0x95, 0x95, 0x95, 0x95, 0x94, 0x95, 0x95, 0x95, 0x94, 0x95, 0x94, 0x95, 0x95, 0x95, 0x94, 0x95, 0x8f, 0x9d, 0xd0, 0xde, 0xbe, 0xb9, 0xb6, 0xb4, 0xb4, 0xb4, 0xb4, 0xb2, 0xb4, 0xb2, 0xb2, 0xb2, 0xb2, 0xb2, 0xb2, 0xb2, 0xb1, 0xb0, 0xb1, 0xb0, 0xb0, 0xb0, 0xb0, 0xb0, 0xaf, 0xaf, 0xaf, 0xaf, 0xaf, 0xaf, 0xaf, 0xaf, 0xaf, 0xba, 0x80, 0x87, 0x8f, 0x8e, 0x8f, 0x8f, 0x8f, 0x8f, 0x8f, 0x94, 0x8f, 0x8f, 0x8f, 0x8f, 0x8f, 0x96, 0x97, 0x8d, 0x96, 0x8f, 0x98, 0x9a, 0x9d, 0x98, 0x98, 0x8d, 0x91, 0x91, 0x96, 0x91, 0x93, 0x91, 0x91, 0x91, 0x92, 0x9b, 0x96, 0x9b, 0xa1, 0xa1, 0x9f, 0xa1, 0xa1, 0xcc, 0xac, 0xae, 0xad, 0xad, 0xac, 0xac, 0xac, 0x35, 0x35, 0x35, 0x35, 0x35, 0x35, 0x35, 0x35, 0x35, 0xab, 0xac, 0x35, 0xa9, 0xa7, 0xa8, 0xac, 0xb4, 0xba, 0xb4, 0xb2, 0xc2, 0xc4, 0xc5, 0xc8, 0x48, 0x48, 0xc8, 0x48, 0xc2, 0xaf, 0xa6, 0xa8, 0xa7, 0xa7, 0xa6, 0xa7, 0xa6, 0xa6, 0xa6, 0xa6, 0xa6, 0xa6, 0xa5, 0xa6, 0xa5, 0xa6, 0xa5, 0xa6, 0xa6, 0xa4, 0x3b, 0x7e, 0x9b, 0x93, 0x95, 0x96, 0x95, 0x98, 0x87, 0x6c, 0x74, 0x6f, 0x6f, 0x6c, 0x6f, 0x6c, 0x6f, 0x6a, 0x6e, 0x89, 0x8d, 0x94, 0xd3, 0xf0, 0xf0, 0xda, 0xa5, 0xde, 0xe4, 0xdf, 0xf0, 0xdd, 0xa4, 0xd9, 0xe2, 0xc1, 0x6e, 0x67, 0x67, 0x67, 0x65, 0x65, 0x67, 0x67, 0x67, 0x67, 0x67, 0x65, 0x67, 0x65, 0x67, 0x65, 0x65, 0x59, 0x5b, 0x59, 0x5b, 0x59, 0x5b, 0x59, 0x5b, 0x59, 0x59, 0x5e, 0x59, 0x5e, 0x59, 0x5e, 0x59, 0x5e, 0x56, 0x59, 0x54, 0x59, 0x56, 0x56, 0x56, 0x56, 0x56, 0x56, 0x56, 0x53, 0x56, 
  0x95, 0x93, 0x95, 0x95, 0x95, 0x94, 0x95, 0x95, 0x95, 0x95, 0x95, 0x94, 0x94, 0x94, 0x94, 0x94, 0x94, 0x94, 0x93, 0x94, 0x62, 0xde, 0xbb, 0xb9, 0xb5, 0xb4, 0xb4, 0xb4, 0xb4, 0xb4, 0xb4, 0xb2, 0xb4, 0xb2, 0xb2, 0xb2, 0xb2, 0xb2, 0xb2, 0xb0, 0xb2, 0xb0, 0xb1, 0xb0, 0xaf, 0xb0, 0xaf, 0xaf, 0xaf, 0xaf, 0xaf, 0xaf, 0xaf, 0xb2, 0x38, 0xc0, 0x89, 0x82, 0x8f, 0x8f, 0x8f, 0x8f, 0x8f, 0x8f, 0x8f, 0x8f, 0x8f, 0x8f, 0x94, 0x8f, 0x8f, 0x96, 0x96, 0x93, 0x95, 0x8e, 0x95, 0x9d, 0x98, 0x9d, 0x95, 0x8e, 0x8e, 0x91, 0x91, 0x93, 0x91, 0x93, 0x91, 0x92, 0x92, 0x96, 0x96, 0x9b, 0x9f, 0xa1, 0x9f, 0x9f, 0xa1, 0x92, 0x3e, 0xac, 0x38, 0xad, 0xac, 0xac, 0x35, 0x35, 0x35, 0x35, 0x35, 0x35, 0x35, 0x35, 0x35, 0x35, 0x35, 0xac, 0x35, 0xac, 0xac, 0xac, 0xab, 0xa9, 0xa9, 0xaa, 0xac, 0x38, 0xad, 0x38, 0xad, 0x35, 0xaa, 0xa7, 0xa6, 0xa5, 0xa7, 0xa9, 0xa8, 0xa8, 0xa7, 0xa7, 0xa6, 0xa7, 0xa6, 0xa7, 0xa6, 0xa6, 0xa6, 0xa5, 0xa6, 0xa5, 0xa5, 0xa6, 0xa6, 0xa5, 0xa6, 0xce, 0x9e, 0x96, 0x98, 0x93, 0x98, 0x95, 0x9d, 0x87, 0x6e, 0x6f, 0x6f, 0x6f, 0x6f, 0x6c, 0x6f, 0x6f, 0x6c, 0x6f, 0x8d, 0x8d, 0x94, 0xe6, 0xf0, 0xf0, 0xda, 0xa5, 0xed, 0xd0, 0xd2, 0xf0, 0xdd, 0xa5, 0xab, 0xe2, 0xe1, 0x67, 0x65, 0x67, 0x65, 0x65, 0x67, 0x67, 0x67, 0x67, 0x67, 0x67, 0x67, 0x67, 0x67, 0x65, 0x67, 0x5e, 0x5b, 0x59, 0x5b, 0x59, 0x59, 0x59, 0x5b, 0x5b, 0x59, 0x5e, 0x5e, 0x5e, 0x59, 0x5e, 0x59, 0x5e, 0x56, 0x59, 0x53, 0x59, 0x54, 0x56, 0x56, 0x56, 0x56, 0x56, 0x56, 0x56, 0x56, 0x53, 
  0x95, 0x95, 0x95, 0x95, 0x95, 0x95, 0x95, 0x94, 0x94, 0x95, 0x94, 0x94, 0x94, 0x94, 0x94, 0x8f, 0x94, 0x8f, 0x94, 0x95, 0x70, 0xde, 0xbe, 0xb9, 0xb6, 0xb4, 0xb4, 0xb2, 0xb4, 0xb2, 0xb4, 0xb2, 0xb2, 0xb2, 0xb2, 0xb2, 0xb2, 0xb2, 0xb1, 0xb0, 0xb1, 0xb0, 0xb0, 0xb0, 0xb0, 0xaf, 0xaf, 0xaf, 0xaf, 0xaf, 0xaf, 0xaf, 0xb0, 0xb1, 0x38, 0x48, 0x82, 0x82, 0x8b, 0x94, 0x8f, 0x8f, 0x94, 0x8f, 0x94, 0x94, 0x8f, 0x94, 0x8f, 0x8f, 0x8f, 0x9b, 0x91, 0x8e, 0x95, 0x91, 0x95, 0x9a, 0x9d, 0x98, 0x98, 0x8e, 0x91, 0x91, 0x91, 0x91, 0x91, 0x91, 0x91, 0x92, 0x91, 0x9b, 0x96, 0x96, 0x9d, 0x9f, 0xa1, 0xa1, 0x9d, 0xd8, 0x4e, 0xad, 0x38, 0xad, 0xad, 0xac, 0xac, 0x35, 0x35, 0x35, 0x35, 0x35, 0x35, 0x35, 0x35, 0x35, 0xab, 0xac, 0xac, 0xac, 0x35, 0x35, 0xac, 0x35, 0xac, 0xac, 0xab, 0xaa, 0xaa, 0xaa, 0xa9, 0xa9, 0xaa, 0xa9, 0xaa, 0xaa, 0xaa, 0xa8, 0xa8, 0xa7, 0xa8, 0xa6, 0xa7, 0xa6, 0xa6, 0xa6, 0xa6, 0xa6, 0xa6, 0xa5, 0xa6, 0xa5, 0xa6, 0xa5, 0xa6, 0xa4, 0x40, 0x8c, 0x97, 0x9a, 0x95, 0x98, 0x95, 0x98, 0x98, 0x80, 0x6f, 0x74, 0x6f, 0x6f, 0x6c, 0x6f, 0x6c, 0x6f, 0x6b, 0x6f, 0x94, 0x8d, 0x94, 0xd3, 0xf0, 0xf0, 0xd9, 0xa7, 0xde, 0xd0, 0xd2, 0xf0, 0xee, 0xa5, 0xa5, 0xe1, 0xe8, 0x65, 0x67, 0x65, 0x67, 0x65, 0x65, 0x67, 0x67, 0x67, 0x67, 0x65, 0x67, 0x65, 0x67, 0x67, 0x67, 0x65, 0x59, 0x5b, 0x59, 0x5b, 0x59, 0x5b, 0x59, 0x5b, 0x59, 0x59, 0x5e, 0x59, 0x5e, 0x59, 0x5e, 0x59, 0x5e, 0x56, 0x59, 0x54, 0x59, 0x56, 0x56, 0x56, 0x56, 0x56, 0x56, 0x56, 0x53, 0x56, 
  0x95, 0x95, 0x95, 0x95, 0x94, 0x94, 0x94, 0x95, 0x94, 0x94, 0x94, 0x8f, 0x8f, 0x8f, 0x8f, 0x94, 0x8f, 0x94, 0x94, 0x8f, 0x85, 0xc8, 0xbb, 0xb9, 0xb5, 0xb5, 0xb4, 0xb4, 0xb4, 0xb4, 0xb4, 0xb2, 0xb4, 0xb2, 0xb2, 0xb2, 0xb0, 0xb2, 0xb0, 0xb2, 0xb0, 0xb1, 0xb0, 0xb0, 0xb0, 0xb0, 0xb0, 0xb0, 0xaf, 0xb0, 0xaf, 0xb0, 0xb0, 0xb2, 0xaf, 0x4e, 0x7a, 0x82, 0x89, 0x8f, 0x8f, 0x8f, 0x8f, 0x94, 0x8f, 0x8f, 0x94, 0x94, 0x8f, 0x8f, 0x8d, 0x9d, 0x8e, 0x93, 0x93, 0x8f, 0x96, 0x9a, 0x9d, 0x9d, 0x9d, 0x8e, 0x91, 0x8e, 0x91, 0x93, 0x91, 0x93, 0x92, 0x8e, 0x8e, 0x96, 0x98, 0x93, 0x9a, 0x9d, 0x9f, 0xa1, 0xa1, 0x9b, 0xa1, 0xc0, 0xab, 0xae, 0xac, 0xac, 0xac, 0xac, 0xac, 0xac, 0x35, 0x35, 0x35, 0x35, 0x35, 0x35, 0x35, 0x35, 0xab, 0x35, 0x35, 0x35, 0x35, 0x35, 0x35, 0xab, 0x35, 0xab, 0xab, 0xab, 0xab, 0xaa, 0xaa, 0xa9, 0xa8, 0xa8, 0xa8, 0xa8, 0xa8, 0xa8, 0xa7, 0xa7, 0xa6, 0xa7, 0xa6, 0xa7, 0xa6, 0xa5, 0xa6, 0xa5, 0xa6, 0xa5, 0xa6, 0xa6, 0xa5, 0xad, 0x5e, 0x97, 0x98, 0x98, 0x98, 0x98, 0x98, 0x98, 0x98, 0x80, 0x6f, 0x74, 0x6f, 0x74, 0x6c, 0x6f, 0x6c, 0x6c, 0x6c, 0x79, 0x94, 0x8d, 0x94, 0xe5, 0xf0, 0xf0, 0xd9, 0xa6, 0xdf, 0xe4, 0x62, 0xf0, 0xed, 0xab, 0xc1, 0x6d, 0xd2, 0x6d, 0x67, 0x67, 0x67, 0x67, 0x67, 0x67, 0x67, 0x67, 0x65, 0x65, 0x65, 0x65, 0x5f, 0x5f, 0x5f, 0x5f, 0x59, 0x5b, 0x59, 0x5b, 0x59, 0x59, 0x5b, 0x5b, 0x59, 0x5e, 0x5e, 0x5e, 0x56, 0x5e, 0x56, 0x5e, 0x56, 0x56, 0x56, 0x56, 0x56, 0x56, 0x56, 0x56, 0x56, 0x56, 0x56, 0x56, 0x53, 0x53, 
  0x95, 0x95, 0x95, 0x95, 0x95, 0x95, 0x94, 0x94, 0x95, 0x94, 0x8f, 0x8f, 0x8b, 0x8b, 0x89, 0x8f, 0x8f, 0x8f, 0x94, 0x8f, 0x92, 0xcb, 0xbe, 0xb9, 0xb5, 0xb5, 0xb4, 0xb4, 0xb4, 0xb4, 0xb2, 0xb4, 0xb2, 0xb2, 0xb2, 0xb2, 0xb2, 0xb0, 0xb2, 0xb0, 0xb1, 0xb0, 0xb0, 0xb0, 0xb0, 0xb0, 0xb0, 0xb0, 0xb0, 0xaf, 0xaf, 0xb0, 0xb0, 0xaf, 0xb4, 0x60, 0x76, 0x7d, 0x86, 0x89, 0x8b, 0x8b, 0x8f, 0x8f, 0x89, 0x8f, 0x89, 0x8b, 0x8b, 0x89, 0x8d, 0x9b, 0x8e, 0x92, 0x94, 0x91, 0x95, 0x9d, 0x9d, 0x9d, 0x98, 0x8e, 0x8e, 0x91, 0x91, 0x91, 0x93, 0x90, 0x93, 0x8c, 0x8e, 0x98, 0x96, 0x96, 0x98, 0x9a, 0xa1, 0xa1, 0x9f, 0xa1, 0x9f, 0x7b, 0xb0, 0xac, 0xad, 0xac, 0xac, 0xac, 0xac, 0xac, 0x35, 0x35, 0x35, 0x35, 0x35, 0x35, 0x35, 0x35, 0x35, 0x35, 0x35, 0x35, 0x35, 0x35, 0x35, 0x35, 0xab, 0x35, 0xab, 0x35, 0xaa, 0xab, 0xaa, 0xa8, 0xa9, 0xa8, 0xa9, 0xa8, 0xa8, 0xa7, 0xa7, 0xa7, 0xa7, 0xa6, 0xa6, 0xa6, 0xa6, 0xa6, 0xa6, 0xa5, 0xa6, 0xa5, 0xa6, 0xa5, 0xa5, 0xcc, 0xd5, 0x91, 0x98, 0x98, 0x98, 0x98, 0x98, 0x98, 0x98, 0x79, 0x6f, 0x74, 0x74, 0x74, 0x6f, 0x6c, 0x6c, 0x6f, 0x6c, 0x75, 0x94, 0x8d, 0x94, 0xe5, 0xf0, 0xf0, 0xd9, 0xa7, 0xdf, 0xd0, 0xd3, 0xe4, 0xf2, 0xd2, 0x7e, 0x6d, 0x6d, 0x67, 0x67, 0x67, 0x67, 0x67, 0x67, 0x67, 0x67, 0x67, 0x67, 0x63, 0x65, 0x65, 0x5f, 0x5f, 0x5f, 0x5f, 0x5b, 0x59, 0x5b, 0x59, 0x59, 0x5b, 0x59, 0x5b, 0x59, 0x5e, 0x59, 0x5e, 0x56, 0x5e, 0x59, 0x5e, 0x56, 0x59, 0x56, 0x56, 0x56, 0x56, 0x56, 0x56, 0x56, 0x53, 0x56, 0x53, 0x53, 0x53, 
  0x95, 0x95, 0x95, 0x95, 0x94, 0x94, 0x95, 0x94, 0x94, 0x94, 0x8f, 0x8f, 0x86, 0x89, 0x8b, 0x89, 0x89, 0x8f, 0x8f, 0x8b, 0x95, 0xe1, 0xbe, 0xb9, 0xb5, 0xb4, 0xb5, 0xb4, 0xb4, 0xb4, 0xb4, 0xb2, 0xb4, 0xb2, 0xb2, 0xb2, 0xb0, 0xb2, 0xb0, 0xb2, 0xb0, 0xb2, 0xb0, 0xb1, 0xb0, 0xb0, 0xb0, 0xb0, 0xaf, 0xb0, 0xaf, 0xb0, 0xb0, 0x38, 0xbe, 0x7a, 0x6f, 0x76, 0x81, 0x81, 0x83, 0x83, 0x89, 0x83, 0x89, 0x89, 0x83, 0x83, 0x83, 0x86, 0x87, 0x9b, 0x8c, 0x93, 0x8e, 0x8f, 0x93, 0x9d, 0x9d, 0x9d, 0x9d, 0x8e, 0x93, 0x8e, 0x91, 0x93, 0x91, 0x93, 0x92, 0x8e, 0x8e, 0x96, 0x93, 0x98, 0x96, 0x9a, 0x9e, 0xa1, 0xa1, 0xa1, 0x9d, 0xa1, 0xcc, 0xab, 0x38, 0xad, 0xac, 0xac, 0xac, 0xac, 0x35, 0x35, 0x35, 0x35, 0x35, 0x35, 0x35, 0x35, 0x35, 0x35, 0x35, 0x35, 0x35, 0x35, 0x35, 0xab, 0x35, 0xab, 0xab, 0xab, 0xab, 0xaa, 0xaa, 0xa9, 0xa8, 0xa8, 0xa8, 0xa8, 0xa8, 0xa8, 0xa7, 0xa7, 0xa6, 0xa7, 0xa6, 0xa6, 0xa6, 0xa5, 0xa6, 0xa5, 0xa6, 0xa5, 0xa6, 0xa4, 0x40, 0x7e, 0xd4, 0x96, 0x98, 0x98, 0x98, 0x98, 0x98, 0x98, 0x98, 0x79, 0x74, 0x74, 0x74, 0x6f, 0x6f, 0x6c, 0x6f, 0x6c, 0x6a, 0x80, 0x94, 0x87, 0x94, 0xe5, 0xf0, 0xf0, 0xad, 0xa5, 0xde, 0xe4, 0x67, 0xe6, 0x6d, 0x67, 0x5f, 0x67, 0x67, 0x67, 0x6d, 0x67, 0x67, 0x67, 0x67, 0x67, 0x67, 0x67, 0x67, 0x65, 0x65, 0x65, 0x5f, 0x5f, 0x5f, 0x5f, 0x59, 0x5b, 0x59, 0x5b, 0x59, 0x59, 0x5b, 0x5b, 0x59, 0x59, 0x5e, 0x59, 0x5e, 0x56, 0x5e, 0x56, 0x59, 0x56, 0x56, 0x56, 0x56, 0x56, 0x56, 0x56, 0x56, 0x56, 0x53, 0x56, 0x53, 0x53, 
  0x95, 0x95, 0x95, 0x95, 0x94, 0x95, 0x94, 0x94, 0x94, 0x8f, 0x8f, 0x86, 0x86, 0x86, 0x82, 0x89, 0x8f, 0x89, 0x8f, 0x89, 0x9b, 0x4e, 0xc1, 0xba, 0xb6, 0xb5, 0xb4, 0xb4, 0xb4, 0xb4, 0xb4, 0xb4, 0xb2, 0xb2, 0xb2, 0xb2, 0xb2, 0xb1, 0xb2, 0xb0, 0xb1, 0xb0, 0xb0, 0xb0, 0xb0, 0xb0, 0xb0, 0xb0, 0xb0, 0xaf, 0xb0, 0xb0, 0xb2, 0xad, 0x49, 0x7a, 0x72, 0x76, 0x76, 0x76, 0x81, 0x76, 0x81, 0x81, 0x81, 0x81, 0x81, 0x7d, 0x81, 0x82, 0x87, 0x9d, 0x8c, 0x93, 0x93, 0x8e, 0x95, 0x9d, 0x9d, 0x9d, 0x98, 0x8e, 0x8e, 0x91, 0x91, 0x91, 0x91, 0x93, 0x90, 0x8e, 0x8c, 0x98, 0x96, 0x96, 0x98, 0x9a, 0x9b, 0xa1, 0xa1, 0xa1, 0x9f, 0x9f, 0x9b, 0x40, 0xab, 0x38, 0xac, 0xac, 0xac, 0xad, 0x35, 0x35, 0x35, 0x35, 0x35, 0x35, 0x35, 0x35, 0x35, 0x35, 0x35, 0x35, 0x35, 0x35, 0x35, 0xab, 0x35, 0x35, 0xab, 0xab, 0xaa, 0xab, 0xaa, 0xa8, 0xa9, 0xa8, 0xa9, 0xa8, 0xa8, 0xa7, 0xa7, 0xa7, 0xa7, 0xa6, 0xa7, 0xa6, 0xa6, 0xa6, 0xa5, 0xa6, 0xa5, 0xa7, 0xa4, 0xb3, 0x67, 0xd4, 0x88, 0x98, 0x98, 0x98, 0x98, 0x98, 0x98, 0x98, 0x98, 0x75, 0x74, 0x74, 0x74, 0x74, 0x6f, 0x6c, 0x6f, 0x6c, 0x6c, 0x85, 0x94, 0x8d, 0x95, 0xd3, 0xde, 0xe2, 0xdd, 0xbb, 0xcf, 0xd3, 0x67, 0x62, 0x67, 0x65, 0x67, 0x67, 0x67, 0x67, 0x67, 0x67, 0x67, 0x67, 0x67, 0x67, 0x67, 0x67, 0x67, 0x65, 0x65, 0x67, 0x65, 0x5d, 0x65, 0x5d, 0x5b, 0x59, 0x5b, 0x59, 0x59, 0x5b, 0x59, 0x33, 0x59, 0x5e, 0x5e, 0x5e, 0x56, 0x5e, 0x59, 0x5e, 0x56, 0x59, 0x56, 0x56, 0x56, 0x56, 0x56, 0x56, 0x56, 0x53, 0x56, 0x53, 0x53, 0x53, 
  0x95, 0x95, 0x95, 0x95, 0x94, 0x95, 0x94, 0x94, 0x94, 0x94, 0x8b, 0x89, 0x83, 0x82, 0x83, 0x82, 0x89, 0x89, 0x8f, 0x86, 0x94, 0xd2, 0xc4, 0xbb, 0xb7, 0xb5, 0xb5, 0xb4, 0xb5, 0xb4, 0xb4, 0xb4, 0xb4, 0xb2, 0xb2, 0xb2, 0xb2, 0xb2, 0xb2, 0xb2, 0xb0, 0xb2, 0xb1, 0xb0, 0xb1, 0xb0, 0xb0, 0xb0, 0xb0, 0xb0, 0xb0, 0xb0, 0xb0, 0xb2, 0x55, 0x72, 0x76, 0x76, 0x76, 0x76, 0x72, 0x76, 0x76, 0x76, 0x76, 0x76, 0x76, 0x76, 0x81, 0x81, 0x87, 0x9b, 0x88, 0x98, 0x8d, 0x8e, 0x95, 0x9a, 0x9d, 0x9d, 0x98, 0x8e, 0x93, 0x8e, 0x93, 0x91, 0x93, 0x92, 0x91, 0x8e, 0x8e, 0x96, 0x96, 0x98, 0x9a, 0x9a, 0x9d, 0x9f, 0xa1, 0xa1, 0x9f, 0xa1, 0xa1, 0xd3, 0xaf, 0xad, 0x38, 0xad, 0xac, 0xac, 0x35, 0x35, 0x35, 0x35, 0x35, 0x35, 0x35, 0x35, 0x35, 0x35, 0x35, 0x35, 0x35, 0x35, 0xab, 0x35, 0xab, 0x35, 0xab, 0xaa, 0xab, 0xaa, 0xaa, 0xa9, 0xa8, 0xa8, 0xa8, 0xa8, 0xa8, 0xa8, 0xa7, 0xa7, 0xa6, 0xa7, 0xa6, 0xa6, 0xa6, 0xa6, 0xa6, 0xa6, 0xa6, 0xa5, 0xab, 0x51, 0xd4, 0x84, 0x88, 0x9d, 0x98, 0x9a, 0x98, 0x98, 0x98, 0x98, 0x95, 0x74, 0x74, 0x74, 0x74, 0x6f, 0x6f, 0x6c, 0x6c, 0x6b, 0x6c, 0x87, 0x8d, 0x8d, 0x87, 0x87, 0xd3, 0x6c, 0x78, 0x8c, 0xe6, 0x67, 0x67, 0x6d, 0x67, 0x67, 0x67, 0x67, 0x67, 0x67, 0x67, 0x67, 0x67, 0x67, 0x67, 0x67, 0x67, 0x67, 0x67, 0x65, 0x65, 0x65, 0x5d, 0x5f, 0x2e, 0x5f, 0x59, 0x5b, 0x59, 0x5b, 0x59, 0x59, 0x5b, 0x59, 0x59, 0x59, 0x5e, 0x56, 0x5e, 0x56, 0x5e, 0x56, 0x59, 0x56, 0x56, 0x56, 0x56, 0x56, 0x56, 0x56, 0x56, 0x56, 0x53, 0x56, 0x53, 0x53, 
  0x91, 0x95, 0x95, 0x95, 0x94, 0x95, 0x95, 0x94, 0x8f, 0x8f, 0x8b, 0x86, 0x82, 0x89, 0x82, 0x81, 0x82, 0x83, 0x89, 0x87, 0x94, 0xd3, 0xc6, 0xbc, 0xb7, 0xb5, 0xb5, 0xb4, 0xb5, 0xb5, 0xb5, 0xb4, 0xb4, 0xb4, 0xb2, 0xb2, 0xb2, 0xb2, 0xb2, 0xb2, 0xb2, 0xb2, 0xb0, 0xb2, 0xb0, 0xb2, 0xb0, 0xb0, 0xb0, 0xb0, 0xb0, 0xb2, 0x38, 0xbe, 0x6f, 0x72, 0x72, 0x72, 0x72, 0x76, 0x72, 0x76, 0x72, 0x76, 0x72, 0x76, 0x76, 0x81, 0x7d, 0x89, 0x87, 0x98, 0x8c, 0x96, 0x8d, 0x8d, 0x8e, 0x9d, 0x98, 0x98, 0x98, 0x8e, 0x91, 0x91, 0x91, 0x91, 0x91, 0x91, 0x91, 0x91, 0x8c, 0x95, 0x97, 0x98, 0x9b, 0x98, 0x9b, 0x9d, 0x9e, 0xa1, 0xa1, 0xa1, 0x9f, 0xa2, 0xcb, 0xab, 0xae, 0x38, 0xad, 0xac, 0xac, 0xac, 0xac, 0x35, 0x35, 0x35, 0x35, 0x35, 0x35, 0x35, 0x35, 0x35, 0x35, 0x35, 0xab, 0xab, 0xab, 0xab, 0xaa, 0xab, 0xaa, 0xa9, 0xa9, 0xa8, 0xa9, 0xa8, 0xa8, 0xa8, 0xa8, 0xa7, 0xa7, 0xa7, 0xa7, 0xa6, 0xa7, 0xa6, 0xa6, 0xa6, 0xa6, 0xa6, 0xa5, 0xa8, 0xce, 0xd4, 0xd4, 0x85, 0x91, 0x98, 0x98, 0x98, 0x98, 0x9a, 0x98, 0x9a, 0x95, 0x74, 0x74, 0x74, 0x74, 0x74, 0x6c, 0x6f, 0x6c, 0x6c, 0x6c, 0x6c, 0x69, 0x6c, 0x6f, 0x64, 0x69, 0x60, 0x62, 0x73, 0x65, 0x67, 0x67, 0x67, 0x67, 0x67, 0x67, 0x67, 0x67, 0x67, 0x67, 0x67, 0x67, 0x67, 0x67, 0x67, 0x67, 0x65, 0x65, 0x65, 0x65, 0x65, 0x5f, 0x65, 0x5f, 0x5f, 0x5b, 0x59, 0x5b, 0x59, 0x5b, 0x59, 0x59, 0x59, 0x59, 0x59, 0x56, 0x59, 0x59, 0x59, 0x56, 0x5e, 0x56, 0x5e, 0x59, 0x56, 0x56, 0x56, 0x56, 0x56, 0x56, 0x53, 0x56, 0x53, 0x53, 0x53, 
  0x95, 0x91, 0x94, 0x91, 0x94, 0x95, 0x94, 0x94, 0x8f, 0x8b, 0x89, 0x86, 0x83, 0x82, 0x83, 0x82, 0x83, 0x81, 0x83, 0x89, 0x8d, 0x7c, 0xc7, 0xbe, 0xba, 0xb4, 0xb4, 0xb5, 0xb4, 0x3b, 0xb4, 0x3b, 0xb4, 0xb4, 0xb4, 0xb2, 0xb2, 0xb2, 0xb2, 0xb2, 0xb2, 0xb2, 0xb2, 0xb0, 0xb2, 0xb0, 0xb2, 0xb0, 0xb2, 0xb0, 0xb0, 0xb2, 0xaf, 0x4a, 0x76, 0x72, 0x72, 0x76, 0x72, 0x76, 0x72, 0x76, 0x76, 0x76, 0x76, 0x76, 0x76, 0x7a, 0x81, 0x89, 0x8d, 0x96, 0x92, 0x96, 0x8d, 0x8d, 0x8e, 0x9d, 0x98, 0x9a, 0x98, 0x91, 0x91, 0x91, 0x91, 0x93, 0x91, 0x93, 0x91, 0x91, 0x8e, 0x96, 0x98, 0x9b, 0x9a, 0x9a, 0x9b, 0x9b, 0x9f, 0xa1, 0xa1, 0xa1, 0x9f, 0x9f, 0x9b, 0x40, 0xaa, 0x38, 0xad, 0xac, 0xac, 0xac, 0xac, 0x35, 0xac, 0xab, 0x35, 0x35, 0x35, 0x35, 0x35, 0x35, 0x35, 0x35, 0xab, 0x35, 0xab, 0xab, 0xab, 0xaa, 0xaa, 0xaa, 0xa8, 0xa9, 0xa8, 0xa8, 0xa8, 0xa8, 0xa8, 0xa8, 0xa7, 0xa7, 0xa7, 0xa7, 0xa6, 0xa6, 0xa7, 0xa6, 0xa6, 0xa5, 0xa7, 0xcb, 0x7e, 0xd4, 0x85, 0x85, 0x8e, 0x98, 0x98, 0x98, 0x98, 0x98, 0x9a, 0x9a, 0x95, 0x6e, 0x77, 0x6f, 0x74, 0x6f, 0x6f, 0x6c, 0x6b, 0x6c, 0x6c, 0x6c, 0x6c, 0x6b, 0x74, 0x64, 0x69, 0x64, 0x6b, 0x7b, 0x67, 0x6d, 0x67, 0x67, 0x67, 0x67, 0x67, 0x67, 0x67, 0x67, 0x67, 0x67, 0x67, 0x67, 0x67, 0x67, 0x65, 0x67, 0x65, 0x65, 0x5f, 0x65, 0x5f, 0x5f, 0x5f, 0x5f, 0x59, 0x5b, 0x59, 0x5b, 0x59, 0x5b, 0x59, 0x59, 0x5e, 0x56, 0x59, 0x56, 0x59, 0x56, 0x5e, 0x56, 0x5e, 0x56, 0x56, 0x56, 0x56, 0x56, 0x56, 0x56, 0x56, 0x53, 0x53, 0x53, 0x53, 0x53, 
  0x8e, 0x94, 0x91, 0x94, 0x94, 0x94, 0x94, 0x8f, 0x8f, 0x8b, 0x89, 0x83, 0x83, 0x83, 0x81, 0x83, 0x81, 0x83, 0x81, 0x89, 0x8d, 0x8e, 0xd4, 0x78, 0x78, 0x4e, 0xb7, 0xb5, 0xb7, 0x3b, 0xb2, 0xaf, 0xaf, 0xb0, 0xb4, 0xb4, 0xb2, 0xb2, 0xb2, 0xb2, 0xb2, 0xb2, 0xb2, 0xb2, 0xb0, 0xb2, 0xb0, 0xb2, 0xb0, 0xb0, 0xb2, 0xaf, 0xb8, 0x6c, 0x6a, 0x72, 0x72, 0x72, 0x72, 0x72, 0x76, 0x72, 0x76, 0x76, 0x76, 0x76, 0x76, 0x81, 0x83, 0x89, 0x95, 0x93, 0x92, 0x93, 0x8d, 0x8d, 0x94, 0x9d, 0x98, 0x98, 0x98, 0x8e, 0x91, 0x91, 0x91, 0x91, 0x93, 0x91, 0x91, 0x8e, 0x88, 0x98, 0x98, 0x9a, 0x98, 0x9b, 0x98, 0x9b, 0x9d, 0xa1, 0xa1, 0xa1, 0xa1, 0xa1, 0xa1, 0xd4, 0xb2, 0xad, 0x38, 0xac, 0xad, 0xac, 0xac, 0xac, 0xab, 0x35, 0x35, 0x35, 0x35, 0x35, 0x35, 0x35, 0xab, 0x35, 0xab, 0xab, 0xab, 0xab, 0xaa, 0xab, 0xaa, 0xa9, 0xa9, 0xa9, 0xa8, 0xa8, 0xa8, 0xa8, 0xa8, 0xa8, 0xa7, 0xa7, 0xa7, 0xa7, 0xa6, 0xa7, 0xa6, 0xa7, 0xa6, 0xa7, 0x48, 0x7e, 0x8c, 0xd4, 0x85, 0x84, 0x95, 0x98, 0x98, 0x98, 0x9a, 0x98, 0x9a, 0x98, 0x8e, 0x6f, 0x74, 0x74, 0x74, 0x74, 0x6f, 0x6c, 0x6c, 0x6c, 0x6c, 0x6f, 0x6c, 0x6f, 0x6f, 0x69, 0x69, 0x60, 0x6e, 0x78, 0x67, 0x67, 0x67, 0x67, 0x67, 0x67, 0x67, 0x67, 0x67, 0x67, 0x67, 0x67, 0x67, 0x67, 0x67, 0x67, 0x67, 0x65, 0x65, 0x65, 0x65, 0x65, 0x5f, 0x65, 0x5f, 0x5f, 0x5b, 0x59, 0x5b, 0x59, 0x59, 0x59, 0x59, 0x59, 0x59, 0x59, 0x59, 0x59, 0x59, 0x59, 0x56, 0x5e, 0x56, 0x5e, 0x59, 0x56, 0x56, 0x56, 0x56, 0x56, 0x56, 0x53, 0x56, 0x53, 0x53, 0x53, 
  0x94, 0x93, 0x8f, 0x95, 0x8f, 0x94, 0x8f, 0x8f, 0x8f, 0x89, 0x89, 0x83, 0x81, 0x81, 0x83, 0x81, 0x83, 0x81, 0x89, 0x8d, 0x8c, 0x9b, 0x97, 0x96, 0x92, 0x9b, 0xc0, 0x38, 0xb0, 0xaf, 0xbc, 0xce, 0xc5, 0xba, 0xb0, 0xb2, 0xb4, 0xb4, 0xb2, 0xb2, 0xb2, 0xb2, 0xb2, 0xb0, 0xb2, 0xb0, 0xb2, 0xb0, 0xb2, 0xb0, 0xb2, 0x38, 0xc8, 0x76, 0x72, 0x72, 0x72, 0x76, 0x72, 0x76, 0x72, 0x76, 0x76, 0x76, 0x76, 0x76, 0x7a, 0x81, 0x86, 0x89, 0x96, 0x93, 0x92, 0x93, 0x8d, 0x8d, 0x91, 0x98, 0x9d, 0x98, 0x9d, 0x95, 0x91, 0x91, 0x91, 0x93, 0x91, 0x91, 0x91, 0x8e, 0x88, 0x98, 0x9b, 0x98, 0x9b, 0x9a, 0x9b, 0x9b, 0x9b, 0x9d, 0xa1, 0xa1, 0x9f, 0xa1, 0x9e, 0xa3, 0x4e, 0xad, 0x38, 0xad, 0x38, 0xad, 0xac, 0xac, 0x35, 0x35, 0x35, 0x35, 0x35, 0x35, 0x35, 0xab, 0x35, 0x35, 0xab, 0x35, 0xab, 0xab, 0xab, 0xaa, 0xaa, 0xaa, 0xa8, 0xa9, 0xa8, 0xa8, 0xa8, 0xa8, 0xa8, 0xa7, 0xa7, 0xa7, 0xa7, 0xa6, 0xa7, 0xa6, 0xa7, 0xa6, 0xa7, 0x48, 0xe6, 0x88, 0xd4, 0x88, 0x88, 0x85, 0x93, 0x9a, 0x98, 0x98, 0x98, 0x9a, 0x98, 0x9a, 0x8e, 0x6f, 0x75, 0x6f, 0x74, 0x6f, 0x6f, 0x6c, 0x6b, 0x6c, 0x6c, 0x6c, 0x6c, 0x6f, 0x6f, 0x64, 0x6c, 0x64, 0x73, 0x7b, 0x67, 0x6d, 0x67, 0x6d, 0x67, 0x67, 0x67, 0x67, 0x67, 0x67, 0x67, 0x67, 0x67, 0x67, 0x67, 0x67, 0x65, 0x67, 0x65, 0x65, 0x5f, 0x65, 0x5f, 0x5f, 0x5f, 0x5f, 0x59, 0x5b, 0x59, 0x5b, 0x59, 0x5b, 0x59, 0x59, 0x5e, 0x56, 0x59, 0x56, 0x59, 0x56, 0x5e, 0x56, 0x5e, 0x56, 0x5e, 0x53, 0x56, 0x56, 0x56, 0x56, 0x56, 0x53, 0x53, 0x56, 0x53, 0x53, 
  0x8d, 0x8f, 0x91, 0x8f, 0x94, 0x8f, 0x94, 0x8f, 0x8b, 0x89, 0x89, 0x83, 0x81, 0x83, 0x81, 0x81, 0x81, 0x81, 0x86, 0x85, 0xd7, 0xa2, 0x9f, 0x9c, 0x9b, 0x96, 0x73, 0x4e, 0xc8, 0x40, 0xce, 0x9d, 0x8c, 0x92, 0xce, 0xb4, 0xb4, 0xb4, 0xb2, 0xb2, 0xb2, 0xb2, 0xb2, 0xb2, 0xb0, 0xb2, 0xb0, 0xb2, 0xb0, 0xb2, 0xb2, 0xb2, 0x55, 0x72, 0x72, 0x72, 0x72, 0x72, 0x72, 0x72, 0x72, 0x72, 0x76, 0x76, 0x76, 0x7a, 0x7a, 0x89, 0x8b, 0x89, 0x9b, 0x91, 0x92, 0x8e, 0x8d, 0x8d, 0x8d, 0x9a, 0x9d, 0x9d, 0x9d, 0x91, 0x91, 0x91, 0x91, 0x91, 0x93, 0x91, 0x91, 0x87, 0x88, 0x98, 0x9a, 0x97, 0x9a, 0x97, 0x9d, 0x96, 0x9a, 0x9b, 0x9f, 0xa1, 0xa1, 0xa1, 0xa1, 0x9b, 0xa3, 0xc5, 0xaa, 0xaf, 0xac, 0xac, 0xac, 0xac, 0x35, 0x35, 0x35, 0x35, 0x35, 0x35, 0x35, 0xab, 0x35, 0x35, 0xab, 0xab, 0xab, 0xaa, 0xab, 0xaa, 0xaa, 0xaa, 0xa9, 0xa8, 0xa9, 0xa8, 0xa8, 0xa8, 0xa8, 0xa8, 0xa8, 0xa7, 0xa7, 0xa7, 0xa6, 0xa7, 0xa5, 0xa8, 0x48, 0x7b, 0x7e, 0x8c, 0x8c, 0x88, 0x88, 0x8d, 0x98, 0x98, 0x98, 0x98, 0x9a, 0x98, 0x98, 0x9a, 0x88, 0x6f, 0x74, 0x74, 0x75, 0x6f, 0x6c, 0x6c, 0x6c, 0x6c, 0x6c, 0x6c, 0x6c, 0x69, 0x74, 0x64, 0x6c, 0x64, 0x78, 0xd3, 0x68, 0x67, 0x67, 0x67, 0x67, 0x67, 0x67, 0x67, 0x67, 0x67, 0x67, 0x67, 0x67, 0x67, 0x67, 0x67, 0x67, 0x65, 0x65, 0x5f, 0x65, 0x65, 0x5f, 0x65, 0x5f, 0x5f, 0x5b, 0x59, 0x5b, 0x59, 0x59, 0x59, 0x59, 0x59, 0x59, 0x59, 0x59, 0x59, 0x59, 0x59, 0x56, 0x5e, 0x56, 0x59, 0x56, 0x56, 0x56, 0x56, 0x56, 0x56, 0x56, 0x53, 0x53, 0x53, 0x53, 0x53, 
  0x8f, 0x8f, 0x95, 0x94, 0x8f, 0x8f, 0x8f, 0x8b, 0x8a, 0x89, 0x86, 0x81, 0x89, 0x81, 0x83, 0x81, 0x81, 0x81, 0x82, 0x8c, 0x9f, 0x9f, 0x9c, 0x99, 0x9a, 0x97, 0x9f, 0x9a, 0xa0, 0x98, 0x8c, 0x73, 0x73, 0x73, 0xa1, 0xcb, 0x35, 0xb2, 0xb4, 0xb2, 0xb2, 0xb2, 0xb2, 0xb2, 0xb2, 0xb2, 0xb2, 0xb0, 0xb2, 0xb2, 0xae, 0x40, 0x71, 0x72, 0x72, 0x72, 0x72, 0x72, 0x72, 0x72, 0x72, 0x76, 0x76, 0x76, 0x76, 0x81, 0x82, 0x89, 0x89, 0x8d, 0x98, 0x92, 0x93, 0x8e, 0x8d, 0x8d, 0x8e, 0x98, 0x9e, 0x9f, 0x9d, 0x96, 0x8e, 0x91, 0x91, 0x93, 0x91, 0x8e, 0x91, 0x87, 0x84, 0x9d, 0x9b, 0x96, 0x9d, 0x9b, 0x98, 0x9b, 0x98, 0x9b, 0x9b, 0xa1, 0xa1, 0xa1, 0xa1, 0xa1, 0xa1, 0x92, 0xb9, 0x35, 0x38, 0xac, 0xac, 0xac, 0xac, 0xac, 0xac, 0x35, 0x35, 0x35, 0x35, 0x35, 0x35, 0x35, 0xab, 0x35, 0xab, 0xab, 0xaa, 0xaa, 0xaa, 0xaa, 0xaa, 0xa9, 0xa9, 0xa8, 0xa8, 0xa8, 0xa8, 0xa8, 0xa8, 0xa8, 0xa7, 0xa7, 0xa7, 0xa5, 0xab, 0xce, 0xd5, 0x84, 0x7e, 0x8d, 0x8c, 0x88, 0x88, 0x88, 0x98, 0x9a, 0x98, 0x98, 0x98, 0x9a, 0x98, 0x9d, 0x84, 0x71, 0x74, 0x74, 0x79, 0x6f, 0x6c, 0x6c, 0x6f, 0x6c, 0x6c, 0x6c, 0x69, 0x6c, 0x6f, 0x69, 0x69, 0x66, 0x78, 0x6d, 0x67, 0x67, 0x67, 0x67, 0x6d, 0x6d, 0x6d, 0x6d, 0x67, 0x67, 0x67, 0x67, 0x67, 0x67, 0x67, 0x67, 0x67, 0x67, 0x65, 0x65, 0x5f, 0x5f, 0x5f, 0x5f, 0x5f, 0x5f, 0x59, 0x5b, 0x59, 0x5b, 0x59, 0x5b, 0x59, 0x59, 0x5e, 0x59, 0x59, 0x57, 0x59, 0x5e, 0x59, 0x56, 0x5e, 0x56, 0x56, 0x54, 0x56, 0x56, 0x56, 0x56, 0x53, 0x51, 0x53, 0x53, 0x51, 0x53, 
  0x8f, 0x94, 0x8f, 0x94, 0x8f, 0x8f, 0x8f, 0x8b, 0x86, 0x89, 0x89, 0x83, 0x81, 0x83, 0x81, 0x81, 0x81, 0x76, 0x87, 0x8c, 0xa2, 0x9f, 0x9e, 0x99, 0x9a, 0x9a, 0x9a, 0x93, 0x92, 0x9b, 0x8c, 0x7c, 0x7b, 0x7c, 0x92, 0x78, 0xc7, 0xb8, 0x38, 0xaf, 0xaf, 0xb2, 0xb2, 0xb4, 0xb2, 0xb2, 0xb0, 0xb2, 0xb2, 0xb4, 0xaf, 0xca, 0x76, 0x72, 0x72, 0x72, 0x72, 0x72, 0x72, 0x72, 0x72, 0x76, 0x76, 0x7a, 0x7f, 0x81, 0x82, 0x86, 0x8f, 0x87, 0x9d, 0x8c, 0x96, 0x8d, 0x8d, 0x8d, 0x8d, 0x98, 0x9f, 0x9d, 0x9f, 0x96, 0x8e, 0x91, 0x91, 0x91, 0x93, 0x8e, 0x91, 0x87, 0x84, 0x9d, 0x96, 0x9a, 0x97, 0x9a, 0x97, 0x96, 0x9a, 0x9b, 0x9b, 0x9e, 0xa1, 0xa1, 0xa1, 0xa1, 0x9d, 0xa3, 0xd4, 0xb3, 0xab, 0x38, 0xad, 0xac, 0xac, 0x35, 0xac, 0x35, 0x35, 0x35, 0x35, 0x35, 0x35, 0x35, 0xab, 0xab, 0xab, 0xab, 0xaa, 0xab, 0xaa, 0xaa, 0xaa, 0xa9, 0xa9, 0xa8, 0xa8, 0xa8, 0xa8, 0xa8, 0xa8, 0xa8, 0xa7, 0xa8, 0xa5, 0xae, 0xcf, 0xd5, 0x84, 0x8c, 0x84, 0x8c, 0x8c, 0x88, 0x85, 0x8d, 0x9d, 0x98, 0x9a, 0x98, 0x9a, 0x98, 0x98, 0x9a, 0x88, 0x6f, 0x74, 0x74, 0x75, 0x6f, 0x69, 0x6f, 0x6a, 0x6f, 0x6c, 0x6c, 0x69, 0x6b, 0x6c, 0x69, 0x69, 0x64, 0x7c, 0xd3, 0x67, 0x67, 0x67, 0x67, 0x67, 0x6d, 0x6d, 0x6d, 0x67, 0x67, 0x67, 0x67, 0x67, 0x67, 0x67, 0x67, 0x67, 0x67, 0x65, 0x5f, 0x5f, 0x65, 0x5f, 0x65, 0x5f, 0x5f, 0x5b, 0x59, 0x5b, 0x59, 0x59, 0x59, 0x59, 0x5e, 0x56, 0x5e, 0x59, 0x5e, 0x59, 0x56, 0x59, 0x56, 0x59, 0x56, 0x56, 0x56, 0x56, 0x56, 0x56, 0x56, 0x56, 0x51, 0x53, 0x51, 0xd0, 0x51, 
  0x8f, 0x8f, 0x94, 0x8f, 0x8f, 0x8b, 0x89, 0x8a, 0x86, 0x89, 0x83, 0x81, 0x83, 0x81, 0x81, 0x7a, 0x81, 0x81, 0x80, 0x92, 0xa2, 0x9c, 0x9c, 0x9a, 0x99, 0x97, 0x9a, 0x99, 0x97, 0x9b, 0x88, 0x7b, 0x84, 0x84, 0x96, 0x9b, 0xa1, 0x85, 0x4e, 0xc5, 0xb8, 0xb0, 0x38, 0xaf, 0xb2, 0xb4, 0xb2, 0xb2, 0xb4, 0xb2, 0xb4, 0x50, 0x72, 0x72, 0x72, 0x72, 0x72, 0x72, 0x72, 0x72, 0x72, 0x7a, 0x7a, 0x7a, 0x82, 0x82, 0x89, 0x89, 0x8b, 0x8f, 0x9b, 0x8c, 0x93, 0x8c, 0x87, 0x8d, 0x8d, 0x98, 0x9d, 0x9e, 0xa1, 0x98, 0x8e, 0x91, 0x91, 0x93, 0x91, 0x91, 0x91, 0x88, 0x84, 0x9a, 0x98, 0x9b, 0x98, 0x9b, 0x98, 0x9a, 0x9b, 0x9a, 0x9b, 0x9f, 0x9b, 0xa1, 0xa1, 0xa1, 0xa1, 0x9e, 0xa3, 0xd2, 0xaf, 0xab, 0xad, 0xac, 0x35, 0xac, 0x35, 0x35, 0x35, 0x35, 0x35, 0xab, 0x35, 0x35, 0xab, 0x35, 0xab, 0xab, 0xaa, 0xaa, 0xaa, 0xaa, 0xa9, 0xa9, 0xa9, 0xa8, 0xa8, 0xa8, 0xa8, 0xa8, 0xa8, 0xa8, 0xa8, 0xa5, 0xb3, 0x56, 0xd6, 0x96, 0x84, 0x84, 0x84, 0x91, 0x88, 0x88, 0x88, 0x88, 0x98, 0x9a, 0x98, 0x98, 0x98, 0x9a, 0x98, 0x9e, 0x84, 0x71, 0x75, 0x6f, 0x80, 0x6f, 0x6c, 0x6c, 0x6f, 0x6c, 0x6c, 0x6c, 0x69, 0x6f, 0x6c, 0x69, 0x6c, 0x66, 0x7c, 0x6d, 0x6d, 0x67, 0x67, 0x67, 0x6d, 0x6d, 0x6d, 0x6d, 0x67, 0x67, 0x67, 0x67, 0x67, 0x67, 0x67, 0x67, 0x67, 0x67, 0x65, 0x65, 0x5f, 0x5f, 0x5f, 0x5f, 0x5f, 0x5f, 0x59, 0x5b, 0x59, 0x5b, 0x59, 0x5b, 0x59, 0x59, 0x5e, 0x59, 0x59, 0x59, 0x59, 0x5e, 0x56, 0x5d, 0x56, 0x56, 0x56, 0x56, 0x56, 0x56, 0x56, 0x56, 0x53, 0x53, 0x51, 0x53, 0x51, 0x53, 
  0x8b, 0x8b, 0x8f, 0x8f, 0x8b, 0x8b, 0x89, 0x8a, 0x83, 0x89, 0x81, 0x83, 0x81, 0x81, 0x81, 0x7a, 0x81, 0x81, 0x84, 0x9c, 0xa3, 0x9e, 0x9c, 0x9a, 0x99, 0x9a, 0x99, 0x9a, 0x9c, 0x9d, 0x7e, 0x84, 0x7b, 0x84, 0x9d, 0x92, 0x92, 0x92, 0xa1, 0x9d, 0x88, 0x67, 0x48, 0xbe, 0xb2, 0xaf, 0xaf, 0xb2, 0x3b, 0xb1, 0x41, 0x6a, 0x72, 0x72, 0x72, 0x72, 0x72, 0x72, 0x72, 0x72, 0x76, 0x7a, 0x7a, 0x7a, 0x82, 0x89, 0x89, 0x8b, 0x8b, 0x8f, 0x96, 0x8c, 0x96, 0x88, 0x8d, 0x8d, 0x88, 0x98, 0x9f, 0x9d, 0xa1, 0x97, 0x8e, 0x91, 0x91, 0x93, 0x91, 0x8e, 0x93, 0x84, 0x87, 0x98, 0x9a, 0x96, 0x9a, 0x9b, 0x98, 0x97, 0x98, 0x9b, 0x9b, 0x9b, 0x9b, 0xa1, 0xa1, 0xa1, 0xa1, 0xa1, 0x9f, 0xe6, 0xcb, 0xae, 0xab, 0xac, 0xac, 0x35, 0xac, 0x35, 0x35, 0x35, 0x35, 0x35, 0xab, 0x35, 0xab, 0xab, 0xab, 0xab, 0xaa, 0xab, 0xaa, 0xaa, 0xa9, 0xa9, 0xa9, 0xa8, 0xa8, 0xa8, 0xa8, 0xa8, 0xa8, 0xa8, 0xa5, 0xbb, 0xd3, 0xe9, 0x96, 0x96, 0x7e, 0x8c, 0x84, 0x91, 0x88, 0x8d, 0x88, 0x8d, 0x9d, 0x98, 0x9a, 0x98, 0x9a, 0x98, 0x98, 0x9a, 0x84, 0x6f, 0x75, 0x74, 0x75, 0x74, 0x6c, 0x6f, 0x6b, 0x6c, 0x6c, 0x6c, 0x69, 0x6c, 0x6c, 0x69, 0x69, 0x69, 0xd4, 0xd3, 0x67, 0x67, 0x67, 0x67, 0x67, 0x6d, 0x6d, 0x6d, 0x67, 0x67, 0x67, 0x67, 0x67, 0x67, 0x67, 0x67, 0x67, 0x67, 0x65, 0x5f, 0x5f, 0x65, 0x5f, 0x65, 0x5f, 0x5f, 0x5b, 0x59, 0x5b, 0x59, 0x59, 0x59, 0x59, 0x5e, 0x56, 0x5e, 0x59, 0x5e, 0x59, 0x59, 0x57, 0x56, 0x59, 0x56, 0x56, 0x56, 0x56, 0x56, 0x56, 0x56, 0x56, 0x51, 0x53, 0x51, 0xd0, 0x51, 
  0x8a, 0x8a, 0x89, 0x8b, 0x89, 0x8a, 0x86, 0x86, 0x83, 0x83, 0x81, 0x81, 0x81, 0x81, 0x81, 0x7a, 0x81, 0x7a, 0x84, 0x9f, 0xa2, 0x9a, 0x9c, 0x9e, 0x9c, 0x99, 0x97, 0x99, 0x9a, 0x97, 0x84, 0xd4, 0x7b, 0x8c, 0x9c, 0x96, 0x96, 0x97, 0x96, 0x90, 0x91, 0x97, 0x9a, 0x96, 0x6d, 0xcb, 0x40, 0xb2, 0xaf, 0xaf, 0xc8, 0x81, 0x72, 0x72, 0x72, 0x72, 0x72, 0x72, 0x72, 0x76, 0x76, 0x7a, 0x7a, 0x82, 0x82, 0x89, 0x89, 0x89, 0x8a, 0x8e, 0x96, 0x8c, 0x91, 0x88, 0x8d, 0x8d, 0x8d, 0x98, 0x9f, 0x9d, 0x9f, 0x98, 0x8e, 0x91, 0x93, 0x91, 0x91, 0x8e, 0x91, 0x87, 0x84, 0x9d, 0x98, 0x97, 0x9d, 0x97, 0x9b, 0x9b, 0x9b, 0x9b, 0x9d, 0x9b, 0x9b, 0x9e, 0xa1, 0xa1, 0xa1, 0x9e, 0xa3, 0xd3, 0xe0, 0xe1, 0xad, 0x35, 0xac, 0xac, 0x35, 0xac, 0xac, 0x35, 0x35, 0x35, 0x35, 0x35, 0xab, 0x35, 0xab, 0xab, 0xab, 0xaa, 0xaa, 0xaa, 0xaa, 0xa9, 0xa9, 0xa8, 0xa8, 0xa8, 0xa8, 0xa8, 0xa7, 0xa6, 0xc5, 0x7e, 0x96, 0x88, 0x96, 0x90, 0x88, 0x8c, 0x88, 0x93, 0x88, 0x8e, 0x88, 0x8e, 0x98, 0x98, 0x98, 0x98, 0x98, 0x98, 0x9a, 0x9a, 0x80, 0x74, 0x75, 0x71, 0x79, 0x6f, 0x6f, 0x6c, 0x6f, 0x6c, 0x6c, 0x6c, 0x69, 0x6c, 0x69, 0x69, 0x69, 0x69, 0x7c, 0x67, 0x6d, 0x6d, 0x67, 0x6d, 0x6d, 0x6d, 0x6d, 0x6d, 0x67, 0x67, 0x67, 0x67, 0x67, 0x67, 0x67, 0x67, 0x67, 0x67, 0x65, 0x65, 0x65, 0x5f, 0x5f, 0x5f, 0x5f, 0x5f, 0x59, 0x5b, 0x59, 0x5b, 0x59, 0x5b, 0x59, 0x59, 0x59, 0x59, 0x5e, 0x56, 0x59, 0x59, 0x56, 0x59, 0x56, 0x56, 0x56, 0x56, 0x56, 0x56, 0x56, 0x53, 0x53, 0x51, 0x53, 0x51, 0x52, 0x51, 
  0x86, 0x86, 0x86, 0x86, 0x86, 0x86, 0x86, 0x83, 0x83, 0x83, 0x81, 0x81, 0x81, 0x81, 0x81, 0x81, 0x7a, 0x7a, 0x8e, 0xa2, 0xa0, 0x9e, 0x9c, 0x9e, 0x99, 0x9a, 0x99, 0x9a, 0x9c, 0x97, 0x7b, 0x84, 0x73, 0x91, 0x97, 0x96, 0x92, 0x97, 0x97, 0x91, 0x90, 0x91, 0x90, 0x90, 0x90, 0x9b, 0x96, 0x6d, 0x48, 0xb8, 0xce, 0x76, 0x72, 0x72, 0x72, 0x72, 0x72, 0x72, 0x72, 0x76, 0x76, 0x7a, 0x7a, 0x82, 0x82, 0x82, 0x89, 0x86, 0x86, 0x8d, 0x96, 0x8e, 0x91, 0x88, 0x8d, 0x8d, 0x88, 0x98, 0x9f, 0xa1, 0x9d, 0x9a, 0x91, 0x91, 0x93, 0x91, 0x93, 0x8e, 0x91, 0x84, 0x8d, 0x9a, 0x96, 0x9a, 0x96, 0x9b, 0x9b, 0x96, 0x9b, 0x9b, 0x9b, 0x9d, 0x9b, 0x9b, 0x9f, 0xa1, 0xa1, 0xa1, 0xa3, 0xe7, 0xdf, 0xe0, 0xcb, 0xae, 0xaa, 0x38, 0xac, 0xac, 0xac, 0xac, 0x35, 0x35, 0x35, 0x35, 0xab, 0xab, 0xab, 0xab, 0xab, 0xaa, 0xab, 0xaa, 0xaa, 0xa9, 0xaa, 0xa8, 0xa9, 0xa8, 0xaa, 0xa5, 0x35, 0xcc, 0x90, 0xd4, 0x96, 0x88, 0x98, 0x90, 0x8c, 0x8c, 0x88, 0x93, 0x84, 0x91, 0x84, 0x91, 0x9a, 0x98, 0x98, 0x98, 0x98, 0x98, 0x98, 0x98, 0x80, 0x75, 0x79, 0x74, 0x79, 0x74, 0x6f, 0x6c, 0x6b, 0x6c, 0x66, 0x69, 0x69, 0x6e, 0x6c, 0x69, 0x69, 0x6e, 0x7b, 0xd3, 0x67, 0x6d, 0x6d, 0x6d, 0x6d, 0x6d, 0x6d, 0x6d, 0x67, 0x67, 0x67, 0x67, 0x67, 0x67, 0x67, 0x67, 0x67, 0x67, 0x67, 0x5f, 0x65, 0x65, 0x5f, 0x5f, 0x5b, 0x5f, 0x5b, 0x59, 0x5b, 0x59, 0x5b, 0x59, 0x5b, 0x59, 0x5b, 0x5e, 0x59, 0x59, 0x56, 0x59, 0x56, 0x56, 0x56, 0x56, 0x56, 0x56, 0x56, 0x56, 0x53, 0x53, 0x51, 0x53, 0x51, 0x53, 0x51, 0x52, 
  0x83, 0x83, 0x83, 0x83, 0x83, 0x83, 0x83, 0x83, 0x7d, 0x81, 0x81, 0x7d, 0x81, 0x81, 0x7d, 0x81, 0x76, 0x80, 0x93, 0xa3, 0x9f, 0x9e, 0x9e, 0x9c, 0x97, 0x99, 0x97, 0x99, 0x9e, 0x90, 0x84, 0xd4, 0x73, 0x97, 0x96, 0x96, 0x97, 0x9c, 0x97, 0x97, 0x91, 0x90, 0x97, 0x91, 0x90, 0x8c, 0x90, 0x96, 0x9f, 0x88, 0x80, 0x71, 0x72, 0x72, 0x72, 0x72, 0x72, 0x72, 0x72, 0x76, 0x76, 0x76, 0x7a, 0x81, 0x82, 0x82, 0x82, 0x83, 0x7f, 0x8f, 0x92, 0x8e, 0x8e, 0x8d, 0x8d, 0x87, 0x8d, 0x96, 0xa1, 0x9d, 0x9f, 0x98, 0x91, 0x93, 0x93, 0x91, 0x91, 0x91, 0x91, 0x80, 0x8e, 0x98, 0x9a, 0x9b, 0x9b, 0x9b, 0x9b, 0x97, 0x9b, 0x9b, 0x9d, 0x9b, 0x9d, 0x9b, 0x9b, 0x9f, 0xa1, 0x9e, 0xa3, 0xe6, 0xe0, 0xdf, 0xe0, 0xe1, 0xaf, 0xa9, 0xad, 0xac, 0xac, 0x35, 0x35, 0x35, 0x35, 0x35, 0xab, 0xab, 0xab, 0xab, 0xab, 0xaa, 0xaa, 0xaa, 0xaa, 0xa8, 0xa9, 0xaa, 0xab, 0xa7, 0xa5, 0x3e, 0x6d, 0xa1, 0xd5, 0x8c, 0x97, 0x8c, 0x9c, 0x8e, 0x8c, 0x8c, 0x88, 0x8e, 0x88, 0x8e, 0x84, 0x91, 0x9a, 0x98, 0x98, 0x98, 0x98, 0x98, 0x98, 0x96, 0x79, 0x75, 0x75, 0x71, 0x78, 0x6f, 0x6f, 0x6c, 0x6f, 0x69, 0x6c, 0x66, 0x69, 0x6c, 0x6e, 0x69, 0x69, 0x6e, 0x7b, 0x5e, 0x6d, 0x6d, 0x6d, 0x6d, 0x6d, 0x6d, 0x6d, 0x6d, 0x67, 0x67, 0x67, 0x67, 0x67, 0x67, 0x67, 0x67, 0x67, 0x67, 0x67, 0x65, 0x65, 0x5f, 0x5f, 0x5f, 0x5f, 0x5f, 0x59, 0x5b, 0x59, 0x5b, 0x59, 0x5b, 0x59, 0x59, 0x59, 0x59, 0x59, 0x59, 0x59, 0x59, 0x56, 0x56, 0x56, 0x56, 0x56, 0x56, 0x56, 0x53, 0x56, 0x51, 0x53, 0x51, 0x54, 0x51, 0x54, 0x51, 
  0x81, 0x83, 0x81, 0x83, 0x83, 0x83, 0x83, 0x83, 0x81, 0x81, 0x81, 0x76, 0x81, 0x76, 0x81, 0x76, 0x81, 0x80, 0x9c, 0xa2, 0xa0, 0x9f, 0x9e, 0x99, 0x97, 0x97, 0x9a, 0x97, 0x9c, 0x8c, 0x84, 0x88, 0x7b, 0x99, 0x96, 0x97, 0x96, 0x9c, 0x9c, 0x91, 0x97, 0x91, 0x91, 0x97, 0x91, 0x91, 0x91, 0x90, 0x91, 0x90, 0x9d, 0x87, 0x72, 0x72, 0x72, 0x72, 0x72, 0x72, 0x72, 0x76, 0x76, 0x76, 0x7a, 0x7a, 0x81, 0x7d, 0x81, 0x83, 0x7d, 0x8d, 0x8c, 0x91, 0x8e, 0x8c, 0x8d, 0x8d, 0x8d, 0x98, 0x9e, 0xa1, 0x9d, 0x9b, 0x91, 0x91, 0x91, 0x93, 0x8e, 0x91, 0x8e, 0x84, 0x88, 0x9d, 0x96, 0x9b, 0x9b, 0x97, 0x9b, 0x9b, 0x9b, 0x9b, 0x9b, 0x9d, 0x9b, 0x9b, 0x9b, 0x9d, 0x9f, 0xa1, 0xa3, 0xe7, 0xdf, 0xee, 0xdf, 0xe0, 0xcf, 0xb6, 0xa7, 0xac, 0xac, 0xac, 0x35, 0xab, 0xac, 0x35, 0xab, 0xab, 0xab, 0xab, 0xaa, 0xab, 0xaa, 0xab, 0xa9, 0xaa, 0xaa, 0xa8, 0xa6, 0xaf, 0xc8, 0x92, 0x92, 0x96, 0x8c, 0x8c, 0x9b, 0x92, 0x9d, 0x90, 0xd4, 0x8c, 0x8c, 0x8e, 0x88, 0x8e, 0x84, 0x93, 0x9d, 0x98, 0x98, 0x98, 0x98, 0x98, 0x98, 0x91, 0x80, 0x75, 0x75, 0x74, 0x79, 0x74, 0x6c, 0x6f, 0x6c, 0x6c, 0x69, 0x69, 0x69, 0x6c, 0x6c, 0x69, 0x69, 0x6e, 0x7b, 0x67, 0x67, 0x6d, 0x6d, 0x67, 0x6d, 0x6d, 0x6d, 0x6d, 0x67, 0x67, 0x67, 0x67, 0x67, 0x67, 0x67, 0x67, 0x67, 0x67, 0x67, 0x5f, 0x65, 0x65, 0x5f, 0x5f, 0x5b, 0x5f, 0x5b, 0x59, 0x5b, 0x59, 0x5b, 0x59, 0x5b, 0x5e, 0x59, 0x59, 0x59, 0x59, 0x56, 0x59, 0x56, 0x56, 0x56, 0x56, 0x56, 0x56, 0x56, 0x56, 0x53, 0x53, 0x51, 0x53, 0x51, 0x51, 0x51, 0x51, 
  0x7d, 0x81, 0x7d, 0x7d, 0x7d, 0x81, 0x7d, 0x7d, 0x81, 0x81, 0x81, 0x81, 0x7a, 0x81, 0x76, 0x7d, 0x7a, 0x8d, 0xd7, 0xa0, 0x9e, 0x9f, 0x9e, 0x97, 0x96, 0x91, 0x99, 0x9a, 0x99, 0x8c, 0xd4, 0x84, 0x7e, 0x9e, 0x97, 0x96, 0x97, 0x9e, 0x97, 0x97, 0x91, 0x90, 0x91, 0x91, 0x90, 0x96, 0x91, 0x91, 0x97, 0x96, 0x97, 0x87, 0x72, 0x72, 0x72, 0x72, 0x72, 0x72, 0x72, 0x76, 0x76, 0x76, 0x76, 0x7a, 0x7a, 0x76, 0x81, 0x7a, 0x7d, 0x8b, 0x92, 0x91, 0x8d, 0x8e, 0x8d, 0x87, 0x8d, 0x96, 0xa1, 0x9d, 0x9f, 0x9a, 0x8e, 0x93, 0x91, 0x93, 0x91, 0x8e, 0x91, 0x80, 0x8e, 0x9a, 0x9b, 0x9b, 0x97, 0x9b, 0x9b, 0x96, 0x9b, 0x9b, 0x9d, 0x9b, 0x9d, 0x9b, 0x9b, 0x9b, 0x9f, 0x9e, 0xa3, 0xe6, 0xe0, 0xe0, 0xe0, 0xed, 0xe0, 0xcf, 0xbf, 0xa7, 0xac, 0xac, 0xab, 0xac, 0x35, 0xac, 0xab, 0xab, 0xab, 0xab, 0xab, 0xaa, 0xaa, 0xab, 0xaa, 0xa8, 0xa6, 0xac, 0x40, 0xc5, 0x7e, 0x9c, 0x8c, 0x97, 0x8c, 0x90, 0x96, 0x92, 0x9a, 0x8c, 0x8c, 0x88, 0x8e, 0x8e, 0x84, 0x8e, 0x84, 0x93, 0x9a, 0x98, 0x98, 0x98, 0x98, 0x9a, 0x98, 0x91, 0x77, 0x75, 0x75, 0x75, 0x79, 0x74, 0x6f, 0x6c, 0x6c, 0x6c, 0x69, 0x69, 0x6b, 0x6e, 0x69, 0x69, 0x64, 0x70, 0x7b, 0x5e, 0x6d, 0x67, 0x6d, 0x6d, 0x6d, 0x6d, 0x6d, 0x6d, 0x67, 0x67, 0x67, 0x67, 0x67, 0x67, 0x67, 0x67, 0x67, 0x67, 0x67, 0x65, 0x65, 0x5f, 0x5f, 0x5f, 0x5f, 0x5f, 0x59, 0x5b, 0x59, 0x5b, 0x59, 0x5b, 0x59, 0x5e, 0x59, 0x5f, 0x59, 0x59, 0x59, 0x59, 0x56, 0x56, 0x56, 0x56, 0x56, 0x56, 0x56, 0x53, 0x56, 0x51, 0x53, 0x51, 0x53, 0x51, 0x53, 0x51, 
  0x81, 0x81, 0x7d, 0x81, 0x81, 0x7d, 0x81, 0x81, 0x81, 0x81, 0x7a, 0x7a, 0x7a, 0x76, 0x7d, 0x76, 0x82, 0x88, 0xd7, 0x9f, 0xa0, 0x9e, 0x97, 0x97, 0x97, 0x90, 0x97, 0x9c, 0x9a, 0x7e, 0x88, 0x7b, 0x8e, 0x9e, 0x96, 0x97, 0x9e, 0x9c, 0x9c, 0x96, 0x99, 0x90, 0x97, 0x91, 0x97, 0x91, 0x97, 0x97, 0x96, 0x97, 0x9a, 0x87, 0x72, 0x72, 0x72, 0x72, 0x72, 0x72, 0x72, 0x72, 0x72, 0x72, 0x76, 0x76, 0x76, 0x76, 0x76, 0x7a, 0x7a, 0x8e, 0x8e, 0x95, 0x8d, 0x8d, 0x8d, 0x8d, 0x8d, 0x98, 0x9f, 0x9d, 0x9e, 0x9d, 0x8e, 0x91, 0x91, 0x91, 0x8e, 0x91, 0x8d, 0x80, 0x8e, 0x9d, 0x97, 0x9b, 0x9b, 0x9b, 0x9b, 0x9b, 0x9b, 0x9b, 0x9b, 0x9b, 0x9b, 0x9b, 0x9b, 0x9b, 0x9b, 0xa1, 0xa3, 0xe5, 0xdf, 0xe0, 0xee, 0xe0, 0xe0, 0xed, 0xd2, 0xdf, 0xa8, 0xab, 0xac, 0x35, 0xad, 0xab, 0xac, 0xab, 0xab, 0xab, 0xab, 0xab, 0x35, 0xa7, 0xa6, 0xab, 0xbe, 0xc5, 0xb6, 0xb3, 0x92, 0x92, 0x8c, 0x9b, 0x8c, 0x96, 0x96, 0x92, 0x9b, 0x8c, 0x84, 0x8c, 0x8c, 0x8c, 0x88, 0x8e, 0x84, 0x98, 0x9a, 0x9a, 0x9a, 0x9a, 0x98, 0x98, 0x96, 0x8d, 0x80, 0x74, 0x75, 0x74, 0x7c, 0x70, 0x6f, 0x6f, 0x6c, 0x6c, 0x6c, 0x69, 0x6c, 0x6f, 0x69, 0x69, 0x60, 0x7c, 0x73, 0x67, 0x6d, 0x67, 0x67, 0x67, 0x67, 0x6d, 0x6d, 0x6d, 0x67, 0x67, 0x67, 0x67, 0x6d, 0x6d, 0x6d, 0x67, 0x67, 0x67, 0x67, 0x65, 0x67, 0x67, 0x5f, 0x5f, 0x5b, 0x5f, 0x59, 0x5b, 0x59, 0x5b, 0x5f, 0x59, 0x5e, 0x5e, 0x5e, 0x5e, 0x5d, 0x56, 0x59, 0x56, 0x59, 0x57, 0x59, 0x56, 0x59, 0x56, 0x56, 0x53, 0x53, 0x53, 0x53, 0x51, 0x53, 0x51, 0x53, 0x53, 
  0x81, 0x7d, 0x81, 0x7d, 0x81, 0x81, 0x7d, 0x81, 0x76, 0x7d, 0x7a, 0x81, 0x76, 0x7d, 0x76, 0x76, 0x82, 0xd4, 0xa2, 0x9f, 0x9f, 0x9e, 0x99, 0x96, 0x97, 0x8c, 0x97, 0x9c, 0x96, 0x84, 0x84, 0x7b, 0x96, 0x99, 0x97, 0x97, 0x9e, 0x9c, 0x9c, 0x97, 0x91, 0x97, 0x97, 0x97, 0x96, 0x97, 0x96, 0x97, 0x96, 0x97, 0x9a, 0x82, 0x72, 0x72, 0x72, 0x72, 0x72, 0x76, 0x72, 0x76, 0x72, 0x76, 0x72, 0x76, 0x76, 0x76, 0x76, 0x76, 0x7d, 0x8e, 0x92, 0x91, 0x8e, 0x8f, 0x8d, 0x8f, 0x8c, 0x98, 0x9f, 0x9d, 0x9f, 0x9d, 0x8e, 0x91, 0x93, 0x91, 0x8e, 0x91, 0x8d, 0x80, 0x91, 0x9d, 0x97, 0x9b, 0x9b, 0x9b, 0x9b, 0x96, 0x9b, 0x9b, 0x9b, 0x9b, 0x9b, 0x9b, 0x9b, 0x9b, 0x9b, 0x9d, 0xa3, 0xe6, 0xe0, 0xe0, 0xee, 0xee, 0xee, 0xdf, 0xed, 0xe4, 0xe1, 0xad, 0xa8, 0xac, 0xac, 0xac, 0xab, 0xac, 0xab, 0xad, 0xab, 0xa7, 0xa6, 0xb3, 0xc5, 0xc8, 0xb9, 0xad, 0xa6, 0xc2, 0xa2, 0x92, 0x90, 0x9b, 0x8c, 0x96, 0x96, 0x92, 0x97, 0x8c, 0x84, 0x8c, 0x8c, 0x8c, 0x88, 0x8c, 0x84, 0x9a, 0x9d, 0x9a, 0x9a, 0x9a, 0x98, 0x98, 0x95, 0x8d, 0x79, 0x74, 0x74, 0x74, 0x7c, 0x70, 0x6f, 0x6f, 0x6c, 0x6c, 0x69, 0x66, 0x6c, 0x6c, 0x6c, 0x66, 0x64, 0x7c, 0x7b, 0x65, 0x67, 0x67, 0x67, 0x67, 0x6d, 0x6d, 0x6d, 0x6d, 0x67, 0x67, 0x67, 0x67, 0x6d, 0x6d, 0x6d, 0x67, 0x67, 0x67, 0x67, 0x67, 0x67, 0x67, 0x65, 0x5f, 0x5f, 0x5f, 0x5b, 0x59, 0x5b, 0x59, 0x5b, 0x59, 0x5e, 0x5e, 0x5e, 0x5e, 0x59, 0x57, 0x59, 0x57, 0x59, 0x56, 0x59, 0x56, 0x59, 0x56, 0x56, 0x53, 0x51, 0x53, 0x51, 0x53, 0x51, 0x53, 0x51, 0x52, 
  0x7d, 0x81, 0x7d, 0x81, 0x81, 0x7d, 0x81, 0x81, 0x81, 0x76, 0x81, 0x76, 0x7a, 0x76, 0x81, 0x76, 0x80, 0x8c, 0xa2, 0x9e, 0xa0, 0x99, 0x97, 0x99, 0x97, 0x84, 0x97, 0x99, 0x91, 0x7e, 0x84, 0x7b, 0x98, 0x9c, 0x98, 0x97, 0x9e, 0x9c, 0x97, 0x97, 0x99, 0x97, 0x96, 0x97, 0x97, 0x96, 0x97, 0x96, 0x97, 0x97, 0x9a, 0x77, 0x72, 0x72, 0x72, 0x72, 0x72, 0x72, 0x72, 0x72, 0x72, 0x72, 0x76, 0x76, 0x76, 0x76, 0x7a, 0x76, 0x7a, 0x8d, 0x90, 0x8f, 0x8e, 0x8d, 0x8d, 0x8e, 0x8d, 0x98, 0xa1, 0x9d, 0x9e, 0x9d, 0x91, 0x91, 0x91, 0x91, 0x8e, 0x91, 0x8d, 0x80, 0x91, 0x9a, 0x9b, 0x9b, 0x97, 0x9b, 0x96, 0x9b, 0x9b, 0x9b, 0x9b, 0x9b, 0x9b, 0x9b, 0x9b, 0x9b, 0x9b, 0x9d, 0xa3, 0xe5, 0xed, 0xe0, 0xee, 0xee, 0xe0, 0xed, 0xe0, 0xed, 0xe3, 0xe4, 0xb6, 0xa6, 0xa9, 0xab, 0xac, 0xab, 0xa8, 0xa6, 0xab, 0x40, 0xce, 0xcc, 0x40, 0xab, 0x2c, 0xae, 0xaa, 0xcc, 0xa1, 0x90, 0x92, 0x9b, 0x8c, 0x97, 0x92, 0x96, 0x9b, 0x8c, 0x88, 0x88, 0x8c, 0x8c, 0x8e, 0x88, 0x88, 0x9a, 0x9d, 0x98, 0x9d, 0x98, 0x98, 0x9a, 0x93, 0x8d, 0x79, 0x74, 0x74, 0x74, 0x7c, 0x70, 0x6e, 0x6f, 0x6c, 0x6c, 0x6c, 0x69, 0x69, 0x6f, 0x6c, 0x66, 0x64, 0x80, 0x6d, 0x67, 0x6d, 0x67, 0x67, 0x67, 0x67, 0x6d, 0x6d, 0x6d, 0x67, 0x67, 0x67, 0x67, 0x6d, 0x6d, 0x6d, 0x67, 0x67, 0x67, 0x67, 0x67, 0x67, 0x67, 0x5f, 0x5f, 0x5b, 0x5f, 0x59, 0x5b, 0x59, 0x5b, 0x59, 0x59, 0x5e, 0x5e, 0x5e, 0x5e, 0x57, 0x59, 0x56, 0x59, 0x56, 0x59, 0x56, 0x59, 0x56, 0x56, 0x56, 0x53, 0x53, 0x53, 0x53, 0x51, 0x53, 0x51, 0x53, 0x51, 
  0x81, 0x7d, 0x81, 0x7d, 0x81, 0x81, 0x7d, 0x81, 0x76, 0x81, 0x7a, 0x7d, 0x7a, 0x7a, 0x7d, 0x76, 0x85, 0x92, 0xa3, 0x9f, 0x9f, 0x9e, 0x97, 0x9b, 0x96, 0x7e, 0x9e, 0x9c, 0x8c, 0x7b, 0x84, 0x7e, 0x9a, 0x9a, 0x99, 0x9a, 0x99, 0x9c, 0x9c, 0x97, 0x8c, 0x7b, 0x7e, 0x7b, 0x96, 0x90, 0x96, 0x97, 0x96, 0x97, 0x98, 0x71, 0x72, 0x72, 0x72, 0x72, 0x76, 0x72, 0x76, 0x72, 0x76, 0x76, 0x72, 0x76, 0x76, 0x7a, 0x76, 0x76, 0x7a, 0x8c, 0x92, 0x91, 0x8d, 0x87, 0x8e, 0x8f, 0x8e, 0x98, 0x9f, 0x9d, 0x9f, 0x9d, 0x8e, 0x91, 0x93, 0x91, 0x8e, 0x91, 0x8d, 0x80, 0x95, 0x9a, 0x9b, 0x96, 0x9b, 0x96, 0x9b, 0x96, 0x9b, 0x9b, 0x9b, 0x9b, 0x9b, 0x9b, 0x9b, 0x9b, 0x9b, 0x9e, 0xa3, 0xe6, 0xc1, 0xdd, 0xdd, 0xed, 0xe0, 0xe0, 0xee, 0xed, 0xed, 0xe0, 0xe5, 0xdf, 0xb1, 0xab, 0xaa, 0xad, 0xb9, 0x48, 0xd2, 0xce, 0xbb, 0xaa, 0xa8, 0xad, 0xae, 0xae, 0xad, 0xd0, 0x9e, 0x92, 0x97, 0x9b, 0xd5, 0x9a, 0x92, 0x9b, 0x97, 0x88, 0x84, 0x8c, 0x8c, 0x8c, 0x8e, 0x84, 0x8c, 0x9d, 0x9a, 0x9d, 0x9a, 0x9a, 0x98, 0x9a, 0x91, 0x88, 0x80, 0x74, 0x74, 0x74, 0x7c, 0x70, 0x6f, 0x6f, 0x6c, 0x6c, 0x6c, 0x66, 0x69, 0x6c, 0x66, 0x69, 0x60, 0x7c, 0x6d, 0x67, 0x67, 0x67, 0x67, 0x67, 0x6d, 0x6d, 0x6d, 0x6d, 0x67, 0x67, 0x67, 0x67, 0x6d, 0x6d, 0x6d, 0x67, 0x67, 0x67, 0x67, 0x67, 0x67, 0x67, 0x65, 0x5f, 0x5f, 0x5f, 0x5b, 0x59, 0x5b, 0x5b, 0x59, 0x59, 0x5e, 0x5e, 0x5e, 0x5e, 0x59, 0x57, 0x59, 0x56, 0x59, 0x56, 0x59, 0x56, 0x5e, 0x53, 0x56, 0x56, 0x56, 0x56, 0x53, 0x51, 0x53, 0x51, 0x53, 0x53, 
  0x7d, 0x81, 0x7d, 0x81, 0x81, 0x7d, 0x81, 0x7d, 0x81, 0x76, 0x81, 0x76, 0x7a, 0x76, 0x7d, 0x7a, 0x8d, 0xd7, 0xa1, 0x9f, 0x9e, 0x9c, 0x97, 0x9c, 0x90, 0x8c, 0x9e, 0x9c, 0x84, 0x84, 0x7e, 0x84, 0x9e, 0x97, 0x9a, 0x9a, 0x9c, 0x97, 0x9c, 0x97, 0x73, 0x7b, 0x7e, 0x8c, 0x90, 0x97, 0x97, 0x97, 0x97, 0x99, 0x93, 0x71, 0x72, 0x72, 0x72, 0x72, 0x76, 0x72, 0x72, 0x76, 0x72, 0x76, 0x76, 0x76, 0x76, 0x72, 0x76, 0x76, 0x82, 0x93, 0x90, 0x8e, 0x8e, 0x8d, 0x8d, 0x8e, 0x8d, 0x9d, 0xa1, 0x9d, 0x9e, 0x9d, 0x91, 0x93, 0x91, 0x91, 0x8e, 0x91, 0x88, 0x84, 0x93, 0x9b, 0x9b, 0x97, 0x9b, 0xd6, 0x96, 0x96, 0x9b, 0x9b, 0x9b, 0x9b, 0x9b, 0x9b, 0x9b, 0x9b, 0x9b, 0x9d, 0xa1, 0xe5, 0xc1, 0xdc, 0xdb, 0xb9, 0xdc, 0xdd, 0xdf, 0xee, 0xdf, 0xee, 0xed, 0xe4, 0xe6, 0xd2, 0xd0, 0x56, 0x51, 0xdf, 0x3b, 0xa7, 0xa8, 0xad, 0xae, 0xae, 0xad, 0xad, 0xb1, 0x7e, 0x9a, 0xd6, 0x96, 0x9b, 0x8c, 0x9b, 0x92, 0x9b, 0x96, 0x88, 0x8c, 0x88, 0x8c, 0x88, 0x91, 0x84, 0x8d, 0x9e, 0x9d, 0x98, 0x9d, 0x98, 0x98, 0x9d, 0x8d, 0x85, 0x79, 0x74, 0x74, 0x74, 0x7c, 0x70, 0x6f, 0x6f, 0x6c, 0x6c, 0x6c, 0x6c, 0x69, 0x6f, 0x69, 0x66, 0x62, 0x80, 0x67, 0x67, 0x67, 0x67, 0x67, 0x67, 0x67, 0x6d, 0x67, 0x6d, 0x67, 0x67, 0x67, 0x67, 0x6d, 0x67, 0x6d, 0x67, 0x67, 0x67, 0x67, 0x67, 0x67, 0x67, 0x65, 0x5b, 0x5f, 0x5f, 0x59, 0x5b, 0x59, 0x5b, 0x5f, 0x59, 0x5e, 0x5e, 0x5e, 0x5e, 0x57, 0x59, 0x57, 0x59, 0x56, 0x59, 0x56, 0x59, 0x56, 0x56, 0x56, 0x56, 0x51, 0x56, 0x53, 0x53, 0x51, 0x53, 0x51, 0x53, 
  0x81, 0x7d, 0x81, 0x7d, 0x81, 0x81, 0x7d, 0x7a, 0x81, 0x81, 0x7a, 0x81, 0x7a, 0x7d, 0x76, 0x7d, 0x92, 0x9f, 0x9f, 0x9e, 0x9c, 0x9e, 0x97, 0x96, 0x8c, 0x97, 0x9e, 0x99, 0x7b, 0x84, 0x7b, 0x91, 0x9c, 0x9a, 0x97, 0x9f, 0x9c, 0x97, 0x9c, 0x8c, 0x00, 0x8c, 0x8c, 0x7e, 0x96, 0x97, 0x99, 0x97, 0x99, 0x99, 0x93, 0x76, 0x72, 0x76, 0x76, 0x76, 0x76, 0x76, 0x76, 0x76, 0x76, 0x76, 0x6f, 0x81, 0x87, 0x8b, 0x8d, 0x87, 0x85, 0x93, 0xa1, 0x9f, 0x9f, 0x98, 0x91, 0x8e, 0x96, 0x9b, 0x9d, 0x9f, 0x9d, 0x9d, 0x8e, 0x91, 0x93, 0x91, 0x8e, 0x8e, 0x88, 0x84, 0x98, 0x9b, 0x97, 0x97, 0x97, 0xd6, 0x92, 0x96, 0x9b, 0x9a, 0x9b, 0x9b, 0x9b, 0x9b, 0x9b, 0x9b, 0x9b, 0x9d, 0xa3, 0xd0, 0xdd, 0xdc, 0xda, 0xb3, 0xda, 0xda, 0xdb, 0xdc, 0xdd, 0xdd, 0xdd, 0xdc, 0xda, 0xb9, 0x3e, 0xd9, 0xaa, 0xa7, 0xab, 0xad, 0xad, 0xad, 0xad, 0xad, 0xae, 0xab, 0xdb, 0x93, 0x9b, 0x96, 0x97, 0x9b, 0x8c, 0x9b, 0x90, 0x9d, 0x96, 0x88, 0x88, 0x8c, 0x8c, 0x88, 0x8e, 0x84, 0x91, 0x9e, 0x9d, 0x9a, 0x9a, 0x98, 0x98, 0x9a, 0x8d, 0x85, 0x79, 0x74, 0x74, 0x74, 0x78, 0x74, 0x6c, 0x6f, 0x6f, 0x6f, 0x6b, 0x6b, 0x69, 0x6f, 0x69, 0x6a, 0x66, 0x84, 0x67, 0x67, 0x67, 0x67, 0x67, 0x67, 0x67, 0x67, 0x67, 0x67, 0x67, 0x67, 0x67, 0x67, 0x67, 0x67, 0x67, 0x67, 0x67, 0x67, 0x67, 0x67, 0x67, 0x67, 0x65, 0x65, 0x65, 0x5b, 0x5f, 0x59, 0x5b, 0x5f, 0x59, 0x59, 0x5e, 0x5e, 0x5e, 0x5e, 0x59, 0x57, 0x59, 0x57, 0x56, 0x56, 0x56, 0x56, 0x59, 0x56, 0x56, 0x53, 0x51, 0x53, 0x51, 0x53, 0x56, 0x53, 0x53, 0x53, 
  0x7d, 0x81, 0x7d, 0x81, 0x81, 0x7d, 0x81, 0x81, 0x7d, 0x76, 0x81, 0x7d, 0x81, 0x7d, 0x76, 0x82, 0x91, 0xa1, 0xa0, 0x9c, 0x9e, 0x9c, 0x97, 0x90, 0x96, 0x9c, 0x9c, 0x91, 0x84, 0x84, 0x7b, 0x96, 0x9e, 0x97, 0x9c, 0x9e, 0x9c, 0x97, 0x9e, 0x6d, 0x84, 0x5f, 0xcc, 0x84, 0x8c, 0x99, 0x97, 0x99, 0x97, 0x97, 0x8c, 0x76, 0x7d, 0x72, 0x76, 0x76, 0x76, 0x72, 0x76, 0x76, 0x75, 0x8d, 0x9d, 0xa1, 0xa3, 0xa2, 0xec, 0xd7, 0x92, 0x7b, 0x74, 0x96, 0xa1, 0xa1, 0x9e, 0x8c, 0x84, 0x9e, 0xa1, 0x9e, 0x9f, 0x9a, 0x8e, 0x93, 0x91, 0x91, 0x8e, 0x8e, 0x88, 0x84, 0x96, 0x98, 0x95, 0x96, 0x96, 0x96, 0x93, 0x93, 0x9b, 0x9b, 0x9b, 0x9b, 0x9b, 0x9b, 0x9b, 0x9b, 0x9b, 0x9d, 0xec, 0xd0, 0xdd, 0xdc, 0xda, 0xd9, 0xb1, 0xd9, 0xd9, 0xae, 0xae, 0xae, 0xae, 0xad, 0xad, 0xad, 0xab, 0xad, 0xae, 0xae, 0xad, 0xad, 0xad, 0xad, 0xad, 0xad, 0xae, 0xa7, 0xc2, 0x9b, 0x96, 0x96, 0x96, 0x9b, 0x90, 0x9b, 0x92, 0x9e, 0x96, 0x88, 0x88, 0x8c, 0x91, 0x84, 0x8e, 0x84, 0x93, 0x9d, 0x9d, 0x9a, 0x9a, 0x9a, 0x98, 0x9a, 0x88, 0x88, 0x77, 0x74, 0x75, 0x74, 0x7c, 0x70, 0x6f, 0x71, 0x6c, 0x6f, 0x6f, 0x69, 0x6c, 0x6f, 0x6c, 0x66, 0x62, 0x84, 0x67, 0x67, 0x67, 0x67, 0x67, 0x67, 0x67, 0x67, 0x67, 0x67, 0x67, 0x67, 0x67, 0x67, 0x67, 0x67, 0x67, 0x67, 0x67, 0x67, 0x67, 0x67, 0x67, 0x67, 0x67, 0x5f, 0x65, 0x5f, 0x59, 0x5b, 0x59, 0x5b, 0x5b, 0x59, 0x5e, 0x5e, 0x5e, 0x5e, 0x57, 0x59, 0x57, 0x56, 0x59, 0x56, 0x59, 0x56, 0x56, 0x59, 0x56, 0x53, 0x53, 0x51, 0x53, 0x53, 0x53, 0x53, 0x51, 0x51, 
  0x81, 0x7d, 0x81, 0x7d, 0x81, 0x81, 0x7d, 0x7a, 0x81, 0x81, 0x7d, 0x81, 0x7d, 0x76, 0x81, 0x82, 0x97, 0xa2, 0x9f, 0x9e, 0x9f, 0x9e, 0x9c, 0x99, 0x9c, 0x9c, 0x99, 0x90, 0x84, 0x84, 0x7b, 0x97, 0x9c, 0x9c, 0x97, 0x9f, 0x9c, 0x97, 0x9c, 0x67, 0x8c, 0xcb, 0x3e, 0xd4, 0x8c, 0x97, 0x99, 0x96, 0x99, 0x91, 0x88, 0x7a, 0x76, 0x76, 0x76, 0x76, 0x7a, 0x76, 0x76, 0x8d, 0x98, 0xd6, 0xd6, 0xd7, 0x9e, 0xa3, 0xa2, 0xec, 0xd8, 0xa1, 0x88, 0x65, 0x7c, 0x9f, 0xa3, 0xa2, 0x90, 0x84, 0xa1, 0xa1, 0x9f, 0x9d, 0x91, 0x91, 0x93, 0x91, 0x91, 0x8e, 0x88, 0x84, 0x9b, 0x97, 0x9b, 0xd6, 0x9b, 0x92, 0x96, 0x91, 0x9b, 0x9b, 0x9b, 0x9b, 0x9b, 0x9b, 0x9b, 0x9b, 0x9b, 0x9d, 0xa1, 0xe2, 0xc1, 0xdb, 0xb3, 0xd9, 0xb1, 0xd9, 0xae, 0xd9, 0xae, 0xae, 0xd9, 0xae, 0xd9, 0xad, 0xae, 0xae, 0xad, 0xad, 0xad, 0xad, 0xad, 0xad, 0xad, 0xad, 0xad, 0xa8, 0xdf, 0x9e, 0x9b, 0x96, 0x9b, 0x9b, 0x92, 0x9b, 0x92, 0x9b, 0x96, 0x88, 0x8c, 0x88, 0x8c, 0x88, 0x91, 0x84, 0x98, 0x9e, 0x98, 0x9d, 0x98, 0x98, 0x98, 0x98, 0x8d, 0x84, 0x80, 0x6f, 0x74, 0x74, 0x78, 0x74, 0x6f, 0x6f, 0x6c, 0x6f, 0x6b, 0x6c, 0x66, 0x6f, 0x6c, 0x60, 0x69, 0x7c, 0x67, 0x65, 0x67, 0x67, 0x67, 0x67, 0x67, 0x67, 0x67, 0x67, 0x67, 0x67, 0x67, 0x67, 0x67, 0x67, 0x67, 0x67, 0x67, 0x67, 0x67, 0x67, 0x67, 0x67, 0x65, 0x65, 0x65, 0x5b, 0x5f, 0x59, 0x5b, 0x5f, 0x59, 0x59, 0x5e, 0x5e, 0x5e, 0x5e, 0x59, 0x57, 0x59, 0x5e, 0x56, 0x56, 0x56, 0x56, 0x59, 0x56, 0x56, 0x53, 0x51, 0x53, 0x51, 0x53, 0x56, 0x53, 0x53, 0x53, 
  0x7d, 0x81, 0x7d, 0x81, 0x81, 0x7d, 0x81, 0x81, 0x76, 0x81, 0x7a, 0x7d, 0x81, 0x7d, 0x7a, 0x84, 0x9c, 0xa2, 0x9e, 0xd7, 0x9e, 0xd7, 0x9e, 0x9c, 0x9c, 0x99, 0x9f, 0x8c, 0x84, 0x84, 0x7b, 0x9e, 0x9c, 0x97, 0x9c, 0x9e, 0x9c, 0x97, 0x9e, 0x67, 0x8e, 0xce, 0x40, 0x8c, 0x8c, 0x9a, 0x97, 0x99, 0x97, 0x91, 0x84, 0x81, 0x76, 0x76, 0x7a, 0x7a, 0x76, 0x82, 0x98, 0x96, 0x92, 0xd5, 0x7b, 0x68, 0x68, 0x80, 0x9a, 0xa1, 0xd7, 0xa1, 0xa2, 0x9b, 0x6d, 0x70, 0x9f, 0xa0, 0xa2, 0x8c, 0x84, 0x9f, 0xa1, 0x9e, 0x8e, 0x93, 0x91, 0x91, 0x92, 0x90, 0x88, 0x92, 0xea, 0xea, 0xfc, 0xea, 0xfc, 0xea, 0xd6, 0x97, 0x9b, 0x9b, 0x9b, 0x9b, 0x9b, 0x9b, 0x9b, 0x9b, 0x9b, 0x9d, 0xa1, 0xe1, 0xdd, 0xdb, 0xb3, 0xd9, 0xd9, 0xae, 0xd9, 0xae, 0xd9, 0xae, 0xae, 0xae, 0xae, 0xae, 0xad, 0xad, 0xad, 0xad, 0xad, 0xad, 0xad, 0xad, 0xad, 0xad, 0xad, 0xab, 0xce, 0xa1, 0x97, 0x96, 0x97, 0x9b, 0x92, 0x97, 0x92, 0x9f, 0x93, 0x8c, 0x88, 0x8c, 0x8e, 0x88, 0x8e, 0x84, 0x98, 0x9d, 0x9d, 0x9a, 0x9a, 0x98, 0x98, 0x9d, 0x88, 0x84, 0x80, 0x74, 0x6f, 0x74, 0x7c, 0x74, 0x6f, 0x6f, 0x6c, 0x6f, 0x6f, 0x6b, 0x6c, 0x6c, 0x6c, 0x66, 0x69, 0x84, 0x65, 0x67, 0x67, 0x67, 0x67, 0x67, 0x67, 0x67, 0x67, 0x67, 0x67, 0x67, 0x67, 0x67, 0x67, 0x67, 0x67, 0x67, 0x67, 0x67, 0x67, 0x67, 0x67, 0x67, 0x67, 0x5f, 0x65, 0x5f, 0x5b, 0x5f, 0x59, 0x5b, 0x5b, 0x59, 0x5e, 0x5e, 0x5e, 0x59, 0x5e, 0x56, 0x5e, 0x56, 0x59, 0x56, 0x59, 0x56, 0x56, 0x59, 0x56, 0x51, 0x53, 0x51, 0x53, 0x53, 0x53, 0x53, 0x53, 0x51, 
  0x81, 0x7d, 0x81, 0x7d, 0x81, 0x81, 0x7d, 0x81, 0x7d, 0x7a, 0x81, 0x7a, 0x81, 0x76, 0x81, 0x88, 0x9c, 0x9f, 0x9f, 0x9e, 0x9e, 0x9e, 0x99, 0x9c, 0x9c, 0x9e, 0x99, 0x84, 0x7b, 0x84, 0x84, 0x9c, 0x9a, 0x9c, 0x9c, 0x9c, 0x9c, 0x97, 0x9c, 0x70, 0x7b, 0xd4, 0x6d, 0xd4, 0x90, 0x9d, 0x97, 0x9a, 0x97, 0x7b, 0x84, 0x81, 0x76, 0x7d, 0x76, 0x81, 0x87, 0xa1, 0x98, 0x7b, 0x9f, 0xd8, 0x9f, 0x95, 0x79, 0x5c, 0x69, 0x85, 0x9f, 0x9f, 0xd7, 0xa1, 0x9e, 0x70, 0x6e, 0x9e, 0x9f, 0xa1, 0x88, 0x8c, 0xa3, 0xa1, 0x8e, 0x96, 0x91, 0x93, 0x8e, 0x8c, 0x88, 0x8c, 0xfc, 0xfb, 0xfa, 0xfd, 0xfa, 0xfa, 0xfa, 0xd6, 0x9a, 0x9b, 0x9b, 0x9b, 0x9a, 0x9b, 0x9b, 0xa1, 0xa1, 0x9e, 0xd6, 0xe0, 0xdc, 0xb6, 0xd9, 0xb1, 0xd9, 0xae, 0xd9, 0xae, 0xae, 0xae, 0xae, 0xae, 0xae, 0xae, 0xad, 0xad, 0xad, 0xad, 0xad, 0xad, 0xad, 0xad, 0xad, 0xad, 0xad, 0xad, 0x5e, 0x9b, 0x9b, 0x90, 0x9b, 0x9b, 0x92, 0x97, 0x96, 0x9b, 0x96, 0x88, 0x8c, 0x8e, 0x8c, 0x88, 0x8e, 0x84, 0x9a, 0x9d, 0x9a, 0x9a, 0x9a, 0x98, 0x98, 0x9a, 0x88, 0x84, 0x80, 0x74, 0x74, 0x74, 0x7c, 0x74, 0x6f, 0x6f, 0x6c, 0x6f, 0x6c, 0x6c, 0x69, 0x6f, 0x69, 0x6a, 0x6e, 0x84, 0x67, 0x67, 0x67, 0x67, 0x67, 0x67, 0x67, 0x67, 0x67, 0x67, 0x67, 0x67, 0x67, 0x67, 0x67, 0x67, 0x67, 0x67, 0x67, 0x67, 0x67, 0x67, 0x67, 0x67, 0x65, 0x5f, 0x5f, 0x5f, 0x5f, 0x5f, 0x5b, 0x5f, 0x59, 0x59, 0x5d, 0x5e, 0x5e, 0x5e, 0x59, 0x5e, 0x56, 0x5e, 0x56, 0x59, 0x56, 0x56, 0x59, 0x56, 0x53, 0x53, 0x51, 0x53, 0x51, 0x53, 0x53, 0x53, 0x51, 0xd0, 
  0x7d, 0x81, 0x7d, 0x81, 0x81, 0x81, 0x81, 0x7a, 0x7a, 0x81, 0x81, 0x7d, 0x7a, 0x81, 0x7f, 0x8d, 0xec, 0x9f, 0x99, 0x9e, 0x9e, 0x9e, 0x99, 0x9a, 0x99, 0x9e, 0x99, 0x7b, 0x84, 0x73, 0x8c, 0x9f, 0x97, 0x9c, 0x9c, 0x9a, 0x97, 0x97, 0x99, 0x73, 0x7e, 0x85, 0x8c, 0x85, 0x9b, 0x9c, 0x97, 0x9f, 0x90, 0x7e, 0x87, 0x7a, 0x7d, 0x7d, 0x7a, 0x87, 0xa1, 0xa2, 0x73, 0x92, 0xa3, 0xa2, 0x9f, 0x84, 0x9e, 0x98, 0x70, 0x5c, 0x74, 0x98, 0xa1, 0xd7, 0xa0, 0x9c, 0x6e, 0x73, 0x9f, 0x9f, 0x9f, 0xd4, 0x9b, 0xa1, 0x90, 0x93, 0x96, 0x91, 0x8e, 0x88, 0x87, 0xd5, 0xfc, 0xfb, 0xfb, 0xfb, 0xfb, 0xfb, 0xfb, 0xfc, 0xd7, 0x9b, 0x9b, 0x97, 0x98, 0x97, 0xa1, 0x70, 0x62, 0xa1, 0x92, 0xde, 0xbb, 0xda, 0xb1, 0xd9, 0xae, 0xae, 0xae, 0xae, 0xae, 0xae, 0xae, 0xae, 0xae, 0xae, 0xae, 0xad, 0xad, 0xad, 0xad, 0xad, 0xad, 0xab, 0xad, 0xad, 0xab, 0xb1, 0xd3, 0x9b, 0x96, 0x91, 0x9b, 0x96, 0x97, 0x96, 0x96, 0x9b, 0x96, 0x8c, 0x88, 0x8e, 0x8e, 0x84, 0x8e, 0x84, 0x9a, 0x9a, 0x9a, 0x98, 0x9d, 0x98, 0x98, 0x9a, 0x80, 0x84, 0x80, 0x74, 0x79, 0x70, 0x80, 0x6f, 0x6f, 0x6f, 0x6c, 0x6f, 0x6c, 0x6b, 0x69, 0x6f, 0x69, 0x69, 0x6e, 0x7e, 0x67, 0x67, 0x67, 0x67, 0x67, 0x67, 0x67, 0x67, 0x67, 0x67, 0x67, 0x67, 0x67, 0x67, 0x67, 0x67, 0x67, 0x67, 0x67, 0x67, 0x67, 0x67, 0x67, 0x67, 0x5f, 0x65, 0x5f, 0x5f, 0x59, 0x5f, 0x59, 0x5b, 0x59, 0x5b, 0x59, 0x5e, 0x5e, 0x5e, 0x5e, 0x59, 0x5e, 0x56, 0x5e, 0x56, 0x59, 0x56, 0x56, 0x53, 0x53, 0x53, 0x53, 0x53, 0x53, 0x53, 0x51, 0x51, 0x51, 0x51, 
  0x81, 0x7d, 0x81, 0x7d, 0x81, 0x7a, 0x81, 0x81, 0x81, 0x81, 0x81, 0x81, 0x81, 0x81, 0x82, 0x8e, 0xa3, 0x9f, 0x9f, 0x99, 0x9e, 0x9e, 0x99, 0x9c, 0x9e, 0x99, 0x97, 0x7b, 0x88, 0x73, 0x97, 0x9c, 0x9c, 0x9c, 0x9e, 0x9c, 0x99, 0x96, 0x99, 0x90, 0x84, 0xd4, 0xd4, 0x90, 0x96, 0x97, 0x9c, 0x9e, 0x90, 0x88, 0x87, 0x7f, 0x81, 0x7d, 0x82, 0xa1, 0xa3, 0x92, 0x7b, 0xa1, 0xec, 0xa2, 0x90, 0x5c, 0x92, 0xa1, 0xa1, 0x85, 0x5c, 0x6e, 0x96, 0xa1, 0xd7, 0xa2, 0x98, 0x65, 0x7c, 0xa2, 0x9f, 0x9b, 0x90, 0x9f, 0x92, 0x93, 0x92, 0x91, 0x8e, 0x88, 0x88, 0x92, 0xfa, 0xfb, 0xfb, 0xfb, 0xfb, 0xfb, 0xfb, 0xfb, 0xea, 0x9b, 0x9b, 0x9b, 0x96, 0x9f, 0x6c, 0xc0, 0x41, 0x78, 0xd4, 0xc1, 0xb9, 0xd9, 0xb1, 0xb1, 0xae, 0xd9, 0xae, 0xae, 0xae, 0xae, 0xad, 0xae, 0xae, 0xae, 0xad, 0xad, 0xad, 0xad, 0xad, 0xad, 0xad, 0xad, 0xad, 0xad, 0xab, 0xb6, 0x7e, 0x98, 0x96, 0x91, 0x97, 0x96, 0x96, 0x97, 0x92, 0x9e, 0x96, 0x88, 0x8c, 0x8e, 0x8c, 0x87, 0x8e, 0x84, 0x9d, 0x9d, 0x9a, 0x9a, 0x9a, 0x98, 0x98, 0x98, 0x80, 0x84, 0x80, 0x74, 0x78, 0x74, 0x80, 0x6f, 0x6f, 0x6f, 0x6c, 0x6f, 0x69, 0x6c, 0x69, 0x6f, 0x66, 0x64, 0x70, 0x7b, 0x65, 0x6d, 0x67, 0x67, 0x67, 0x67, 0x67, 0x67, 0x67, 0x67, 0x67, 0x67, 0x67, 0x67, 0x67, 0x67, 0x67, 0x67, 0x67, 0x67, 0x65, 0x67, 0x67, 0x67, 0x65, 0x5f, 0x5f, 0x5b, 0x5f, 0x5b, 0x5f, 0x59, 0x5b, 0x59, 0x5b, 0x5e, 0x5e, 0x5e, 0x59, 0x5e, 0x59, 0x5e, 0x56, 0x5e, 0x56, 0x56, 0x56, 0x53, 0x53, 0x53, 0x53, 0x56, 0x53, 0x51, 0x53, 0x51, 0xd0, 0x51, 
  0x7d, 0x81, 0x7d, 0x81, 0x81, 0x81, 0x81, 0x81, 0x81, 0x81, 0x7d, 0x7d, 0x7d, 0x81, 0x82, 0x90, 0xa3, 0x9f, 0x9e, 0x9e, 0x9e, 0x9e, 0x99, 0x9a, 0x99, 0x9c, 0x91, 0x7b, 0x88, 0x73, 0x97, 0x9c, 0x9a, 0x9c, 0x9f, 0x9e, 0x97, 0x97, 0x97, 0x97, 0x91, 0x7e, 0x88, 0x96, 0x9b, 0x97, 0x99, 0x9e, 0x8c, 0x8c, 0x87, 0x81, 0x82, 0x82, 0x98, 0xd8, 0x9f, 0x78, 0x96, 0xa2, 0xa0, 0xa1, 0x73, 0x69, 0x9b, 0xa1, 0xa1, 0xa1, 0x8e, 0x68, 0x66, 0x93, 0xa0, 0x9c, 0x9f, 0x8e, 0x67, 0x92, 0xa1, 0xa0, 0x96, 0x9b, 0x93, 0x96, 0x93, 0x91, 0x8c, 0x8d, 0x85, 0xe9, 0xfa, 0xfb, 0xfb, 0xf9, 0xfb, 0xf9, 0xfb, 0xf9, 0xff, 0x97, 0x9b, 0xd6, 0xeb, 0xd4, 0x43, 0x41, 0x3f, 0xc8, 0x62, 0xbe, 0xb9, 0xb1, 0xd9, 0xae, 0xae, 0xae, 0xae, 0xae, 0xae, 0xad, 0xae, 0xae, 0xae, 0xae, 0xae, 0xad, 0xad, 0xad, 0xad, 0xab, 0xad, 0xab, 0xad, 0xad, 0xa8, 0xba, 0x96, 0x92, 0x96, 0x91, 0x9b, 0x96, 0x97, 0x96, 0x9b, 0x9b, 0x93, 0x8c, 0x88, 0x91, 0x84, 0x8e, 0x84, 0x8e, 0x9d, 0x9a, 0x9a, 0x9d, 0x98, 0x9d, 0x98, 0x98, 0x78, 0x84, 0x80, 0x74, 0x74, 0x74, 0x80, 0x6f, 0x6f, 0x6f, 0x6c, 0x6c, 0x6c, 0x6c, 0x69, 0x6c, 0x66, 0x64, 0x74, 0x7b, 0x67, 0x67, 0x67, 0x67, 0x67, 0x67, 0x67, 0x67, 0x67, 0x67, 0x67, 0x67, 0x67, 0x67, 0x67, 0x67, 0x67, 0x67, 0x67, 0x67, 0x67, 0x67, 0x67, 0x67, 0x5f, 0x65, 0x5f, 0x5f, 0x5f, 0x5f, 0x5b, 0x59, 0x5b, 0x59, 0x59, 0x5e, 0x5e, 0x5e, 0x5e, 0x59, 0x5e, 0x59, 0x5e, 0x56, 0x59, 0x56, 0x56, 0x53, 0x53, 0x53, 0x53, 0x53, 0x53, 0x53, 0x51, 0x51, 0x51, 0x51, 
  0x81, 0x7d, 0x81, 0x7d, 0x81, 0x81, 0x7d, 0x81, 0x81, 0x81, 0x7d, 0x7d, 0x81, 0x83, 0x87, 0x97, 0xa3, 0x9e, 0x9e, 0x9e, 0x9e, 0x9e, 0x99, 0x9a, 0x9e, 0x9f, 0x8c, 0x7b, 0x84, 0x7b, 0x99, 0x97, 0x9c, 0x97, 0x9f, 0x99, 0x97, 0x99, 0x93, 0x99, 0x99, 0x97, 0x9b, 0x97, 0x97, 0x97, 0x97, 0x9e, 0x93, 0x8c, 0x82, 0x82, 0x82, 0x8f, 0xa0, 0xa3, 0x8c, 0x7c, 0xa1, 0xa1, 0xec, 0x97, 0x68, 0x78, 0x9f, 0xa1, 0x9f, 0x9f, 0xa1, 0x91, 0x62, 0x61, 0x93, 0x9f, 0x9a, 0x9f, 0x88, 0x67, 0x9d, 0xa2, 0x9f, 0xd6, 0x93, 0x96, 0x93, 0x91, 0x8e, 0x88, 0x85, 0xe9, 0xfa, 0xf9, 0xfb, 0xf9, 0xfb, 0xf9, 0xf9, 0xfa, 0xe8, 0xec, 0xd6, 0xff, 0xfc, 0xfc, 0xe4, 0x41, 0x3f, 0x3f, 0xc6, 0xbe, 0xb3, 0xb1, 0xaf, 0xae, 0xae, 0xae, 0xae, 0xae, 0xad, 0xae, 0xad, 0xae, 0xae, 0xae, 0xad, 0xad, 0xad, 0xad, 0xad, 0xad, 0xad, 0xad, 0xad, 0xad, 0xa8, 0xbf, 0xd8, 0x9f, 0x96, 0x90, 0x96, 0x96, 0x96, 0x97, 0x96, 0x9b, 0x96, 0x88, 0x88, 0x91, 0x84, 0x8e, 0x87, 0x84, 0x9a, 0x9d, 0x9a, 0x98, 0x9d, 0x98, 0x9d, 0x95, 0x78, 0x88, 0x79, 0x74, 0x74, 0x74, 0x80, 0x74, 0x6f, 0x6f, 0x6f, 0x6f, 0x6b, 0x69, 0x69, 0x6c, 0x69, 0x64, 0x78, 0x7b, 0x5f, 0x67, 0x67, 0x67, 0x67, 0x67, 0x67, 0x67, 0x67, 0x67, 0x67, 0x67, 0x67, 0x67, 0x67, 0x67, 0x67, 0x67, 0x67, 0x67, 0x65, 0x67, 0x67, 0x67, 0x65, 0x5f, 0x5b, 0x5f, 0x5b, 0x59, 0x5b, 0x59, 0x59, 0x5b, 0x59, 0x5e, 0x5e, 0x5e, 0x5e, 0x5e, 0x59, 0x5e, 0x56, 0x5e, 0x56, 0x56, 0x56, 0x53, 0x53, 0x53, 0x53, 0x53, 0x53, 0x51, 0x53, 0x51, 0x53, 0x51, 
  0x7a, 0x7d, 0x7a, 0x81, 0x81, 0x81, 0x81, 0x81, 0x83, 0x83, 0x81, 0x7f, 0x7d, 0x83, 0x88, 0xd7, 0xa0, 0x9e, 0x9e, 0x9f, 0x9e, 0x9e, 0x9c, 0x9e, 0x9c, 0x9a, 0x7e, 0x84, 0x84, 0x84, 0x9e, 0x97, 0x97, 0x9c, 0x9f, 0x9a, 0x97, 0x97, 0x97, 0x99, 0x97, 0x99, 0x97, 0x9c, 0x9c, 0x9c, 0x97, 0x9c, 0x96, 0x8d, 0x82, 0x82, 0x8d, 0x9c, 0xa2, 0x9f, 0x79, 0x91, 0xa1, 0xa0, 0xa0, 0x88, 0x69, 0x8e, 0x9f, 0x9f, 0xa2, 0xd7, 0x9e, 0xa1, 0x9a, 0x68, 0x66, 0x96, 0x9e, 0x9f, 0x9e, 0x6e, 0x84, 0xa2, 0xa2, 0x9f, 0x96, 0x92, 0x96, 0x91, 0x8d, 0x8c, 0x85, 0xea, 0xfb, 0xf9, 0xfb, 0xf9, 0xf9, 0xf9, 0xf9, 0xfa, 0xe9, 0xd5, 0xff, 0xfc, 0xfd, 0xfa, 0xff, 0xe4, 0x3f, 0x3f, 0xba, 0xbe, 0xb2, 0xb1, 0xae, 0xd9, 0xae, 0xae, 0xae, 0xae, 0xad, 0xae, 0xad, 0xae, 0xad, 0xae, 0xad, 0xad, 0xad, 0xad, 0xab, 0xad, 0xab, 0xad, 0xab, 0xad, 0xa8, 0xc0, 0x4e, 0x55, 0x8d, 0x98, 0x96, 0x93, 0x96, 0x96, 0x9b, 0x9b, 0x96, 0x8c, 0x8c, 0x91, 0x84, 0x8e, 0x8c, 0x8e, 0x9e, 0x98, 0x9e, 0x9d, 0x9d, 0x98, 0x9d, 0x8d, 0x79, 0x88, 0x7c, 0x78, 0x78, 0x74, 0x7c, 0x6f, 0x6c, 0x6f, 0x69, 0x6c, 0x6c, 0x69, 0x6b, 0x6c, 0x66, 0x64, 0x78, 0x7b, 0x65, 0x67, 0x6d, 0x67, 0x67, 0x67, 0x67, 0x67, 0x67, 0x67, 0x67, 0x67, 0x67, 0x67, 0x67, 0x67, 0x67, 0x67, 0x67, 0x67, 0x67, 0x67, 0x67, 0x65, 0x65, 0x65, 0x5d, 0x65, 0x59, 0x5f, 0x5f, 0x59, 0x5b, 0x59, 0x59, 0x5e, 0x59, 0x5e, 0x56, 0x5e, 0x59, 0x5e, 0x59, 0x56, 0x59, 0x56, 0x54, 0x51, 0x53, 0x51, 0x53, 0x51, 0x53, 0x51, 0x51, 0x51, 0x53, 0x51, 
  0x7d, 0x81, 0x7d, 0x81, 0x81, 0x81, 0x83, 0x83, 0x83, 0x81, 0x83, 0x83, 0x7f, 0x86, 0x8e, 0xa2, 0xa2, 0x9e, 0x9f, 0x9f, 0x9f, 0x9e, 0x9c, 0x9c, 0x9f, 0x97, 0x84, 0x7b, 0x80, 0x8c, 0x9f, 0x97, 0x97, 0x9c, 0x9f, 0x97, 0x99, 0x96, 0x97, 0x97, 0x97, 0x97, 0x99, 0x97, 0x97, 0x97, 0x9c, 0xd7, 0x9b, 0x82, 0x82, 0x87, 0x96, 0xa2, 0xd8, 0x91, 0x78, 0x9a, 0xa1, 0x9f, 0x9f, 0x71, 0x6e, 0x9a, 0xa1, 0xa0, 0xa0, 0xa1, 0x9f, 0x9c, 0xa2, 0x9a, 0x6d, 0x6e, 0x9a, 0x9d, 0x9f, 0x91, 0x67, 0x9d, 0xd8, 0xa1, 0x90, 0x96, 0x96, 0x92, 0x8c, 0x88, 0x8c, 0xea, 0xf5, 0xfb, 0xf9, 0xf9, 0xf9, 0xf9, 0xf9, 0xfa, 0xeb, 0x7e, 0xea, 0xfe, 0xfd, 0xfa, 0xf7, 0xfc, 0xe1, 0x3c, 0x3c, 0xbc, 0xb5, 0x38, 0xd9, 0xae, 0xae, 0xae, 0xae, 0xae, 0xae, 0xad, 0xae, 0xad, 0xad, 0xad, 0xad, 0xad, 0xad, 0xad, 0xad, 0xad, 0xab, 0xad, 0xab, 0xad, 0xa8, 0xbf, 0x41, 0x3f, 0x43, 0x4f, 0x9d, 0x91, 0x96, 0x96, 0x9b, 0x9b, 0x96, 0x8c, 0x92, 0x91, 0x84, 0x8e, 0x87, 0x8e, 0x9e, 0x9d, 0x9d, 0x9a, 0x9d, 0x9a, 0x9a, 0x87, 0x7c, 0x84, 0x7c, 0x78, 0x78, 0x74, 0x80, 0x74, 0x6f, 0x6f, 0x69, 0x6c, 0x69, 0x6c, 0x69, 0x6f, 0x6a, 0x64, 0x78, 0x7b, 0x65, 0x6d, 0x6d, 0x67, 0x67, 0x67, 0x67, 0x67, 0x67, 0x67, 0x67, 0x67, 0x67, 0x67, 0x67, 0x67, 0x67, 0x67, 0x67, 0x67, 0x5e, 0x67, 0x5e, 0x65, 0x5e, 0x65, 0x5e, 0x65, 0x59, 0x5f, 0x59, 0x5b, 0x59, 0x5d, 0x5e, 0x59, 0x5e, 0x56, 0x5e, 0x59, 0x5e, 0x59, 0x56, 0x56, 0x56, 0x56, 0x53, 0x51, 0x53, 0x51, 0x54, 0x51, 0x54, 0x51, 0x51, 0x51, 0x51, 0x53, 
  0x81, 0x81, 0x81, 0x7d, 0x83, 0x7f, 0x83, 0x83, 0x83, 0x83, 0x83, 0x83, 0x83, 0x87, 0x96, 0xa2, 0xa0, 0x9e, 0x9f, 0x9f, 0x9c, 0x9c, 0x9e, 0x9e, 0x9c, 0x96, 0x7e, 0x84, 0x7b, 0x91, 0x9c, 0x9c, 0x97, 0x9c, 0x9e, 0x9a, 0x97, 0x97, 0x97, 0x97, 0x99, 0x97, 0x97, 0x9c, 0x97, 0x9c, 0x97, 0x9f, 0x96, 0x80, 0x87, 0x93, 0x9a, 0xd8, 0xa2, 0x7b, 0x88, 0x9f, 0x9f, 0xa0, 0x91, 0x68, 0x79, 0x9e, 0x9f, 0x9f, 0x9f, 0x9b, 0x9f, 0x9f, 0x9c, 0xa0, 0x96, 0x68, 0x71, 0x9a, 0x9e, 0xa1, 0x73, 0x85, 0xa3, 0xa0, 0x93, 0x96, 0x96, 0x91, 0x8d, 0x8c, 0x85, 0xea, 0xf9, 0xf9, 0xf9, 0xf9, 0xf9, 0xf9, 0xf9, 0xfc, 0xa2, 0xd7, 0xe6, 0xff, 0xfa, 0xfa, 0xfb, 0xf7, 0xfa, 0xbf, 0x3c, 0x3c, 0x3f, 0xb4, 0xac, 0xd9, 0xae, 0xae, 0xae, 0xae, 0xad, 0xae, 0xad, 0xae, 0xad, 0xae, 0xad, 0xad, 0xad, 0xab, 0xad, 0xab, 0xad, 0xab, 0xab, 0xab, 0xa8, 0xc6, 0x41, 0x42, 0x41, 0x3c, 0x6c, 0x97, 0x96, 0x93, 0x9b, 0x9b, 0x96, 0x8c, 0x92, 0x91, 0x84, 0x8e, 0x8c, 0x8e, 0x9e, 0x9a, 0x9d, 0x9d, 0x9d, 0x9a, 0x98, 0x84, 0x79, 0x84, 0x80, 0x7c, 0x78, 0x70, 0x85, 0x6f, 0x6f, 0x6c, 0x69, 0x6f, 0x69, 0x6c, 0x69, 0x6f, 0x66, 0x69, 0x78, 0x73, 0x67, 0x67, 0x6d, 0x67, 0x67, 0x67, 0x67, 0x67, 0x67, 0x67, 0x67, 0x67, 0x67, 0x67, 0x5e, 0x6d, 0xd2, 0x67, 0x5e, 0x67, 0x67, 0x67, 0x67, 0x65, 0x5f, 0x65, 0x5f, 0x5f, 0x5f, 0x59, 0x5f, 0x5f, 0x5b, 0x59, 0x5e, 0x59, 0x5e, 0x56, 0x5e, 0x56, 0x5e, 0x56, 0x5e, 0x56, 0x59, 0x56, 0x51, 0x53, 0x51, 0x53, 0x51, 0x53, 0x51, 0x51, 0x51, 0x51, 0x51, 0x51, 
  0x83, 0x83, 0x81, 0x83, 0x7f, 0x83, 0x7f, 0x83, 0x83, 0x83, 0x83, 0x83, 0x83, 0x87, 0x97, 0x9f, 0xa0, 0x9f, 0x9f, 0x9c, 0x97, 0x90, 0x9c, 0x9c, 0x9f, 0x90, 0x84, 0x84, 0x84, 0x97, 0x9c, 0x97, 0x9c, 0x9f, 0x9c, 0x9c, 0x97, 0x98, 0x97, 0x99, 0x97, 0x9c, 0x97, 0x97, 0x9c, 0x97, 0x9c, 0x9f, 0x91, 0x80, 0x8e, 0x91, 0xa2, 0xa3, 0x96, 0x6e, 0x9a, 0xa0, 0xa0, 0xa1, 0x84, 0x6b, 0x8d, 0x9f, 0xa1, 0x9f, 0x9f, 0x6e, 0x8c, 0x9f, 0x9f, 0x9c, 0x9f, 0x8e, 0x66, 0x77, 0x9e, 0x9e, 0x98, 0x73, 0xa1, 0x9f, 0x90, 0x96, 0x92, 0x92, 0x8c, 0x88, 0x92, 0xea, 0xf5, 0xfb, 0xf9, 0xf9, 0xf9, 0xf9, 0xf9, 0xd7, 0xa1, 0xec, 0xd4, 0xd5, 0xfd, 0xfd, 0xf9, 0xf9, 0xfb, 0xe4, 0x3c, 0x3c, 0x3c, 0xb8, 0xb5, 0xac, 0xad, 0xae, 0x38, 0xae, 0xae, 0xad, 0xae, 0xad, 0xad, 0xad, 0xad, 0xad, 0xad, 0xad, 0xad, 0xab, 0xab, 0xad, 0xab, 0xad, 0xa7, 0xc6, 0x46, 0x41, 0x3a, 0x36, 0x43, 0x98, 0x92, 0x93, 0x96, 0x9b, 0x96, 0x92, 0x92, 0x91, 0x88, 0x8e, 0x84, 0x8e, 0x9e, 0x9d, 0x9d, 0x9a, 0x9d, 0x9a, 0x95, 0x7c, 0x80, 0x84, 0x7c, 0x78, 0x78, 0x78, 0x7c, 0x75, 0x6f, 0x6c, 0x69, 0x6c, 0x66, 0x69, 0x69, 0x6c, 0x6a, 0x69, 0x78, 0x6d, 0x67, 0x6d, 0x67, 0x67, 0x67, 0x67, 0x67, 0x67, 0x67, 0x67, 0x67, 0x67, 0x67, 0x67, 0x67, 0x67, 0x67, 0x67, 0x67, 0x67, 0x5e, 0x67, 0x5e, 0x65, 0x5f, 0x5f, 0x5b, 0x5f, 0x59, 0x5f, 0x59, 0x5b, 0x59, 0x59, 0x5e, 0x5e, 0x59, 0x5e, 0x56, 0x5d, 0x59, 0x5d, 0x56, 0x59, 0x56, 0x56, 0x53, 0x51, 0x54, 0x51, 0x54, 0x51, 0x53, 0x51, 0x51, 0x51, 0x51, 0x51, 
  0x7d, 0x81, 0x7f, 0x83, 0x83, 0x83, 0x83, 0x7f, 0x83, 0x83, 0x83, 0x86, 0x82, 0x8e, 0x90, 0xa3, 0x9f, 0xa2, 0x9c, 0x96, 0x97, 0x90, 0x97, 0x9f, 0x9e, 0x8c, 0x7e, 0x84, 0xd4, 0xd7, 0x9c, 0x9c, 0x97, 0x9f, 0x9c, 0x9a, 0x97, 0x97, 0x97, 0x97, 0x9a, 0xd6, 0x9c, 0x9c, 0x97, 0x9c, 0x9d, 0x9f, 0x84, 0x8d, 0x91, 0x9c, 0xa3, 0xa0, 0x7b, 0x80, 0x9f, 0xa0, 0xa0, 0x9e, 0x71, 0x6e, 0x9d, 0xa2, 0xa0, 0xa0, 0x96, 0x68, 0x71, 0x80, 0x9d, 0x99, 0x9e, 0x9f, 0x8d, 0x5c, 0x91, 0x9e, 0x9f, 0x7b, 0x92, 0x9f, 0x91, 0x93, 0x92, 0x91, 0x8c, 0x8c, 0x88, 0xea, 0xf9, 0xf9, 0xf9, 0xf9, 0xf9, 0xf9, 0xfa, 0xec, 0x9e, 0xa2, 0x97, 0xe6, 0xfc, 0xfb, 0xfb, 0xfb, 0xf5, 0xfb, 0xde, 0xb4, 0x3c, 0x3c, 0x3c, 0xb8, 0xaf, 0x35, 0xad, 0xae, 0xad, 0xae, 0xae, 0xad, 0xae, 0xad, 0xad, 0xad, 0xad, 0xab, 0xad, 0xab, 0xad, 0xab, 0xab, 0xa8, 0x35, 0xc8, 0x3f, 0x36, 0x36, 0x3a, 0x3a, 0x5a, 0x98, 0x92, 0x96, 0x9b, 0x96, 0x93, 0x92, 0x91, 0x88, 0x91, 0x88, 0x8e, 0x9e, 0x9d, 0x9a, 0x9d, 0x9d, 0x9a, 0x8d, 0x80, 0x87, 0x84, 0x7c, 0x7c, 0x78, 0x78, 0xd4, 0x74, 0x6f, 0x6f, 0x6c, 0x6c, 0x69, 0x69, 0x6b, 0x6c, 0x66, 0x69, 0x7c, 0x6d, 0x67, 0x6d, 0x67, 0x67, 0x67, 0x67, 0x67, 0x67, 0x67, 0x67, 0x67, 0x67, 0x67, 0x67, 0x67, 0x67, 0x67, 0x67, 0x5e, 0x67, 0x67, 0x67, 0x67, 0x65, 0x5f, 0x5f, 0x5b, 0x59, 0x5f, 0x59, 0x5f, 0x5b, 0x5f, 0x59, 0x5e, 0x59, 0x5e, 0x56, 0x5e, 0x57, 0x59, 0x57, 0x59, 0x56, 0x59, 0x56, 0x51, 0x53, 0x51, 0x53, 0x51, 0x53, 0x51, 0x51, 0x51, 0x51, 0x51, 0x53, 
  0x81, 0x7d, 0x7f, 0x81, 0x83, 0x83, 0x83, 0x83, 0x83, 0x83, 0x83, 0x83, 0x89, 0x8c, 0xd6, 0xa0, 0x9f, 0x9f, 0x97, 0x90, 0x96, 0x90, 0x90, 0x9f, 0x9c, 0x84, 0x84, 0x7b, 0x8c, 0x9c, 0x99, 0x96, 0x97, 0x9c, 0x9c, 0x9c, 0x97, 0x97, 0x96, 0x97, 0x97, 0x97, 0x97, 0x97, 0x9c, 0x9c, 0x9e, 0x9c, 0x84, 0x96, 0x90, 0xa3, 0xa3, 0x97, 0x6e, 0x8e, 0xa2, 0xa0, 0xa0, 0x97, 0x6b, 0x79, 0xa1, 0xa0, 0xa1, 0xa3, 0x8c, 0x69, 0x88, 0x84, 0x6e, 0x9d, 0x9e, 0x9f, 0x9e, 0x73, 0x68, 0x9e, 0x9e, 0x96, 0x8c, 0x9e, 0x93, 0x92, 0x92, 0x8e, 0x92, 0x85, 0x92, 0xfc, 0xf9, 0xf9, 0xf9, 0xf9, 0xf9, 0xf9, 0xf7, 0x92, 0xec, 0x9f, 0xa1, 0x7b, 0xe8, 0xfd, 0xfb, 0xf9, 0xf9, 0xfb, 0xf2, 0xb2, 0x3c, 0x3a, 0x3a, 0xb5, 0xba, 0xb5, 0xac, 0xac, 0xad, 0xae, 0xad, 0xad, 0xad, 0xad, 0xad, 0xac, 0xab, 0xad, 0xad, 0xab, 0xaa, 0xaa, 0xae, 0xb5, 0xba, 0x39, 0x36, 0x36, 0x36, 0x36, 0x36, 0x43, 0x98, 0x92, 0x96, 0xd6, 0x96, 0x92, 0x96, 0x8c, 0x84, 0x91, 0x84, 0x91, 0x9d, 0x9e, 0x9d, 0x9d, 0x9d, 0x9d, 0x87, 0x80, 0x85, 0x80, 0x7c, 0x78, 0x79, 0x78, 0x7c, 0x74, 0x6f, 0x6c, 0x6b, 0x6c, 0x69, 0x6c, 0x69, 0x6f, 0x6a, 0x60, 0x7c, 0x6d, 0x65, 0x67, 0x67, 0x67, 0x67, 0x67, 0x67, 0x67, 0x67, 0x67, 0x67, 0x67, 0x67, 0x67, 0x67, 0x67, 0x67, 0x67, 0x67, 0x67, 0x5e, 0x67, 0x5e, 0x67, 0x5f, 0x5f, 0x5f, 0x59, 0x5b, 0x59, 0x5b, 0x59, 0x5f, 0x59, 0x5e, 0x59, 0x59, 0x5e, 0x56, 0x59, 0x56, 0x59, 0x56, 0x56, 0x5e, 0x53, 0x53, 0x53, 0x53, 0x51, 0x53, 0x51, 0x54, 0x53, 0x53, 0x53, 0x51, 0x51, 
  0x81, 0x81, 0x7d, 0x7f, 0x83, 0x7f, 0x83, 0x83, 0x83, 0x83, 0x83, 0x83, 0x86, 0x8c, 0x9c, 0xa2, 0x9f, 0x9e, 0x92, 0x97, 0x9c, 0x90, 0x90, 0x9f, 0x99, 0x84, 0x84, 0x73, 0x8c, 0x9e, 0x97, 0x99, 0x9c, 0x9c, 0x9c, 0x9c, 0x97, 0x99, 0x9c, 0x9c, 0x97, 0x97, 0x9c, 0x97, 0x99, 0x9c, 0x9e, 0x97, 0x90, 0x92, 0x97, 0xa2, 0xa3, 0x84, 0x74, 0x9d, 0xa2, 0xa0, 0xa0, 0x84, 0x66, 0x87, 0xa3, 0x9f, 0xa0, 0xa0, 0x80, 0x66, 0x96, 0x9f, 0x69, 0x79, 0x9b, 0x9e, 0x9e, 0x9a, 0x63, 0x8c, 0x9f, 0x9f, 0x92, 0x9a, 0x93, 0x93, 0x92, 0x92, 0x8d, 0x8c, 0x88, 0xea, 0xf9, 0xf9, 0xf9, 0xf9, 0xf9, 0xfb, 0xd2, 0x84, 0xa2, 0x9f, 0xa2, 0xd5, 0xe6, 0xfd, 0xfb, 0xf9, 0xf9, 0xf5, 0xfb, 0xc1, 0x3a, 0x3c, 0x3a, 0x3a, 0x3a, 0x3c, 0xba, 0xb2, 0x35, 0xad, 0xad, 0xad, 0xad, 0xad, 0xad, 0xac, 0xad, 0xab, 0xa9, 0xac, 0xb2, 0xb5, 0xb7, 0xaf, 0x36, 0x35, 0x36, 0x36, 0x36, 0x36, 0x36, 0x3a, 0x5a, 0x9d, 0x96, 0x96, 0x97, 0x92, 0x96, 0x8e, 0x84, 0x8e, 0x84, 0x91, 0x9e, 0x9a, 0x9e, 0x9d, 0x9d, 0x98, 0x8d, 0x80, 0x87, 0x80, 0x84, 0x74, 0x7c, 0x78, 0x7c, 0x74, 0x6f, 0x6f, 0x6c, 0x6c, 0x6c, 0x6c, 0x69, 0x6f, 0x69, 0x64, 0x7c, 0x6d, 0x65, 0x67, 0x67, 0x67, 0x67, 0x67, 0x67, 0x67, 0x67, 0x67, 0x67, 0x67, 0x67, 0x67, 0x67, 0x67, 0x67, 0x67, 0x5e, 0x67, 0x5e, 0x67, 0x5e, 0x65, 0x5d, 0x5b, 0x59, 0x5b, 0x59, 0x5b, 0x59, 0x5f, 0x5f, 0x5d, 0x59, 0x5e, 0x59, 0x59, 0x59, 0x57, 0x59, 0x56, 0x57, 0x56, 0x56, 0x56, 0x53, 0x51, 0x53, 0x53, 0x53, 0x53, 0x53, 0x56, 0x56, 0x51, 0x51, 0x51, 
  0x7d, 0x7d, 0x81, 0x7f, 0x83, 0x83, 0x83, 0x83, 0x83, 0x83, 0x83, 0x83, 0x8b, 0x8c, 0xa0, 0xa0, 0x9f, 0x9c, 0x97, 0x9e, 0x9c, 0x8c, 0x8c, 0xa0, 0x96, 0x7b, 0x84, 0x73, 0x90, 0x99, 0x97, 0x99, 0x9c, 0x9c, 0x9c, 0x9c, 0x97, 0x97, 0x90, 0x96, 0x9c, 0x97, 0x97, 0x9c, 0x97, 0x9c, 0x9e, 0x97, 0x97, 0x8c, 0xa2, 0xa3, 0x9e, 0x77, 0x84, 0xa1, 0x9f, 0xa0, 0xa0, 0x73, 0x6b, 0x91, 0xa3, 0x9f, 0xa0, 0xa1, 0x73, 0x66, 0x9b, 0xa3, 0x8e, 0x66, 0x84, 0x9f, 0x9c, 0x9f, 0x84, 0x68, 0x9e, 0xa1, 0x9c, 0x96, 0x91, 0x93, 0x92, 0x8e, 0x8d, 0x88, 0x92, 0xfa, 0xf9, 0xf9, 0xf9, 0xf9, 0xf9, 0xfa, 0x62, 0x71, 0x9f, 0xd7, 0x9e, 0xa1, 0xe6, 0xfc, 0xfb, 0xf9, 0xf9, 0xf9, 0xfb, 0xe3, 0x3a, 0x3a, 0x3a, 0x3a, 0x3a, 0x3a, 0x3a, 0x3d, 0xb8, 0x38, 0xad, 0xad, 0xad, 0xad, 0xad, 0xab, 0xad, 0xb2, 0xb8, 0xb8, 0x3c, 0x38, 0x36, 0x36, 0x36, 0x36, 0x36, 0x36, 0x36, 0x36, 0x3a, 0x36, 0x43, 0x96, 0xd6, 0x96, 0x96, 0x91, 0x96, 0x8c, 0x84, 0x8e, 0x84, 0x91, 0x9e, 0x9d, 0x9d, 0x9d, 0x9e, 0x93, 0x84, 0x87, 0x85, 0x80, 0x85, 0x78, 0x79, 0x78, 0x7c, 0x74, 0x6f, 0x6c, 0x6c, 0x6b, 0x6c, 0x6c, 0x6c, 0x6e, 0x6a, 0x60, 0x7c, 0x6d, 0x65, 0x67, 0x67, 0x67, 0x67, 0x67, 0x67, 0x67, 0x67, 0x67, 0x67, 0x67, 0x67, 0x67, 0x67, 0x67, 0x67, 0x67, 0x67, 0x67, 0x67, 0x5e, 0x67, 0x5e, 0x5f, 0x5b, 0x5f, 0x59, 0x5b, 0x59, 0x5b, 0x59, 0x5f, 0x59, 0x5e, 0x59, 0x59, 0x5e, 0x56, 0x59, 0x56, 0x59, 0x56, 0x57, 0x56, 0x56, 0x51, 0x54, 0x51, 0x56, 0x53, 0x53, 0x56, 0x53, 0x51, 0x51, 0x51, 0x51, 
  0x7d, 0x7d, 0x81, 0x83, 0x83, 0x7f, 0x83, 0x83, 0x83, 0x83, 0x83, 0x83, 0x8e, 0x90, 0xa2, 0x9f, 0x9f, 0x9b, 0x97, 0x9b, 0x97, 0x84, 0x91, 0xa0, 0x8e, 0x84, 0x84, 0x73, 0x96, 0x9a, 0x99, 0x97, 0x9f, 0x9e, 0x9c, 0x9c, 0x90, 0x73, 0x8c, 0x84, 0x90, 0x9c, 0x97, 0x97, 0x99, 0x9c, 0x9c, 0xa2, 0x90, 0x96, 0xa2, 0xa2, 0x99, 0x71, 0x8f, 0xa2, 0xa0, 0xa0, 0x99, 0x6e, 0x6f, 0x9a, 0xa0, 0xa0, 0xa2, 0x9c, 0x6e, 0x6f, 0xa2, 0xa1, 0x9f, 0x78, 0x5c, 0x88, 0x9e, 0x9e, 0x9c, 0x66, 0x8e, 0xa2, 0xa2, 0x96, 0x91, 0x92, 0x91, 0x92, 0x8d, 0x8c, 0x88, 0xfc, 0xf9, 0xf9, 0xf9, 0xf9, 0xf9, 0xff, 0x70, 0x60, 0x9d, 0x9f, 0x9c, 0xa2, 0x7e, 0xe8, 0xfb, 0xfb, 0xf9, 0xf9, 0xf9, 0xf7, 0xb7, 0x3a, 0x3a, 0x3a, 0x3a, 0x3a, 0x3a, 0x38, 0x3a, 0x3d, 0x37, 0xac, 0xad, 0xad, 0xab, 0xaf, 0xba, 0x3b, 0x3a, 0x36, 0x36, 0x36, 0x36, 0x36, 0x36, 0x36, 0x36, 0x36, 0x36, 0x36, 0x36, 0x36, 0x3a, 0x4e, 0xfc, 0xea, 0x97, 0x92, 0x93, 0x8e, 0x84, 0x8e, 0x84, 0x91, 0x9d, 0x9f, 0x9d, 0x9e, 0x9e, 0x8e, 0x8d, 0x80, 0x88, 0x80, 0x84, 0x74, 0x78, 0x74, 0xd4, 0x74, 0x6f, 0x6f, 0x6c, 0x6c, 0x6c, 0x69, 0x6c, 0x6e, 0x6a, 0x66, 0x7c, 0x67, 0x67, 0x67, 0x67, 0x67, 0x67, 0x67, 0x67, 0x67, 0x67, 0x67, 0x67, 0x67, 0x67, 0x67, 0x67, 0x67, 0x67, 0x67, 0x5e, 0x67, 0x5e, 0x67, 0x5e, 0x65, 0x5f, 0x5f, 0x59, 0x5b, 0x59, 0x5b, 0x59, 0x5f, 0x5f, 0x5d, 0x59, 0x5e, 0x59, 0x59, 0x59, 0x57, 0x59, 0x57, 0x56, 0x56, 0x57, 0x56, 0x53, 0x51, 0x53, 0x51, 0x56, 0x51, 0x53, 0x51, 0x53, 0x51, 0x51, 0x51, 
  0x7d, 0x7d, 0x83, 0x81, 0x83, 0x83, 0x83, 0x83, 0x83, 0x83, 0x83, 0x89, 0x92, 0x96, 0xec, 0x9f, 0x9f, 0x9c, 0x97, 0x97, 0x96, 0x7e, 0x99, 0x9e, 0x8c, 0x7b, 0x84, 0x7b, 0x9a, 0x99, 0x97, 0x9c, 0x9e, 0x9c, 0x9c, 0x9a, 0x7b, 0x7b, 0x7e, 0x90, 0x8c, 0x97, 0x97, 0x97, 0x9c, 0x9c, 0x9c, 0xa1, 0xd4, 0xa0, 0xa2, 0xa3, 0x84, 0x71, 0x96, 0xa2, 0x9e, 0xa0, 0x8e, 0x69, 0x78, 0xa0, 0xa0, 0x9f, 0xa2, 0x96, 0x66, 0x79, 0xa2, 0xd7, 0xa1, 0x9e, 0x78, 0x61, 0x98, 0x9c, 0xa1, 0x70, 0x73, 0xa1, 0xa3, 0x96, 0x91, 0x93, 0x8c, 0x8e, 0x8d, 0x88, 0x92, 0xfa, 0xf9, 0xf9, 0xf9, 0xf9, 0xf9, 0xeb, 0x85, 0x55, 0x94, 0x9f, 0x9e, 0x9f, 0x92, 0xe6, 0xfe, 0xf9, 0xfb, 0xf9, 0xf5, 0xfb, 0xc8, 0x38, 0x3c, 0x3a, 0x3a, 0x3a, 0x36, 0x3a, 0x3a, 0x3f, 0xb2, 0xaa, 0xab, 0xac, 0xad, 0xba, 0xba, 0x36, 0x36, 0x36, 0x36, 0x36, 0x36, 0x36, 0x36, 0x36, 0x36, 0x36, 0x36, 0x36, 0x36, 0x3a, 0x36, 0xbf, 0xfd, 0xf7, 0xea, 0x96, 0x96, 0x8e, 0x8c, 0x96, 0x8c, 0x91, 0x9e, 0x9d, 0x9f, 0x9e, 0x9d, 0x8e, 0x88, 0x87, 0x85, 0x80, 0x7c, 0x78, 0x79, 0x78, 0x7c, 0x74, 0x6f, 0x6c, 0x6c, 0x6b, 0x6c, 0x6c, 0x6c, 0x6e, 0x69, 0x6a, 0x7c, 0x67, 0x67, 0x67, 0x67, 0x67, 0x67, 0x67, 0x67, 0x67, 0x67, 0x67, 0x67, 0x67, 0x67, 0x67, 0x67, 0x67, 0x67, 0x67, 0x67, 0x67, 0x67, 0x5e, 0x67, 0x5e, 0x5f, 0x5b, 0x5f, 0x59, 0x5b, 0x59, 0x5b, 0x59, 0x5f, 0x59, 0x5e, 0x59, 0x59, 0x5e, 0x56, 0x59, 0x56, 0x59, 0x56, 0x59, 0x56, 0x56, 0x51, 0x54, 0x51, 0x53, 0x51, 0x53, 0x51, 0x51, 0x51, 0x51, 0x51, 0x51, 
  0x7f, 0x81, 0x7d, 0x83, 0x83, 0x83, 0x83, 0x86, 0x83, 0x83, 0x83, 0x86, 0x90, 0x9c, 0xa0, 0x9f, 0x9e, 0x9e, 0x9a, 0x97, 0x8c, 0x8c, 0x9a, 0x9c, 0x84, 0x84, 0x7b, 0x84, 0x9e, 0x99, 0x97, 0x99, 0x9f, 0x9a, 0x9c, 0x97, 0x67, 0x84, 0x8c, 0x84, 0x96, 0x9c, 0x99, 0x97, 0x9c, 0x9b, 0xd7, 0x97, 0x90, 0xa1, 0xa0, 0x9f, 0x78, 0x77, 0x9e, 0x9f, 0x99, 0xa0, 0x84, 0x6a, 0x85, 0xa3, 0xa0, 0x9f, 0xa0, 0x8c, 0x60, 0x8c, 0xa2, 0x9f, 0xa2, 0xa3, 0x9a, 0x68, 0x73, 0x9f, 0x9f, 0x8e, 0x68, 0x9f, 0xa2, 0x92, 0x92, 0x92, 0x8c, 0x8d, 0x8c, 0x88, 0x8c, 0xea, 0xf9, 0xf9, 0xf9, 0xf9, 0xfd, 0xec, 0x91, 0x55, 0x80, 0x9f, 0x9e, 0x9e, 0xa1, 0x6d, 0xfa, 0xfb, 0xfb, 0xf9, 0xf9, 0xfb, 0xe3, 0x3a, 0x3a, 0x3a, 0x36, 0x3a, 0x3a, 0x36, 0x3c, 0x3c, 0x3f, 0xb8, 0x3c, 0xb2, 0x3f, 0xb0, 0x41, 0x3a, 0x36, 0x36, 0x36, 0x36, 0x36, 0x36, 0x36, 0x36, 0x36, 0x36, 0x36, 0x36, 0x36, 0x36, 0x36, 0xbf, 0xfb, 0xf9, 0xfa, 0xea, 0xd6, 0x91, 0xd6, 0xe8, 0xfc, 0xea, 0xd7, 0xa1, 0x9d, 0x9e, 0x98, 0x92, 0x8c, 0x88, 0x8d, 0x78, 0x84, 0x78, 0x78, 0x78, 0x7c, 0x74, 0x6f, 0x6f, 0x69, 0x6c, 0x6f, 0x6c, 0x6c, 0x6c, 0x64, 0x6e, 0x7c, 0x67, 0x67, 0x67, 0x67, 0x67, 0x67, 0x67, 0x67, 0x67, 0x67, 0x67, 0x67, 0x67, 0x67, 0x67, 0x67, 0x67, 0x67, 0x67, 0x67, 0x67, 0x5e, 0x67, 0x65, 0x67, 0x5f, 0x5f, 0x5f, 0x5b, 0x59, 0x5b, 0x59, 0x59, 0x59, 0x59, 0x5e, 0x57, 0x59, 0x56, 0x56, 0x57, 0x59, 0x56, 0x56, 0x53, 0x56, 0x53, 0x56, 0x56, 0x56, 0x51, 0x51, 0x51, 0x51, 0x51, 0x51, 0x51, 0x51, 0x51, 
  0x81, 0x81, 0x83, 0x81, 0x83, 0x83, 0x83, 0x83, 0x86, 0x7f, 0x83, 0x8b, 0x8c, 0xd7, 0xa2, 0x9e, 0x9e, 0x9e, 0x9c, 0x96, 0x90, 0x99, 0x9a, 0x9a, 0x7b, 0x84, 0x7b, 0x84, 0xa0, 0x96, 0x97, 0x9c, 0x9e, 0x9c, 0x9f, 0x84, 0x6d, 0x7b, 0xce, 0x7e, 0x8c, 0x9c, 0x9a, 0x97, 0x97, 0x97, 0x9b, 0x90, 0x96, 0xa2, 0xa3, 0x97, 0x6f, 0x84, 0x9f, 0x9f, 0x9f, 0x9e, 0x73, 0x66, 0x93, 0xa2, 0xa0, 0x9f, 0xa1, 0x84, 0x66, 0x91, 0xa2, 0x9f, 0xa2, 0x90, 0x9a, 0x8e, 0x5c, 0x93, 0x9f, 0x9d, 0x6e, 0x97, 0xa3, 0x92, 0x93, 0x8e, 0x8c, 0x8e, 0x8d, 0x85, 0x92, 0xfa, 0xf9, 0xf9, 0xf9, 0xf9, 0xfe, 0xa2, 0x9b, 0x60, 0x74, 0x9e, 0x9a, 0x9e, 0xa1, 0x7b, 0xe8, 0xfb, 0xfb, 0xfb, 0xf9, 0xf9, 0xf7, 0xb9, 0x3a, 0x3a, 0x3a, 0x3a, 0x36, 0x3a, 0x3d, 0x3a, 0x3a, 0x3a, 0x3c, 0xb8, 0x3c, 0x38, 0x3f, 0x41, 0xa9, 0x36, 0x36, 0x36, 0x36, 0x36, 0x36, 0x36, 0x36, 0x36, 0x36, 0x36, 0x36, 0x36, 0x36, 0xc4, 0xfb, 0xf9, 0xf9, 0xfa, 0xff, 0x7b, 0xea, 0xea, 0xf7, 0xfa, 0xfa, 0xeb, 0xd7, 0x9b, 0x9b, 0x8e, 0x8c, 0x88, 0x92, 0x78, 0x80, 0x78, 0x78, 0x78, 0x7c, 0x6f, 0x6f, 0x6c, 0x6c, 0x69, 0x6f, 0x6c, 0x6c, 0x6e, 0x69, 0x6c, 0x7e, 0x67, 0x67, 0x67, 0x67, 0x67, 0x67, 0x67, 0x67, 0x67, 0x67, 0x67, 0x67, 0x67, 0x67, 0x67, 0x67, 0x67, 0x67, 0x67, 0x67, 0x67, 0x67, 0x65, 0x65, 0x65, 0x5f, 0x5f, 0x59, 0x5b, 0x59, 0x59, 0x5b, 0x59, 0x5b, 0x59, 0x5e, 0x56, 0x5d, 0x56, 0x56, 0x59, 0x56, 0x59, 0x51, 0x56, 0x51, 0x56, 0x56, 0x56, 0x56, 0x51, 0x51, 0x51, 0x51, 0x51, 0x51, 0x51, 0x51, 0x51, 
  0x7f, 0x81, 0x7d, 0x83, 0x83, 0x83, 0x83, 0x86, 0x83, 0x83, 0x86, 0x87, 0x8c, 0x9f, 0xa0, 0xa0, 0x9e, 0x9c, 0x9e, 0x97, 0x9a, 0x99, 0x9e, 0x91, 0x84, 0x84, 0x73, 0x90, 0x9a, 0x99, 0x97, 0x99, 0x9e, 0x9a, 0xa0, 0x73, 0x7b, 0x54, 0x3e, 0x67, 0x8c, 0x97, 0x9c, 0x99, 0x9c, 0x9c, 0x97, 0xd5, 0x9f, 0xa2, 0xa0, 0x88, 0x6f, 0x91, 0x9f, 0x99, 0x9f, 0x99, 0x6f, 0x69, 0x9d, 0xa2, 0xa0, 0x9f, 0xa0, 0x73, 0x66, 0x98, 0xa0, 0x9f, 0xa2, 0x7b, 0x8e, 0x9f, 0x70, 0x74, 0x9e, 0x9f, 0x77, 0x8c, 0xa2, 0x92, 0x8e, 0x92, 0x8d, 0x91, 0x88, 0x88, 0x8c, 0xfa, 0xf9, 0xf9, 0xf9, 0xfa, 0xeb, 0x9f, 0x9e, 0x6e, 0x66, 0x98, 0x9e, 0x9c, 0x9f, 0x90, 0xe7, 0xfd, 0xfb, 0xfb, 0xf9, 0xf9, 0xfb, 0xde, 0x36, 0x3a, 0x3a, 0x3a, 0x3a, 0x3a, 0x3f, 0x3a, 0x3a, 0x3a, 0x3a, 0x36, 0x3a, 0x3f, 0x3c, 0x41, 0x36, 0x36, 0x36, 0x36, 0x36, 0x36, 0x36, 0x36, 0x36, 0x35, 0x36, 0x36, 0x36, 0x36, 0xa9, 0xcb, 0xf9, 0xf5, 0xfb, 0xf9, 0xfe, 0xe6, 0x96, 0xeb, 0xea, 0xf9, 0xfb, 0xfa, 0xea, 0xea, 0xd6, 0x92, 0x88, 0x84, 0x8f, 0x79, 0x84, 0x78, 0x7c, 0x78, 0x78, 0x75, 0x6f, 0x6f, 0x6c, 0x6c, 0x6f, 0x6c, 0x6c, 0x6f, 0x69, 0x6c, 0xd4, 0x67, 0x67, 0x67, 0x67, 0x67, 0x67, 0x67, 0x67, 0x67, 0x67, 0x67, 0x67, 0x67, 0x67, 0x67, 0x67, 0x67, 0x67, 0x67, 0x67, 0x67, 0x5e, 0x67, 0x65, 0x67, 0x5f, 0x5b, 0x59, 0x5b, 0x59, 0x5b, 0x59, 0x59, 0x59, 0x59, 0x5e, 0x59, 0x59, 0x56, 0x56, 0x56, 0x59, 0x56, 0x56, 0x53, 0x56, 0x53, 0x53, 0x56, 0x56, 0x51, 0x51, 0x51, 0x51, 0x51, 0x51, 0x51, 0x51, 0x51, 
  0x81, 0x81, 0x83, 0x81, 0x86, 0x83, 0x83, 0x83, 0x86, 0x83, 0x86, 0x8d, 0x8c, 0xa2, 0x9f, 0x9e, 0x9e, 0x9e, 0x99, 0x9c, 0x99, 0x9c, 0x9e, 0x8c, 0x7b, 0x84, 0x7b, 0x99, 0x99, 0x97, 0x97, 0x99, 0x9c, 0x9a, 0x9f, 0x73, 0x73, 0x59, 0xb8, 0x73, 0xd4, 0x9c, 0x97, 0x99, 0x9c, 0x96, 0x90, 0x90, 0xa2, 0x9f, 0xa2, 0x80, 0x6f, 0x9a, 0xa0, 0x9e, 0xa0, 0x96, 0x6b, 0x73, 0xa1, 0xa2, 0xa0, 0xa0, 0x9e, 0x73, 0x6f, 0x9a, 0xa0, 0x9e, 0xa2, 0x73, 0x84, 0xa3, 0x93, 0x68, 0x98, 0xa1, 0x8d, 0x8e, 0xa1, 0x92, 0x92, 0x8d, 0x92, 0x8c, 0x8d, 0x87, 0x92, 0xfa, 0xf9, 0xf9, 0xf9, 0xfc, 0xd7, 0x9f, 0x9f, 0x77, 0x5c, 0x8e, 0x9e, 0x9a, 0x9f, 0x97, 0xe6, 0xfc, 0xf9, 0xfb, 0xf9, 0xf5, 0xfb, 0xe3, 0xaf, 0x3a, 0x3a, 0x3a, 0x36, 0x3c, 0x3c, 0x3a, 0x3c, 0x41, 0x41, 0x3f, 0x3a, 0x3c, 0x3c, 0x43, 0x3a, 0x36, 0x36, 0x36, 0x36, 0x36, 0x36, 0x36, 0x36, 0x36, 0x36, 0x36, 0x36, 0x36, 0x36, 0xe4, 0xf9, 0xf9, 0xf9, 0xf9, 0xfd, 0x7e, 0x9b, 0x9c, 0xa2, 0xea, 0xfb, 0xfb, 0xfd, 0xfe, 0xfc, 0xea, 0xd5, 0x8c, 0x8d, 0x79, 0x7c, 0x78, 0x7c, 0x74, 0x78, 0x74, 0x6f, 0x6f, 0x6c, 0x6b, 0x6f, 0x6c, 0x6c, 0x6f, 0x69, 0x6f, 0x7c, 0x5e, 0x67, 0x67, 0x67, 0x67, 0x67, 0x67, 0x67, 0x67, 0x67, 0x67, 0x67, 0x67, 0x67, 0x67, 0x67, 0x67, 0x67, 0x67, 0x67, 0x5e, 0x67, 0x65, 0x65, 0x65, 0x5f, 0x59, 0x5b, 0x59, 0x59, 0x59, 0x5b, 0x59, 0x5f, 0x59, 0x5e, 0x57, 0x59, 0x56, 0x56, 0x59, 0x56, 0x59, 0x51, 0x56, 0x51, 0x56, 0x53, 0x56, 0x56, 0x51, 0x51, 0x51, 0x51, 0x51, 0x51, 0x51, 0x51, 0x51, 
  0x7f, 0x81, 0x7d, 0x83, 0x83, 0x83, 0x86, 0x83, 0x86, 0x83, 0x86, 0x88, 0x90, 0xa2, 0x9f, 0xa0, 0x9e, 0x9c, 0x9e, 0x99, 0x9a, 0x99, 0x99, 0x8c, 0x84, 0x84, 0x7b, 0x99, 0x97, 0x99, 0x97, 0x9e, 0x9c, 0x99, 0x9f, 0x7b, 0x6d, 0x88, 0x67, 0x7e, 0x8c, 0x9e, 0x9c, 0x97, 0x9f, 0x91, 0xd5, 0x9c, 0xa2, 0xa2, 0x9e, 0x71, 0x74, 0x9f, 0x9e, 0x99, 0xa0, 0x8c, 0x6b, 0x79, 0xa2, 0xa2, 0xa0, 0xa2, 0x99, 0x6e, 0x71, 0x9e, 0x9f, 0xa0, 0x9e, 0x68, 0x84, 0xa3, 0x9e, 0x6e, 0x8e, 0xa1, 0x95, 0x90, 0x9b, 0x8e, 0x92, 0x85, 0x8d, 0x8c, 0x87, 0x85, 0xd6, 0xf7, 0xf9, 0xf9, 0xfa, 0xe8, 0xa2, 0x9c, 0x9f, 0x8c, 0x58, 0x80, 0x9f, 0x9c, 0x9e, 0xa0, 0x70, 0xfa, 0xfb, 0xfb, 0xf9, 0xfb, 0xf5, 0xf7, 0xb5, 0x3a, 0x3a, 0x3a, 0x3a, 0x3c, 0x3c, 0x3c, 0x41, 0x3c, 0x3c, 0x3f, 0x3c, 0x3f, 0x3a, 0x43, 0x3c, 0x36, 0x36, 0x36, 0x36, 0x36, 0x36, 0x36, 0x36, 0x36, 0x36, 0x36, 0x36, 0x35, 0x3a, 0xf2, 0xf5, 0xf5, 0xf9, 0xf9, 0xfc, 0xe6, 0xa1, 0x97, 0xd7, 0xd7, 0xfa, 0xfb, 0xfd, 0xfd, 0xfd, 0xfc, 0xfa, 0xea, 0xe9, 0x78, 0x85, 0x78, 0x7c, 0x79, 0x79, 0x74, 0x74, 0x6f, 0x6f, 0x6c, 0x75, 0x6e, 0x6c, 0x6f, 0x6c, 0x6e, 0xd4, 0x5e, 0x6d, 0x67, 0x67, 0x67, 0x67, 0x67, 0x67, 0x67, 0x67, 0x67, 0x67, 0x67, 0x67, 0x67, 0x67, 0x67, 0x67, 0x67, 0x67, 0x67, 0x65, 0x5e, 0x65, 0x65, 0x5f, 0x5b, 0x59, 0x5b, 0x59, 0x5b, 0x59, 0x59, 0x5b, 0x59, 0x5e, 0x59, 0x57, 0x59, 0x56, 0x59, 0x56, 0x57, 0x53, 0x56, 0x53, 0x56, 0x51, 0x56, 0x56, 0x51, 0x51, 0x51, 0x51, 0x51, 0x51, 0x51, 0x51, 0x51, 
  0x81, 0x83, 0x83, 0x83, 0x89, 0x83, 0x89, 0x83, 0x86, 0x86, 0x8b, 0x87, 0xd6, 0xa2, 0x9f, 0x9f, 0xd7, 0x9e, 0x99, 0x99, 0x99, 0x99, 0x9a, 0x84, 0x7e, 0x7b, 0x84, 0x9e, 0x97, 0x97, 0x99, 0x9e, 0x9e, 0x9c, 0x9e, 0x91, 0x6d, 0x8c, 0x8c, 0x8c, 0x97, 0x9c, 0x97, 0x99, 0x9c, 0x8c, 0x90, 0x9e, 0xa2, 0xa3, 0x96, 0x6b, 0x84, 0xa1, 0x99, 0x9e, 0x9e, 0x84, 0x6a, 0x84, 0xa2, 0x9f, 0xa0, 0xa2, 0x91, 0x6b, 0x79, 0xa1, 0x9f, 0xa0, 0x97, 0x68, 0x8c, 0xa1, 0xa2, 0x80, 0x79, 0xa1, 0x99, 0x96, 0x9b, 0x8c, 0x93, 0x85, 0x92, 0x8d, 0x8d, 0x88, 0x92, 0xfa, 0xf9, 0xf9, 0xf7, 0xe6, 0xa1, 0x9c, 0x9e, 0x96, 0x62, 0x6f, 0x9e, 0x99, 0x9c, 0x9f, 0xd4, 0xe8, 0xfa, 0xfb, 0xfb, 0xf9, 0xf9, 0xfb, 0xc1, 0x36, 0x3a, 0x3a, 0x3a, 0x3f, 0x3a, 0x3f, 0x3f, 0x41, 0x43, 0x3f, 0x3f, 0x3f, 0x3a, 0x41, 0x41, 0x36, 0x36, 0x36, 0x36, 0x36, 0x36, 0x36, 0x36, 0x36, 0x36, 0x36, 0x36, 0x36, 0xba, 0xfa, 0xf5, 0xf9, 0xf9, 0xfb, 0xfa, 0x78, 0xd7, 0x9b, 0x9f, 0xd6, 0xe8, 0xfa, 0xfb, 0xfd, 0xfd, 0xfd, 0xfd, 0xfc, 0xea, 0x78, 0x85, 0x78, 0x79, 0x79, 0x74, 0x74, 0x6f, 0x74, 0x6f, 0x6c, 0x74, 0x6c, 0x6c, 0x6f, 0x69, 0x74, 0x73, 0x5e, 0x67, 0x67, 0x67, 0x67, 0x67, 0x67, 0x67, 0x67, 0x67, 0x67, 0x67, 0x67, 0x67, 0x67, 0x67, 0x67, 0x67, 0x65, 0x65, 0x5e, 0x65, 0x5f, 0x5b, 0x5f, 0x59, 0x59, 0x5b, 0x59, 0x59, 0x59, 0x5b, 0x59, 0x5b, 0x59, 0x5d, 0x56, 0x59, 0x56, 0x56, 0x56, 0x56, 0x56, 0x54, 0x56, 0x53, 0x51, 0x56, 0x56, 0x56, 0x51, 0x51, 0x51, 0x51, 0x51, 0x51, 0x51, 0x51, 0x51, 
  0x83, 0x83, 0x81, 0x83, 0x83, 0x89, 0x83, 0x86, 0x83, 0x86, 0x8b, 0x88, 0x9c, 0xa2, 0x9f, 0x9f, 0x9f, 0x9f, 0x9a, 0x99, 0x9a, 0x99, 0x97, 0x8c, 0x84, 0x73, 0x8c, 0x99, 0x97, 0x96, 0x99, 0x9e, 0x9c, 0x9a, 0x9c, 0x9c, 0x84, 0x7b, 0x7e, 0x90, 0x9b, 0x9c, 0x9c, 0x99, 0x9c, 0x8c, 0x90, 0xa2, 0xa2, 0xa2, 0x8c, 0x69, 0x93, 0xa0, 0x9e, 0x99, 0x9e, 0x77, 0x6a, 0x88, 0xa2, 0x9f, 0x9f, 0xa0, 0x91, 0x60, 0x80, 0xa2, 0x9f, 0xa0, 0x91, 0x68, 0x96, 0xa2, 0x9f, 0x91, 0x70, 0x9f, 0x9e, 0x97, 0x9b, 0x92, 0x8d, 0x85, 0x93, 0x88, 0x8d, 0x85, 0xea, 0xf7, 0xf9, 0xfa, 0xe7, 0x67, 0x9f, 0x9e, 0x9e, 0x9b, 0x69, 0x66, 0x96, 0x9e, 0x9a, 0x9f, 0x93, 0xe7, 0xfa, 0xfb, 0xf9, 0xfb, 0xf5, 0xf9, 0xe0, 0x3a, 0x3a, 0x3a, 0x3c, 0x3c, 0x3a, 0x3f, 0x3f, 0x41, 0x46, 0x3f, 0x41, 0x3f, 0x3a, 0x3f, 0x41, 0x36, 0x36, 0x36, 0x36, 0x36, 0x36, 0x36, 0x36, 0x36, 0x36, 0x36, 0x36, 0xa9, 0xca, 0xf9, 0xf5, 0xf5, 0xf9, 0xfb, 0xe8, 0xd4, 0x9e, 0x9c, 0x9c, 0x96, 0x5e, 0xfc, 0xfa, 0xfd, 0xfd, 0xfd, 0xfd, 0xfc, 0xea, 0x78, 0x85, 0x78, 0x78, 0x79, 0x79, 0x74, 0x74, 0x6f, 0x75, 0x6c, 0x74, 0x6c, 0x69, 0x6f, 0x6c, 0xd3, 0x7b, 0x5e, 0x6d, 0x67, 0x67, 0x67, 0x67, 0x67, 0x67, 0x67, 0x67, 0x67, 0x67, 0x67, 0x67, 0x65, 0x67, 0x65, 0x67, 0x65, 0x67, 0x65, 0x5e, 0x5b, 0x59, 0x5b, 0x59, 0x5b, 0x59, 0x5b, 0x59, 0x5b, 0x59, 0x59, 0x5b, 0x59, 0x57, 0x59, 0x56, 0x59, 0x56, 0x56, 0x56, 0x56, 0x56, 0x51, 0x53, 0x56, 0x51, 0x56, 0x56, 0x51, 0x51, 0x51, 0x51, 0x51, 0x56, 0x51, 0x51, 0x51, 
  0x81, 0x83, 0x83, 0x83, 0x83, 0x83, 0x89, 0x83, 0x86, 0x83, 0x8f, 0x85, 0x9c, 0x9f, 0x9e, 0x9e, 0x9c, 0x9e, 0x9c, 0x9a, 0x9c, 0x9e, 0x96, 0x7b, 0x8c, 0x73, 0x8c, 0x9e, 0x97, 0x97, 0x99, 0x9c, 0x9a, 0x9c, 0x99, 0x9d, 0x99, 0x90, 0x8c, 0x97, 0x9c, 0x9c, 0x9c, 0x9c, 0x97, 0x90, 0x97, 0xa2, 0xa1, 0xa2, 0x7b, 0x6c, 0x96, 0x9f, 0x9c, 0x9e, 0x97, 0x71, 0x6c, 0x93, 0xa2, 0x9f, 0x9f, 0xa2, 0x84, 0x6a, 0x87, 0xa2, 0x9f, 0xa2, 0x8d, 0x66, 0x9d, 0xa1, 0x9e, 0x9f, 0x6e, 0x97, 0x9f, 0x9c, 0x96, 0x8c, 0x85, 0x88, 0x93, 0x8d, 0x88, 0x88, 0xe9, 0xfa, 0xf9, 0xfa, 0xe8, 0x5c, 0x9d, 0x9c, 0x99, 0x9c, 0x6e, 0x5a, 0x92, 0x9a, 0x97, 0x97, 0x9a, 0xe6, 0xfc, 0xfb, 0xfb, 0xf9, 0xf7, 0xf8, 0xf2, 0xb0, 0x3a, 0x3a, 0x3c, 0x3c, 0x3c, 0x3f, 0x3f, 0x41, 0x43, 0x41, 0x41, 0x3f, 0x3c, 0x3c, 0x46, 0x36, 0x36, 0x36, 0x36, 0x36, 0x36, 0x36, 0x36, 0x36, 0x36, 0x36, 0x36, 0x35, 0xe4, 0xf5, 0xf5, 0xf9, 0xf9, 0xfb, 0xe7, 0x8c, 0x9e, 0x9c, 0x9c, 0x8e, 0x55, 0xe8, 0xfc, 0xfb, 0xfd, 0xfb, 0xfd, 0xfc, 0xea, 0x78, 0xd4, 0x75, 0x78, 0x79, 0x79, 0x6f, 0x74, 0x6f, 0x74, 0x6c, 0x74, 0x69, 0x69, 0x6f, 0x69, 0x75, 0xd3, 0x65, 0x67, 0x67, 0x67, 0x67, 0x67, 0x67, 0x67, 0x67, 0x67, 0x67, 0x65, 0x65, 0x65, 0x67, 0x65, 0x67, 0x67, 0x65, 0x65, 0x65, 0x65, 0x59, 0x5b, 0x59, 0x5b, 0x59, 0x59, 0x59, 0x59, 0x59, 0x5b, 0x59, 0x5b, 0x59, 0x5e, 0x56, 0x59, 0x56, 0x56, 0x56, 0x56, 0x56, 0x54, 0x56, 0x53, 0x56, 0x56, 0x56, 0x56, 0x51, 0x51, 0x51, 0x51, 0x51, 0x51, 0x51, 0x51, 0x51, 
  0x83, 0x83, 0x83, 0x83, 0x83, 0x89, 0x83, 0x86, 0x83, 0x86, 0x89, 0x92, 0x9f, 0x9f, 0x9e, 0x99, 0x97, 0x97, 0x97, 0x97, 0x97, 0x9a, 0x90, 0x84, 0x84, 0x7b, 0x91, 0x99, 0x97, 0x97, 0x9e, 0x99, 0x9c, 0x9a, 0x9e, 0x97, 0x97, 0x9a, 0x9c, 0x9c, 0x9b, 0x9c, 0x9c, 0x99, 0x9c, 0x8c, 0x9c, 0xa2, 0xa2, 0x9e, 0x6d, 0x75, 0x9f, 0xa0, 0x9c, 0x9f, 0x93, 0x6b, 0x6c, 0x9d, 0xa0, 0xa0, 0x9f, 0xa0, 0x77, 0x60, 0x8d, 0xa3, 0xa0, 0xa1, 0x84, 0x6c, 0xa1, 0xa0, 0xd7, 0xa1, 0x73, 0x93, 0xa2, 0x9e, 0x92, 0x88, 0x85, 0x88, 0x92, 0x88, 0x8d, 0x85, 0xea, 0xf7, 0xf9, 0xea, 0xea, 0x5c, 0x93, 0x9c, 0x96, 0xa2, 0x85, 0x69, 0x98, 0xd8, 0xa0, 0xa1, 0x9f, 0x7b, 0xf7, 0xfb, 0xfb, 0xf5, 0xfb, 0xf5, 0xf7, 0xba, 0x3a, 0x3a, 0x3c, 0x3c, 0x3c, 0x3a, 0x42, 0x3f, 0x3f, 0x41, 0x41, 0x3c, 0x3c, 0x3a, 0x46, 0x3c, 0x36, 0x36, 0x36, 0x36, 0x36, 0x36, 0x36, 0x36, 0x36, 0x36, 0x36, 0xb4, 0xf7, 0xf4, 0xf8, 0xf5, 0xf9, 0xfb, 0xe5, 0x96, 0x9e, 0x97, 0x9c, 0x84, 0x4f, 0xd4, 0xfc, 0xfd, 0xfd, 0xfd, 0xfd, 0xfa, 0xea, 0x78, 0x85, 0x7c, 0x79, 0x79, 0x79, 0x74, 0x74, 0x6f, 0x74, 0x69, 0x74, 0x69, 0x69, 0x6f, 0x69, 0x78, 0x73, 0x5e, 0x6d, 0x67, 0x67, 0x67, 0x67, 0x67, 0x67, 0x67, 0x67, 0x67, 0x67, 0x67, 0x67, 0x65, 0x67, 0x65, 0x67, 0x65, 0x67, 0x65, 0x5e, 0x5b, 0x59, 0x5b, 0x59, 0x5b, 0x59, 0x5b, 0x59, 0x5b, 0x59, 0x59, 0x5b, 0x5f, 0x57, 0x59, 0x56, 0x59, 0x56, 0x56, 0x56, 0x56, 0x56, 0x51, 0x53, 0x56, 0x56, 0x56, 0x56, 0x51, 0x51, 0x51, 0x51, 0x51, 0x56, 0x51, 0x51, 0x51, 
  0x83, 0x81, 0x83, 0x89, 0x83, 0x83, 0x89, 0x83, 0x86, 0x86, 0x8b, 0x8e, 0x96, 0x97, 0x9e, 0x97, 0x97, 0x9f, 0x9a, 0x96, 0x90, 0x97, 0x8c, 0x7b, 0x84, 0x73, 0x97, 0x99, 0x91, 0x97, 0x99, 0x9c, 0x99, 0x9a, 0x9c, 0x9c, 0x97, 0x97, 0x97, 0x9e, 0x97, 0x9c, 0x99, 0x9c, 0x9e, 0x90, 0x9f, 0xa2, 0xa2, 0x96, 0x6b, 0x8c, 0xa1, 0x9c, 0xa0, 0x9f, 0x84, 0x60, 0x74, 0xa1, 0x9f, 0x9e, 0xa0, 0x9f, 0x73, 0x6a, 0x93, 0xa2, 0x9f, 0xa2, 0x80, 0x74, 0x9f, 0x9f, 0x9b, 0xa2, 0x7b, 0x85, 0xa2, 0xa2, 0x8c, 0x8e, 0x80, 0x88, 0x8d, 0x88, 0x88, 0x8c, 0xe9, 0xfb, 0xf9, 0xff, 0xd6, 0x62, 0x84, 0x9e, 0xd7, 0x7b, 0xce, 0x49, 0xca, 0x4a, 0xce, 0x52, 0x73, 0x78, 0xea, 0xfe, 0xfb, 0xfa, 0xf7, 0xf9, 0xfa, 0xde, 0x36, 0x3c, 0x3c, 0x3c, 0x3c, 0x3a, 0x3c, 0x46, 0x46, 0x43, 0x3a, 0x3f, 0x3c, 0x3a, 0x42, 0x3f, 0x36, 0x36, 0x36, 0x36, 0x36, 0x36, 0x36, 0x36, 0x36, 0x36, 0xa9, 0xbf, 0xf7, 0xf5, 0xf5, 0xf9, 0xf9, 0xfa, 0xd2, 0x9e, 0x97, 0x97, 0x9e, 0x73, 0x4d, 0xd4, 0xff, 0xfa, 0xfb, 0xfd, 0xfd, 0xfd, 0xea, 0x78, 0x7c, 0x7c, 0x79, 0x78, 0x74, 0x85, 0x75, 0x80, 0x70, 0x66, 0x70, 0x6c, 0x69, 0x6c, 0x6c, 0x75, 0xd3, 0x65, 0x67, 0x67, 0x67, 0x67, 0x67, 0x67, 0x67, 0x67, 0x67, 0x67, 0x65, 0x65, 0x65, 0x65, 0x65, 0x65, 0x65, 0x65, 0x65, 0x65, 0x65, 0x5f, 0x5f, 0x59, 0x5b, 0x59, 0x59, 0x59, 0x59, 0x59, 0x5b, 0x59, 0x5b, 0x59, 0x5e, 0x56, 0x59, 0x56, 0x59, 0x57, 0x59, 0x56, 0x54, 0x56, 0x53, 0x56, 0x51, 0x53, 0x51, 0x53, 0x51, 0x51, 0x51, 0x51, 0x51, 0x51, 0x51, 0x51, 
  0x89, 0x83, 0x89, 0x83, 0x83, 0x89, 0x83, 0x86, 0x89, 0x86, 0x8a, 0x94, 0x96, 0x92, 0x90, 0x9b, 0x9b, 0x59, 0x6d, 0x96, 0x9f, 0x9e, 0x84, 0x7b, 0x7b, 0x7b, 0x9a, 0x97, 0x90, 0x96, 0x99, 0x97, 0x98, 0x97, 0x97, 0xd6, 0x99, 0x97, 0x9c, 0x97, 0x9c, 0x9c, 0x9c, 0x99, 0x9c, 0x90, 0xa2, 0xa2, 0xa2, 0x84, 0x68, 0x96, 0x9f, 0x9e, 0x9e, 0x9f, 0x77, 0x60, 0x85, 0xa2, 0x9e, 0x9e, 0x9f, 0x9c, 0x71, 0x6b, 0x99, 0x9f, 0xa0, 0xa1, 0x74, 0x79, 0xa2, 0xec, 0x92, 0xa2, 0x88, 0x7c, 0xa3, 0x9f, 0x92, 0x8e, 0x84, 0x8c, 0x8d, 0x88, 0x8c, 0x85, 0xea, 0xf7, 0xfa, 0xeb, 0x9d, 0x5f, 0x88, 0x7b, 0xc5, 0x3d, 0x26, 0x30, 0x26, 0x24, 0x26, 0x30, 0x26, 0xba, 0x1a, 0xe5, 0x01, 0xe0, 0x17, 0x1a, 0x01, 0xe1, 0x36, 0x3c, 0x3c, 0x3c, 0x3c, 0x3c, 0x3a, 0x3a, 0x3c, 0x3a, 0x3a, 0x3c, 0x3a, 0x3a, 0x41, 0x41, 0x36, 0x36, 0x36, 0x36, 0x36, 0x36, 0x36, 0x36, 0x36, 0x36, 0xa9, 0xe1, 0xf5, 0xf4, 0xf8, 0xf5, 0xf5, 0xf7, 0x67, 0x9d, 0x97, 0x96, 0x9c, 0x66, 0x4f, 0x85, 0xeb, 0xfa, 0xfd, 0xfd, 0xfd, 0xfc, 0xea, 0x74, 0x78, 0x80, 0x74, 0x79, 0x74, 0x85, 0x55, 0x75, 0x9b, 0x85, 0x70, 0x69, 0x62, 0x6c, 0x6c, 0x78, 0x6d, 0x65, 0x67, 0x67, 0x67, 0x67, 0x67, 0x67, 0x67, 0x67, 0x65, 0x67, 0x65, 0x65, 0x65, 0x65, 0x65, 0x65, 0x65, 0x65, 0x67, 0x65, 0x65, 0x5f, 0x5f, 0x5f, 0x59, 0x5b, 0x59, 0x5b, 0x59, 0x5b, 0x59, 0x5f, 0x59, 0x5f, 0x59, 0x59, 0x56, 0x57, 0x59, 0x56, 0x59, 0x56, 0x56, 0x53, 0x56, 0x51, 0x56, 0x51, 0x51, 0x51, 0x56, 0x56, 0x51, 0x51, 0x51, 0x51, 0x51, 0x51, 
  0x83, 0x86, 0x83, 0x86, 0x89, 0x83, 0x89, 0x89, 0x86, 0x86, 0x86, 0x87, 0x93, 0x8e, 0x92, 0x70, 0xce, 0x3b, 0xb8, 0x40, 0xc7, 0x70, 0x7e, 0x7c, 0x73, 0xd4, 0x9a, 0x90, 0x91, 0x97, 0x97, 0x96, 0x97, 0x97, 0x97, 0x97, 0x97, 0x9c, 0x97, 0x97, 0x99, 0x9c, 0x99, 0x9e, 0x99, 0x9c, 0xa2, 0xa2, 0x9e, 0x70, 0x73, 0x9d, 0xa1, 0x99, 0xa0, 0x9a, 0x6f, 0x6a, 0x93, 0xa1, 0x9e, 0x99, 0xa2, 0x91, 0x66, 0x71, 0x9f, 0x9f, 0x9f, 0x9f, 0x70, 0x88, 0xa2, 0xa2, 0x8c, 0xa2, 0x8c, 0x7b, 0xa3, 0x9f, 0x8c, 0x8d, 0x7c, 0x8d, 0x8c, 0x8d, 0x88, 0x88, 0xe9, 0xfb, 0xf7, 0xd7, 0x9a, 0x74, 0x55, 0x28, 0x28, 0x27, 0x0f, 0x0d, 0x0d, 0x0d, 0x08, 0x0f, 0x27, 0x27, 0x26, 0x18, 0xc2, 0x14, 0x14, 0x14, 0x14, 0x1a, 0x3d, 0x41, 0x3d, 0x3a, 0x3a, 0x3c, 0x3a, 0x3a, 0x39, 0x3a, 0x3d, 0x40, 0x3e, 0x3c, 0x3c, 0x46, 0x36, 0x36, 0x36, 0x36, 0x36, 0xa9, 0x36, 0x39, 0x36, 0x36, 0x36, 0xf2, 0xf4, 0xf5, 0xf5, 0xf5, 0xfb, 0xf2, 0x6d, 0x9a, 0x91, 0x96, 0x97, 0x55, 0x4f, 0x8d, 0xec, 0xea, 0xfa, 0xfd, 0xfd, 0xfd, 0xea, 0x74, 0x7c, 0x79, 0x79, 0x79, 0x74, 0x80, 0x55, 0x6c, 0x9f, 0x9b, 0x96, 0x8c, 0x70, 0x6c, 0x69, 0x78, 0x6d, 0x67, 0x67, 0x67, 0x67, 0x67, 0x67, 0x67, 0x67, 0x67, 0x67, 0x67, 0x65, 0x65, 0x65, 0x65, 0x5f, 0x65, 0x5f, 0x67, 0x65, 0x65, 0x65, 0x5f, 0x5f, 0x5f, 0x59, 0x59, 0x59, 0x59, 0x59, 0x59, 0x5b, 0x59, 0x5f, 0x5e, 0x5e, 0x56, 0x59, 0x56, 0x59, 0x57, 0x56, 0x59, 0x51, 0x56, 0x53, 0x56, 0x51, 0x53, 0x51, 0x56, 0x51, 0x51, 0x56, 0x51, 0x51, 0x51, 0x51, 0x51, 
  0x86, 0x83, 0x86, 0x83, 0x89, 0x89, 0x89, 0x86, 0x86, 0x89, 0x86, 0x8b, 0x87, 0x8d, 0x6d, 0xbf, 0xb5, 0xb7, 0xb7, 0xb7, 0xb0, 0xd0, 0x92, 0x78, 0x6d, 0x8c, 0x9b, 0x9e, 0x97, 0x90, 0x91, 0x90, 0x91, 0x93, 0x96, 0x9a, 0x99, 0x97, 0x97, 0x97, 0x9c, 0x97, 0x99, 0x99, 0x9c, 0xa2, 0x9f, 0xa2, 0x91, 0x68, 0x88, 0xa1, 0x9e, 0x9e, 0xa1, 0x8e, 0x6a, 0x71, 0x9e, 0xa0, 0x9e, 0x9f, 0xa2, 0x88, 0x6b, 0x71, 0xa0, 0x9e, 0xa0, 0x9f, 0x6c, 0x93, 0xa3, 0xa2, 0x92, 0x9e, 0x97, 0x70, 0xa3, 0x9c, 0x92, 0x88, 0x80, 0x8e, 0x8d, 0x88, 0x8c, 0x85, 0xea, 0xe8, 0xe6, 0x97, 0xa0, 0x73, 0x14, 0x14, 0x0d, 0x09, 0x0a, 0x0a, 0x0a, 0x0a, 0x0a, 0x0a, 0x0e, 0x0d, 0x17, 0x1a, 0x14, 0x1a, 0x1a, 0x17, 0x28, 0x14, 0x2a, 0x2a, 0xba, 0x3f, 0xc5, 0xc0, 0x41, 0x41, 0x2a, 0x17, 0x2a, 0x17, 0x29, 0x40, 0x41, 0x46, 0x3a, 0x36, 0x36, 0x38, 0x3d, 0xbf, 0x2a, 0xc2, 0xc5, 0x3e, 0xbb, 0xe8, 0xf3, 0xf4, 0xf4, 0xf5, 0xfb, 0xe5, 0xd6, 0x93, 0x8c, 0x91, 0x91, 0x50, 0x50, 0x92, 0xa1, 0xea, 0xfc, 0xfd, 0xfd, 0xfc, 0xea, 0x78, 0x78, 0x7c, 0x74, 0x79, 0x74, 0x85, 0x55, 0x69, 0x9d, 0x96, 0x97, 0x91, 0x62, 0x74, 0x6b, 0x7b, 0x5f, 0x67, 0x67, 0x67, 0x67, 0x67, 0x67, 0x67, 0x67, 0x67, 0x65, 0x67, 0x65, 0x65, 0x65, 0x65, 0x65, 0x65, 0x65, 0x65, 0x67, 0x65, 0x65, 0x5f, 0x5f, 0x5f, 0x59, 0x5b, 0x59, 0x5b, 0x59, 0x5b, 0x59, 0x5f, 0x5e, 0x5e, 0x5d, 0x59, 0x56, 0x57, 0x59, 0x56, 0x59, 0x56, 0x56, 0x53, 0x56, 0x51, 0x56, 0x51, 0x51, 0x56, 0x51, 0x56, 0x51, 0x51, 0x51, 0x51, 0x51, 0x51, 
  0x83, 0x83, 0x83, 0x89, 0x89, 0x89, 0x89, 0x89, 0x86, 0x86, 0x89, 0x89, 0x89, 0x8d, 0xd0, 0xbe, 0xb7, 0xb8, 0xb7, 0xb7, 0xb7, 0xc0, 0x62, 0x92, 0xd4, 0x84, 0x7b, 0xcc, 0x70, 0x8c, 0x9b, 0x9b, 0x91, 0x8c, 0x8c, 0x91, 0x90, 0x97, 0x97, 0x97, 0x97, 0x99, 0x9c, 0x99, 0x9f, 0xa0, 0xa1, 0xa0, 0x84, 0x66, 0x9a, 0x9e, 0x9f, 0x9f, 0xa2, 0x79, 0x6a, 0x79, 0xa0, 0x9f, 0x9e, 0x9f, 0xa0, 0x79, 0x6a, 0x80, 0xa1, 0x9e, 0x9f, 0x9c, 0x6e, 0x96, 0xa2, 0xa2, 0x88, 0xd7, 0x97, 0x73, 0xa2, 0x9c, 0x92, 0x88, 0x88, 0x88, 0x88, 0x8d, 0x88, 0x88, 0xe9, 0xea, 0x67, 0x9b, 0xec, 0x1c, 0x29, 0x0d, 0x0e, 0x0a, 0x0b, 0x0b, 0x0b, 0x07, 0x0a, 0x0a, 0x0e, 0x0a, 0x19, 0x17, 0x17, 0x1d, 0x1b, 0x1b, 0x1a, 0x14, 0x28, 0x2a, 0x1c, 0xcc, 0x14, 0x24, 0x37, 0x2f, 0x08, 0x08, 0x06, 0x06, 0x09, 0x22, 0x30, 0x49, 0x3f, 0x36, 0x3f, 0x48, 0xc5, 0x28, 0x26, 0x26, 0x27, 0x40, 0x1a, 0xb6, 0xda, 0xb3, 0xd9, 0xda, 0xb9, 0x40, 0xce, 0x84, 0x9a, 0x8c, 0x84, 0x4d, 0x55, 0x9d, 0x9a, 0xa2, 0xfc, 0xfd, 0xfd, 0xfd, 0xea, 0x78, 0x78, 0x79, 0x79, 0x79, 0x71, 0x85, 0x55, 0x6a, 0x9b, 0x96, 0x96, 0x93, 0x4f, 0x4f, 0x95, 0x96, 0x7b, 0x65, 0x67, 0x67, 0x67, 0x67, 0x67, 0x67, 0x67, 0x67, 0x67, 0x67, 0x65, 0x65, 0x65, 0x65, 0x65, 0x5f, 0x65, 0x65, 0x65, 0x65, 0x65, 0x5f, 0x5f, 0x5f, 0x59, 0x59, 0x59, 0x59, 0x59, 0x59, 0x5b, 0x59, 0x5e, 0x5d, 0x5e, 0x56, 0x59, 0x56, 0x59, 0x57, 0x56, 0x59, 0x51, 0x56, 0x53, 0x56, 0x51, 0x56, 0x51, 0x51, 0x56, 0x51, 0x56, 0x51, 0x51, 0x51, 0x51, 0x51, 
  0x86, 0x8a, 0x86, 0x86, 0x89, 0x86, 0x86, 0x86, 0x86, 0x89, 0x8b, 0x8b, 0x89, 0x8d, 0x4a, 0xbb, 0xb7, 0xb7, 0xb7, 0xb7, 0xb7, 0xb2, 0xb8, 0xc8, 0xd0, 0x92, 0xce, 0xaf, 0xb8, 0x40, 0xc8, 0xce, 0x6d, 0x92, 0x9a, 0x97, 0x8c, 0x8c, 0x90, 0x97, 0x97, 0x97, 0x99, 0x9c, 0xa0, 0xa2, 0xa0, 0x9d, 0x70, 0x80, 0x9e, 0x9e, 0x99, 0x9f, 0x98, 0x6f, 0x6b, 0x8e, 0x9f, 0x9f, 0x9e, 0xa0, 0x9e, 0x71, 0x6a, 0x87, 0xa0, 0x9a, 0xa0, 0x91, 0x69, 0x9d, 0xa2, 0x9e, 0x7e, 0x96, 0x9c, 0x73, 0xa3, 0x97, 0x8e, 0x85, 0x88, 0x88, 0x8d, 0x88, 0x8c, 0xd4, 0xd6, 0xd7, 0x62, 0x96, 0xe9, 0x17, 0x12, 0x0e, 0x0b, 0x0a, 0x0a, 0x0a, 0x07, 0x0c, 0x07, 0x0c, 0x0a, 0x0e, 0x19, 0x14, 0x1a, 0x29, 0x12, 0x16, 0x1b, 0x1a, 0x29, 0x28, 0x1a, 0x1c, 0x08, 0x26, 0x37, 0x2f, 0x08, 0x07, 0x0a, 0x07, 0x09, 0x24, 0xaa, 0x46, 0xc4, 0x43, 0x1a, 0x3e, 0x24, 0x26, 0x27, 0x28, 0x27, 0x25, 0x28, 0x30, 0x2c, 0x2d, 0x2d, 0x2c, 0x2c, 0x2c, 0xa7, 0x30, 0x48, 0x99, 0x6d, 0x4d, 0x5a, 0x9a, 0x97, 0xa2, 0xea, 0xfa, 0xfd, 0xfd, 0xd6, 0x7c, 0x79, 0x78, 0x79, 0x75, 0x74, 0x80, 0x55, 0x69, 0x9b, 0x92, 0x91, 0x92, 0x4f, 0x4d, 0x93, 0x98, 0x99, 0x90, 0x7b, 0x67, 0x67, 0x67, 0x67, 0x67, 0x67, 0x65, 0x65, 0x65, 0x65, 0x65, 0x65, 0x65, 0x65, 0x65, 0x65, 0x65, 0x67, 0x65, 0x65, 0x65, 0x5f, 0x5f, 0x59, 0x5f, 0x59, 0x5f, 0x5b, 0x5f, 0x5d, 0x59, 0x5f, 0x59, 0x57, 0x59, 0x57, 0x59, 0x56, 0x59, 0x57, 0x59, 0x56, 0x56, 0x51, 0x53, 0x56, 0x56, 0x56, 0x56, 0x51, 0x56, 0x51, 0x51, 0x51, 0x51, 0x51, 0x51, 
  0x86, 0x86, 0x86, 0x86, 0x86, 0x89, 0x86, 0x86, 0x83, 0x8b, 0x8f, 0x8b, 0x8b, 0x85, 0xc8, 0xb8, 0xb6, 0xb7, 0xb5, 0xb7, 0xb5, 0xb7, 0xb5, 0xb2, 0xb4, 0xbe, 0xba, 0xb5, 0xb7, 0xb5, 0xb2, 0xb2, 0xb7, 0xbe, 0xc8, 0x4e, 0x7b, 0x92, 0x96, 0x8c, 0x90, 0x96, 0x97, 0x9e, 0xa2, 0xa0, 0xa2, 0x88, 0x6b, 0x92, 0x9f, 0x9e, 0x9e, 0xa0, 0x80, 0x69, 0x79, 0x9e, 0x9e, 0x9f, 0x9e, 0xa0, 0x8e, 0x6b, 0x6b, 0x98, 0x9e, 0x9e, 0xa0, 0x84, 0x70, 0xa1, 0xa0, 0x97, 0x7b, 0x92, 0x9e, 0x7b, 0xa2, 0x9b, 0x8c, 0x88, 0x88, 0x8d, 0x8d, 0x8c, 0x88, 0x8c, 0xd6, 0xa3, 0x67, 0x96, 0x1f, 0x16, 0x12, 0x0e, 0x0b, 0x0a, 0x0a, 0x0a, 0x0a, 0x09, 0x09, 0x09, 0x09, 0x0d, 0x1a, 0x0f, 0x18, 0x12, 0x11, 0x12, 0x0d, 0x1b, 0x18, 0x29, 0x28, 0x1a, 0x0f, 0x25, 0x37, 0x2f, 0x08, 0x09, 0x07, 0x07, 0x09, 0x22, 0x37, 0x2a, 0xcc, 0x2a, 0x26, 0x26, 0x28, 0x18, 0x18, 0x1b, 0x1c, 0x17, 0x27, 0x17, 0x23, 0x23, 0x05, 0x23, 0x23, 0x23, 0x21, 0x2d, 0xa5, 0xc5, 0x6b, 0x4b, 0x71, 0x9c, 0x9b, 0x9f, 0xeb, 0xfa, 0xfd, 0xfa, 0xeb, 0x78, 0x79, 0x79, 0x75, 0x79, 0x6f, 0x87, 0x55, 0x6c, 0x9d, 0x92, 0x96, 0x92, 0x4d, 0x4b, 0x93, 0x96, 0x96, 0x99, 0xd4, 0x70, 0x67, 0x65, 0x6d, 0x6d, 0x67, 0x65, 0x67, 0x65, 0x65, 0x65, 0x65, 0x65, 0x65, 0x5f, 0x65, 0x65, 0x65, 0x65, 0x65, 0x5f, 0x5f, 0x65, 0x5f, 0x5f, 0x5f, 0x5f, 0x5f, 0x5d, 0x59, 0x5d, 0x59, 0x59, 0x59, 0x59, 0x59, 0x57, 0x59, 0x56, 0x59, 0x56, 0x56, 0x56, 0x54, 0x53, 0x57, 0x56, 0x56, 0x51, 0x56, 0x51, 0x56, 0x51, 0x56, 0x51, 0x51, 0x51, 
  0x8b, 0x8b, 0x89, 0x89, 0x86, 0x86, 0x86, 0x86, 0x86, 0x8f, 0x94, 0x94, 0x8d, 0x6c, 0xc1, 0xb7, 0xb7, 0xb5, 0xb7, 0xb5, 0xb7, 0xb6, 0xb5, 0xb6, 0xb5, 0xb2, 0xb4, 0xb5, 0xb5, 0xb5, 0xb7, 0xb5, 0xb4, 0xb2, 0xb2, 0xb0, 0xb8, 0xc5, 0xcf, 0x90, 0x99, 0x97, 0x97, 0x9f, 0xa3, 0xa1, 0xec, 0x77, 0x77, 0x9e, 0x9f, 0x9e, 0x9e, 0x97, 0x6f, 0x6e, 0x91, 0x9f, 0x9f, 0x99, 0x9f, 0x9f, 0x7b, 0x6b, 0x77, 0xa1, 0x99, 0x9f, 0x9f, 0x77, 0x77, 0xa1, 0xa0, 0x8c, 0x84, 0x90, 0x9f, 0x84, 0xa1, 0x97, 0x93, 0x85, 0x8e, 0x8d, 0x88, 0x8d, 0x88, 0xd4, 0x9b, 0x9f, 0x6e, 0x92, 0x1f, 0x13, 0x10, 0x0a, 0x0b, 0x09, 0x08, 0x23, 0x25, 0x23, 0x24, 0x24, 0x25, 0x27, 0x18, 0x28, 0x29, 0x17, 0x11, 0x15, 0x11, 0x0e, 0x19, 0x1a, 0x29, 0x1a, 0x0f, 0x25, 0x37, 0x2f, 0x08, 0x07, 0x07, 0x06, 0x07, 0x22, 0x37, 0x2a, 0x2a, 0x27, 0x27, 0x2a, 0x18, 0x14, 0x0d, 0x0f, 0x16, 0x1d, 0x27, 0x14, 0x09, 0x04, 0x05, 0x04, 0x04, 0x04, 0x05, 0x05, 0x21, 0x20, 0xc8, 0x4d, 0x71, 0xd7, 0x9b, 0xa1, 0xeb, 0xea, 0xfa, 0xfd, 0xea, 0x80, 0x74, 0x75, 0x80, 0x79, 0x74, 0x85, 0x55, 0x71, 0x9b, 0x92, 0x96, 0x85, 0x4d, 0x4f, 0x94, 0x93, 0x90, 0x9c, 0x66, 0x4e, 0x77, 0x6d, 0x65, 0x6d, 0x67, 0x65, 0x65, 0x67, 0x65, 0x65, 0x65, 0x65, 0x65, 0x65, 0x65, 0x65, 0x67, 0x65, 0x65, 0x65, 0x5f, 0x5f, 0x5f, 0x59, 0x5f, 0x59, 0x5f, 0x5f, 0x5d, 0x59, 0x59, 0x5e, 0x57, 0x59, 0x57, 0x59, 0x56, 0x59, 0x56, 0x59, 0x56, 0x56, 0x53, 0x51, 0x56, 0x56, 0x57, 0x51, 0x56, 0x51, 0x56, 0x51, 0x51, 0x51, 0x51, 0x51, 
  0x8f, 0x8b, 0x8b, 0x89, 0x86, 0x89, 0x86, 0x86, 0x89, 0x8f, 0x94, 0x95, 0x98, 0x4e, 0xbe, 0xb5, 0xb7, 0xb7, 0xb5, 0xb5, 0xb5, 0xb5, 0xb5, 0xb5, 0xb5, 0xb5, 0xb5, 0xb4, 0xb5, 0xb4, 0xb5, 0xb4, 0xb5, 0xb4, 0xb5, 0xb5, 0xb4, 0xb2, 0x3b, 0x8c, 0xa3, 0x9f, 0x97, 0xa0, 0xa2, 0xa3, 0x91, 0x6e, 0x98, 0xa2, 0x9e, 0x9e, 0x9e, 0x84, 0x63, 0x80, 0x9e, 0xa0, 0x9f, 0x9e, 0x9f, 0x95, 0x71, 0x68, 0x8e, 0x9f, 0x9e, 0xa0, 0x9a, 0x6e, 0x88, 0xa0, 0x9f, 0x84, 0x8c, 0x8c, 0xa0, 0x88, 0xd7, 0x97, 0x92, 0x88, 0x93, 0x8d, 0x88, 0x8d, 0x88, 0x84, 0x9c, 0xa2, 0x70, 0x8c, 0x1e, 0x13, 0x0e, 0x0d, 0x09, 0x24, 0x22, 0x2f, 0x2d, 0x2f, 0x2f, 0x2f, 0x39, 0x2f, 0x2a, 0x14, 0x28, 0x17, 0x13, 0x11, 0x11, 0x15, 0x0a, 0x16, 0x1b, 0x1c, 0x13, 0x25, 0x38, 0x2f, 0x25, 0x06, 0x07, 0x07, 0x09, 0x22, 0x37, 0x40, 0x0f, 0x40, 0x1b, 0x16, 0x09, 0x0a, 0x0a, 0x10, 0x07, 0x1b, 0x18, 0x27, 0x0d, 0x04, 0x04, 0x04, 0x04, 0x04, 0x04, 0x04, 0x05, 0x02, 0x30, 0x4e, 0x84, 0x9c, 0x9b, 0x9f, 0xa1, 0xea, 0xfa, 0xfd, 0xea, 0x80, 0x74, 0x74, 0x80, 0x75, 0x74, 0x85, 0x4f, 0x7c, 0x9b, 0x92, 0x96, 0x80, 0x4b, 0x4f, 0x95, 0x93, 0x91, 0x9c, 0x6a, 0x4b, 0x66, 0x99, 0x6d, 0x63, 0x67, 0x65, 0x67, 0x65, 0x65, 0x67, 0x65, 0x65, 0x65, 0x5f, 0x65, 0x65, 0x65, 0x65, 0x65, 0x5f, 0x5f, 0x65, 0x59, 0x5f, 0x59, 0x5f, 0x59, 0x5f, 0x5d, 0x59, 0x57, 0x5e, 0x57, 0x59, 0x59, 0x57, 0x59, 0x56, 0x59, 0x56, 0x56, 0x56, 0x54, 0x53, 0x56, 0x56, 0x56, 0x51, 0x56, 0x51, 0x56, 0x51, 0x56, 0x51, 0x51, 0x51, 
  0x8f, 0x8f, 0x8b, 0x8a, 0x86, 0x86, 0x89, 0x86, 0x8b, 0x94, 0x98, 0x95, 0x95, 0xcc, 0xb8, 0xb7, 0xb5, 0xb5, 0xb5, 0xb5, 0xb5, 0xb5, 0xb5, 0xb7, 0xb5, 0xb5, 0xb4, 0xb4, 0xb4, 0xb4, 0xb4, 0xb4, 0xb4, 0xb4, 0xb4, 0xb5, 0xb6, 0xb4, 0x40, 0x97, 0xa2, 0xd5, 0x96, 0xa2, 0xa3, 0x9e, 0x77, 0x80, 0xa1, 0x9f, 0x9e, 0xa0, 0x93, 0x68, 0x6b, 0x96, 0xa0, 0xa0, 0xa0, 0x9f, 0x9a, 0x7b, 0x6b, 0x79, 0x9f, 0xa0, 0x9e, 0xa0, 0x93, 0x68, 0x93, 0xa0, 0x9e, 0x84, 0x91, 0x8c, 0x9f, 0x90, 0xa1, 0x96, 0x8d, 0x88, 0x8d, 0x8d, 0x88, 0x8d, 0x88, 0x88, 0x97, 0xa2, 0x7b, 0x7b, 0x1f, 0x0d, 0x12, 0x08, 0x22, 0x2f, 0x2f, 0x2f, 0x2f, 0x2f, 0x2f, 0x2f, 0x39, 0x2f, 0x40, 0x2a, 0x28, 0x0f, 0x18, 0x13, 0x0e, 0x15, 0x15, 0x11, 0x16, 0x1d, 0x29, 0x25, 0x37, 0x2f, 0x25, 0x06, 0x07, 0x06, 0x06, 0x22, 0x2f, 0x2a, 0x1a, 0x19, 0x0d, 0x0a, 0x0e, 0x10, 0x10, 0x10, 0x0b, 0x1b, 0x14, 0x27, 0x0f, 0x04, 0x04, 0x04, 0x04, 0x04, 0x04, 0x04, 0x04, 0x04, 0x02, 0x1a, 0x9e, 0x91, 0x97, 0x9f, 0x9c, 0xd4, 0xfc, 0xfd, 0xea, 0x7c, 0x79, 0x74, 0x80, 0x79, 0x79, 0x7c, 0x62, 0xd5, 0xd6, 0x92, 0x96, 0x6f, 0x4b, 0x5a, 0x98, 0x93, 0x8c, 0x9c, 0x5a, 0x4b, 0x6e, 0x9e, 0x91, 0x6d, 0x65, 0x65, 0x65, 0x67, 0x65, 0x65, 0x65, 0x65, 0x65, 0x65, 0x65, 0x65, 0x67, 0x65, 0x65, 0x65, 0x5f, 0x5f, 0x5f, 0x59, 0x5f, 0x59, 0x5f, 0x5f, 0x5d, 0x59, 0x5e, 0x57, 0x5e, 0x57, 0x59, 0x57, 0x59, 0x57, 0x56, 0x59, 0x56, 0x56, 0x53, 0x56, 0x56, 0x56, 0x57, 0x51, 0x56, 0x51, 0x56, 0x51, 0x51, 0x51, 0x51, 0x51, 
  0x8f, 0x8b, 0x8f, 0x8a, 0x8b, 0x8b, 0x86, 0x8b, 0x8f, 0x94, 0x94, 0x98, 0x8c, 0xc8, 0xb7, 0xb6, 0xb7, 0xb5, 0xb5, 0xb5, 0xb5, 0xb5, 0xb5, 0xb5, 0xb5, 0xb5, 0xb4, 0xb4, 0xb4, 0xb4, 0xb4, 0xb4, 0xb4, 0xb4, 0xb4, 0xb4, 0xb5, 0xb2, 0xbf, 0xd7, 0x9b, 0x7b, 0xa0, 0xa2, 0xa3, 0x8c, 0x6f, 0x98, 0xa2, 0x9e, 0x9f, 0x9e, 0x73, 0x68, 0x87, 0xa0, 0x9e, 0xa0, 0xa0, 0x9f, 0x87, 0x68, 0x6b, 0x96, 0x9f, 0x9e, 0xd7, 0xa2, 0x7b, 0x71, 0x9e, 0xa0, 0x97, 0x85, 0x97, 0x88, 0xa2, 0x96, 0xd7, 0x97, 0x8c, 0x88, 0x8d, 0x88, 0x8d, 0x8d, 0x88, 0x88, 0x9b, 0xa2, 0xd4, 0x84, 0x1e, 0x13, 0x0f, 0x22, 0xaf, 0x38, 0x2f, 0x2f, 0x24, 0x24, 0x25, 0x25, 0x25, 0x27, 0x25, 0x18, 0x29, 0x28, 0x14, 0x19, 0x13, 0x0d, 0x15, 0x12, 0x0e, 0x1b, 0x16, 0x25, 0x37, 0x2f, 0x25, 0x06, 0x06, 0x07, 0x06, 0x22, 0x2f, 0x18, 0x13, 0x0e, 0x10, 0x10, 0x0c, 0x10, 0x0c, 0x0a, 0x19, 0x19, 0x25, 0x0f, 0x0f, 0x05, 0x05, 0x04, 0x04, 0x04, 0x04, 0x04, 0x04, 0x04, 0x02, 0x16, 0x9e, 0x91, 0x97, 0x99, 0x9b, 0x7c, 0xea, 0xfd, 0xea, 0x80, 0x79, 0x75, 0x75, 0x80, 0x74, 0x85, 0xe8, 0xf4, 0xfa, 0xea, 0xd6, 0x60, 0x4b, 0x64, 0x9d, 0x92, 0x90, 0xd6, 0x50, 0x4b, 0x6f, 0x97, 0x97, 0x91, 0x67, 0x67, 0x67, 0x65, 0x67, 0x67, 0x67, 0x65, 0x65, 0x5f, 0x65, 0x65, 0x65, 0x65, 0x65, 0x5f, 0x5f, 0x65, 0x5f, 0x5f, 0x5f, 0x5f, 0x5d, 0x5d, 0x59, 0x5d, 0x5d, 0x5d, 0x57, 0x57, 0x57, 0x57, 0x57, 0x56, 0x57, 0x56, 0x57, 0x56, 0x57, 0x56, 0x51, 0x56, 0x51, 0x56, 0x57, 0x56, 0x57, 0x51, 0x56, 0x51, 0x51, 0x51, 
  0x8f, 0x8f, 0x8b, 0x8a, 0x89, 0x8a, 0x89, 0x8b, 0x89, 0x94, 0x95, 0x9a, 0x70, 0xc1, 0xb7, 0xb7, 0xb5, 0xb5, 0xb5, 0xb5, 0xb5, 0xb5, 0xb5, 0xb5, 0xb5, 0xb5, 0xb4, 0xb4, 0xb4, 0xb4, 0xb4, 0xb4, 0xb4, 0xb4, 0xb4, 0xb4, 0xb5, 0xb2, 0xc5, 0xd8, 0xd4, 0x92, 0xd8, 0xa2, 0x97, 0x70, 0x8e, 0x9f, 0x9f, 0x9f, 0x9f, 0x7b, 0x6b, 0x80, 0x9f, 0x9e, 0xa0, 0xa0, 0xa0, 0x91, 0x6b, 0x6b, 0x85, 0xa1, 0x9f, 0x9e, 0x9f, 0x9f, 0x68, 0x7c, 0xa2, 0xa0, 0x8e, 0x92, 0x97, 0x88, 0xa2, 0x96, 0x9e, 0x93, 0x88, 0x8d, 0x8d, 0x87, 0x88, 0x8d, 0x88, 0x8c, 0x9d, 0xa0, 0xd4, 0x7b, 0x2e, 0x0f, 0x24, 0x39, 0x2f, 0x24, 0x25, 0x08, 0x0d, 0x0a, 0x0d, 0x0a, 0x09, 0x0e, 0x12, 0x13, 0x1d, 0x29, 0x0f, 0x14, 0x18, 0x16, 0x16, 0x16, 0x19, 0x1d, 0x17, 0x25, 0x2f, 0x37, 0x25, 0x06, 0x07, 0x06, 0x06, 0x22, 0xb0, 0x29, 0x09, 0x10, 0x0c, 0x11, 0x0c, 0x0c, 0x0b, 0x19, 0x17, 0x27, 0x26, 0x14, 0x23, 0x21, 0x02, 0x02, 0x02, 0x02, 0x04, 0x04, 0x04, 0x04, 0x04, 0x08, 0x90, 0x91, 0x90, 0x9e, 0x92, 0x80, 0xea, 0xfd, 0xea, 0x80, 0x75, 0x74, 0x75, 0x7c, 0x78, 0x85, 0xf7, 0xf3, 0xf8, 0xf5, 0xfd, 0xd0, 0x4a, 0x71, 0x98, 0x91, 0x90, 0x96, 0x4d, 0x4b, 0x79, 0x96, 0x96, 0x99, 0x8c, 0x5f, 0x67, 0x67, 0x67, 0x67, 0x67, 0x65, 0x65, 0x65, 0x65, 0x65, 0x67, 0x65, 0x65, 0x65, 0x5f, 0x5f, 0x5f, 0x5f, 0x5f, 0x5f, 0x5d, 0x5f, 0x59, 0x5d, 0x5e, 0x57, 0x5d, 0x57, 0x5d, 0x57, 0x57, 0x57, 0x56, 0x57, 0x56, 0x57, 0x51, 0x57, 0x56, 0x51, 0x51, 0x56, 0x56, 0x57, 0x56, 0x51, 0x51, 0x51, 0x51, 0x51, 
  0x8f, 0x8b, 0x8f, 0x8a, 0x8a, 0x8b, 0x86, 0x8b, 0x8f, 0x94, 0x94, 0x9d, 0xd0, 0xbc, 0xb7, 0xb6, 0xb7, 0xb5, 0xb5, 0xb5, 0xb5, 0xb5, 0xb5, 0xb5, 0xb5, 0xb5, 0xb4, 0xb4, 0xb4, 0xb4, 0xb4, 0xb4, 0xb4, 0xb4, 0xb4, 0xb4, 0xb5, 0xb0, 0xca, 0xa2, 0x7b, 0xa2, 0xa3, 0x9e, 0x7b, 0x87, 0x9e, 0xa0, 0x9f, 0xa0, 0x8c, 0x70, 0x79, 0x9e, 0x9f, 0x9f, 0xec, 0xa0, 0x97, 0x6f, 0x66, 0x77, 0xa1, 0x9f, 0x9e, 0x9e, 0xa1, 0x88, 0x68, 0x93, 0xa2, 0xa0, 0x84, 0x96, 0x9c, 0x8c, 0xa2, 0x9b, 0x9c, 0x90, 0x88, 0x8d, 0x8d, 0x88, 0x8d, 0x8d, 0x8c, 0x88, 0x9a, 0xa3, 0x88, 0x70, 0x00, 0x28, 0x39, 0x39, 0x26, 0x08, 0x0d, 0x0b, 0x07, 0x0c, 0x0b, 0x0b, 0x0b, 0x0e, 0x11, 0x11, 0x12, 0x1b, 0x29, 0x28, 0x14, 0x17, 0x17, 0x19, 0x17, 0x18, 0x19, 0x25, 0x2f, 0x2f, 0x25, 0x06, 0x06, 0x07, 0x06, 0x22, 0x30, 0x1a, 0x19, 0x12, 0x12, 0x0a, 0x0e, 0x13, 0x1b, 0x17, 0x27, 0x24, 0x14, 0x28, 0x2c, 0x2c, 0x2c, 0x20, 0x20, 0x21, 0x21, 0x02, 0x04, 0x04, 0x04, 0x06, 0x7e, 0x99, 0x91, 0x99, 0x8d, 0x85, 0xd6, 0xfc, 0xea, 0x80, 0x79, 0x75, 0x74, 0x75, 0x78, 0x7c, 0xf7, 0xf6, 0xf6, 0xf6, 0xf3, 0xf5, 0x4e, 0xd4, 0x96, 0x92, 0xd6, 0x8c, 0x4b, 0x4b, 0x87, 0x97, 0x91, 0x96, 0x93, 0x73, 0x2b, 0x6d, 0x67, 0x67, 0x67, 0x65, 0x65, 0x5f, 0x65, 0x65, 0x65, 0x65, 0x65, 0x5f, 0x5f, 0x65, 0x5f, 0x5f, 0x5f, 0x5f, 0x5f, 0x59, 0x5d, 0x5d, 0x5d, 0x5d, 0x5d, 0x57, 0x57, 0x57, 0x57, 0x56, 0x57, 0x56, 0x56, 0x56, 0x57, 0x56, 0x51, 0x56, 0x51, 0x57, 0x56, 0x57, 0x51, 0x56, 0x51, 0x56, 0x51, 0x51, 
  0x8f, 0x8f, 0x8b, 0x8b, 0x86, 0x8b, 0x8b, 0x89, 0x8f, 0x94, 0x95, 0x9d, 0xcc, 0xbb, 0xb7, 0xb7, 0xb6, 0xb5, 0xb5, 0xb5, 0xb5, 0xb5, 0xb5, 0xb5, 0xb5, 0xb5, 0xb4, 0xb4, 0xb4, 0xb4, 0xb4, 0xb4, 0xb4, 0xb4, 0xb4, 0xb4, 0xb5, 0xb0, 0xce, 0x90, 0x9c, 0xa3, 0xa0, 0x84, 0x84, 0x9e, 0x9e, 0x9f, 0x9f, 0x93, 0x68, 0x73, 0x9e, 0xa1, 0x9f, 0x9f, 0xa0, 0x9e, 0x71, 0x68, 0x6f, 0x9e, 0x9f, 0xd7, 0x9e, 0x9f, 0x9a, 0x6e, 0x6f, 0x9e, 0xa0, 0x9f, 0x7b, 0xa1, 0x97, 0x8c, 0xa1, 0xd7, 0x9a, 0x90, 0x88, 0x8d, 0x8d, 0x88, 0x8d, 0x8e, 0x88, 0x8c, 0x9a, 0xa2, 0x91, 0x70, 0x8c, 0xba, 0x30, 0x27, 0x0d, 0x09, 0x0c, 0x07, 0x0c, 0x07, 0x0c, 0x07, 0x0c, 0x0b, 0x0c, 0x0e, 0x11, 0x13, 0x19, 0x19, 0x14, 0x14, 0x14, 0x14, 0x28, 0x17, 0x18, 0x25, 0x2f, 0x37, 0x25, 0x06, 0x06, 0x06, 0x06, 0x22, 0x3d, 0x17, 0x17, 0x17, 0x19, 0x19, 0x19, 0x19, 0x14, 0x27, 0x25, 0x14, 0x29, 0x21, 0x2d, 0x2c, 0x2c, 0x20, 0xa6, 0x20, 0x20, 0x20, 0x21, 0x02, 0x04, 0x05, 0x00, 0x98, 0x97, 0x9a, 0x85, 0x87, 0x9b, 0xfc, 0xea, 0x7c, 0x79, 0x74, 0x74, 0x79, 0x78, 0x7c, 0xf7, 0xf6, 0xf6, 0xf6, 0xf6, 0xf8, 0xf4, 0xfa, 0xea, 0xe9, 0x96, 0x7c, 0x4b, 0x4d, 0x93, 0x90, 0x93, 0x9b, 0x70, 0x73, 0x6d, 0x6d, 0x67, 0x67, 0x67, 0x67, 0x5f, 0x65, 0x65, 0x65, 0x67, 0x65, 0x65, 0x65, 0x5f, 0x5f, 0x5f, 0x5f, 0x5f, 0x5f, 0x5d, 0x5f, 0x59, 0x5d, 0x5d, 0x57, 0x5e, 0x57, 0x5d, 0x57, 0x57, 0x57, 0x56, 0x57, 0x56, 0x57, 0x51, 0x57, 0x56, 0x51, 0x53, 0x51, 0x57, 0x56, 0x57, 0x51, 0x51, 0x51, 0x51, 0x51, 
  0x8f, 0x8b, 0x8f, 0x8b, 0x8b, 0x8a, 0x89, 0x8b, 0x8f, 0x94, 0x95, 0x93, 0xc8, 0xb9, 0xb7, 0xb7, 0xb6, 0xb5, 0xb5, 0xb5, 0xb5, 0xb5, 0xb5, 0xb5, 0xb5, 0xb4, 0xb4, 0xb4, 0xb4, 0xb3, 0xb4, 0xb3, 0xb4, 0xb4, 0xb4, 0xb4, 0xb5, 0xb0, 0xce, 0x9f, 0xa2, 0xa0, 0x8e, 0x71, 0x9d, 0x9f, 0x9e, 0x9e, 0x9a, 0x73, 0x69, 0x96, 0xa2, 0xd7, 0xa0, 0xa0, 0xa2, 0x77, 0x6b, 0x6b, 0x9a, 0xa2, 0xd7, 0x9f, 0x9f, 0x9f, 0x80, 0x63, 0x8e, 0x9f, 0x9e, 0x91, 0x7b, 0xa2, 0x9b, 0x8c, 0xa3, 0xa1, 0x96, 0x8c, 0x8d, 0x8d, 0x8d, 0x87, 0x8d, 0x8c, 0x8d, 0x88, 0x9e, 0x9f, 0x96, 0x5c, 0x9c, 0x40, 0x28, 0x0f, 0x0b, 0x0a, 0x0b, 0x0c, 0x07, 0x0a, 0x0a, 0x0a, 0x09, 0x09, 0x09, 0x0a, 0x0d, 0x0e, 0x0d, 0x19, 0x1b, 0x18, 0x29, 0x17, 0x18, 0x1b, 0x1c, 0x27, 0x2f, 0x2f, 0x25, 0x06, 0x06, 0x07, 0x09, 0x2d, 0x28, 0x17, 0x14, 0x14, 0x14, 0x14, 0x27, 0x27, 0x08, 0x27, 0x29, 0x17, 0x08, 0x08, 0x06, 0x23, 0x21, 0x2d, 0x20, 0x20, 0x34, 0x20, 0x20, 0x20, 0x04, 0x05, 0x2b, 0x99, 0x96, 0x91, 0x85, 0x82, 0xa1, 0xff, 0xd6, 0x78, 0x79, 0x75, 0x74, 0x79, 0x75, 0x78, 0xf7, 0xf8, 0xf6, 0xf6, 0xf6, 0xf6, 0xf8, 0xf5, 0xf9, 0xea, 0xd6, 0x69, 0x4b, 0x50, 0x9d, 0x91, 0x91, 0x9b, 0x55, 0x62, 0x7e, 0x6d, 0x67, 0x67, 0x67, 0x65, 0x65, 0x65, 0x65, 0x65, 0x65, 0x65, 0x65, 0x5f, 0x65, 0x65, 0x5d, 0x5f, 0x5d, 0x5f, 0x5d, 0x59, 0x5d, 0x5d, 0x5d, 0x5d, 0x5d, 0x57, 0x57, 0x57, 0x57, 0x56, 0x57, 0x56, 0x56, 0x56, 0x57, 0x56, 0x51, 0x56, 0x51, 0x57, 0x56, 0x57, 0x51, 0x56, 0x51, 0x56, 0x51, 0x51, 
  0x8f, 0x8f, 0x8f, 0x8f, 0x8b, 0x8f, 0x8b, 0x94, 0x94, 0x94, 0x9d, 0x7c, 0xc1, 0xb8, 0xb7, 0xb7, 0xb6, 0xb5, 0xb5, 0xb5, 0xb5, 0xb5, 0xb5, 0xb5, 0xb4, 0xb5, 0xb4, 0xb4, 0xb4, 0xb4, 0xb3, 0xb3, 0xb4, 0xb4, 0xb4, 0xb4, 0xb5, 0xb2, 0x5e, 0xd8, 0xa2, 0x99, 0x6b, 0x94, 0xa1, 0xa2, 0x9f, 0x9e, 0x7c, 0x66, 0x87, 0x9f, 0x9f, 0xa0, 0xa0, 0xa3, 0x88, 0x6b, 0x6b, 0x8e, 0xa2, 0xa0, 0x9e, 0x9e, 0xa0, 0x88, 0x66, 0x79, 0x9a, 0x9e, 0xa0, 0x84, 0x88, 0xa3, 0x97, 0x8c, 0xa3, 0x9e, 0x91, 0x88, 0x8c, 0x8d, 0x88, 0x88, 0x87, 0x8c, 0x88, 0x8c, 0x9c, 0xa1, 0x97, 0x62, 0xa0, 0xc7, 0x14, 0x12, 0x0a, 0x0b, 0x0a, 0x0a, 0x09, 0x08, 0x25, 0x24, 0x23, 0x24, 0x24, 0x24, 0x24, 0x25, 0x27, 0x27, 0x14, 0x18, 0x1c, 0x1e, 0x1c, 0x1c, 0x1c, 0x0f, 0x2f, 0x2f, 0x25, 0x09, 0x07, 0x06, 0x09, 0x22, 0x40, 0x1c, 0x18, 0x14, 0x14, 0x27, 0x27, 0x27, 0x17, 0x17, 0x16, 0x08, 0x07, 0x07, 0x05, 0x06, 0x05, 0x05, 0x05, 0x21, 0x20, 0x20, 0x34, 0x20, 0x21, 0x05, 0x2b, 0x9b, 0x97, 0x8e, 0x75, 0x89, 0xa3, 0xeb, 0xd6, 0x7c, 0x79, 0x78, 0x6f, 0x84, 0x75, 0xd4, 0xf7, 0xf6, 0xf6, 0xf6, 0xf6, 0xf6, 0xf6, 0xf6, 0xf5, 0xf5, 0xea, 0x4e, 0x4b, 0x6c, 0x97, 0x91, 0x92, 0x9b, 0x4e, 0x78, 0x6d, 0x70, 0x65, 0x6d, 0x67, 0x65, 0x67, 0x67, 0x67, 0x67, 0x65, 0x67, 0x65, 0x67, 0x65, 0x65, 0x5f, 0x5f, 0x5d, 0x5d, 0x5e, 0x5e, 0x59, 0x5d, 0x5d, 0x5d, 0x5e, 0x57, 0x57, 0x57, 0x57, 0x57, 0x57, 0x57, 0x56, 0x57, 0x51, 0x57, 0x56, 0x51, 0x53, 0x51, 0x57, 0x56, 0x56, 0x56, 0x51, 0x51, 0x51, 0x51, 
  0x8f, 0x8f, 0x8f, 0x8f, 0x8b, 0x8f, 0x8f, 0x94, 0x94, 0x95, 0x9d, 0x59, 0xbe, 0xb8, 0xb7, 0xb7, 0xb5, 0xb6, 0xb5, 0xb5, 0xb5, 0xb5, 0xb5, 0xb5, 0xb5, 0xb4, 0xb4, 0xb4, 0xb4, 0xb2, 0xb4, 0xb3, 0xb4, 0xb4, 0xb4, 0xb4, 0xb4, 0xb5, 0x6d, 0xd8, 0xa2, 0x80, 0x84, 0x9e, 0xa3, 0xa3, 0xa2, 0x8e, 0x69, 0x78, 0x9e, 0x9f, 0x9f, 0xa0, 0xa0, 0x91, 0x6f, 0x6b, 0x88, 0xa0, 0x9f, 0x9f, 0x9e, 0xa0, 0x96, 0x68, 0x68, 0x91, 0x9e, 0x9f, 0x9e, 0x73, 0x90, 0xa3, 0x9b, 0x8c, 0xa3, 0x9e, 0x91, 0x8c, 0x8d, 0x84, 0x87, 0x88, 0x88, 0x88, 0x88, 0x88, 0x9e, 0x9f, 0x9e, 0x59, 0x9f, 0x1e, 0x13, 0x12, 0x0b, 0x0b, 0x0d, 0x25, 0x24, 0x22, 0x2d, 0x2f, 0x38, 0x2f, 0x2f, 0x2f, 0x39, 0x2f, 0x2f, 0x2f, 0x30, 0x30, 0x1a, 0x1a, 0x18, 0x2a, 0x1a, 0x0f, 0x2f, 0x2f, 0x25, 0x07, 0x07, 0x07, 0x09, 0x22, 0x2a, 0x1a, 0x1d, 0x1d, 0x1a, 0x19, 0x18, 0x18, 0x16, 0x0d, 0x06, 0x07, 0x07, 0x06, 0x07, 0x04, 0x04, 0x04, 0x04, 0x05, 0x05, 0x21, 0x20, 0xa5, 0x20, 0x23, 0x00, 0x99, 0x97, 0x84, 0x6f, 0x94, 0xa3, 0xd7, 0x92, 0x7c, 0x79, 0x75, 0x6f, 0x78, 0x79, 0x7c, 0xe8, 0xf8, 0xf6, 0xf6, 0xf6, 0xf6, 0xf6, 0xf6, 0xf6, 0xf6, 0xf5, 0xe4, 0x4b, 0x85, 0x9b, 0x91, 0x96, 0x8e, 0x4b, 0x85, 0x7b, 0x7b, 0x67, 0x67, 0x67, 0x67, 0x67, 0x67, 0x65, 0x65, 0x65, 0x65, 0x65, 0x65, 0x65, 0x67, 0x5d, 0x5f, 0x5d, 0x5d, 0x5e, 0x5d, 0x59, 0x5e, 0x2e, 0x5e, 0x5d, 0x57, 0x57, 0x57, 0x57, 0x57, 0x57, 0x57, 0x56, 0x56, 0x57, 0x56, 0x51, 0x56, 0x51, 0x57, 0x56, 0x57, 0x56, 0x51, 0x56, 0x51, 0x51, 0x51, 
  0x8f, 0x8f, 0x8f, 0x8f, 0x8f, 0x94, 0x94, 0x95, 0x98, 0x95, 0x9d, 0xce, 0xbb, 0xb7, 0xb7, 0xb5, 0xb7, 0xb5, 0xb5, 0xb5, 0xb5, 0xb5, 0xb5, 0xb5, 0xb5, 0xb5, 0xb4, 0xb4, 0xb4, 0xb4, 0xb2, 0xb4, 0xb4, 0xb4, 0xb4, 0xb4, 0xb4, 0xb6, 0x7e, 0xd8, 0x96, 0x73, 0x98, 0xa2, 0xa2, 0xa3, 0x9b, 0x73, 0x6e, 0x9b, 0xa2, 0x9f, 0x9f, 0xa2, 0x9a, 0x77, 0x6b, 0x77, 0xa1, 0xa0, 0xa0, 0x9f, 0xa0, 0x9f, 0x77, 0x61, 0x80, 0x9e, 0x9c, 0x9f, 0x91, 0x70, 0x9b, 0xa3, 0x96, 0x92, 0xa3, 0x9b, 0x91, 0x88, 0x8e, 0x88, 0x88, 0x88, 0x87, 0x8c, 0x88, 0x8c, 0x9e, 0x9f, 0x9e, 0x62, 0x98, 0x1f, 0x13, 0x10, 0x0e, 0x0a, 0x25, 0x22, 0x2f, 0x3d, 0xba, 0x40, 0x2a, 0x40, 0x2a, 0x29, 0x2a, 0x29, 0x2a, 0x2a, 0x28, 0x2a, 0x1c, 0x2a, 0x1c, 0x1a, 0x1c, 0x14, 0x2f, 0x39, 0x25, 0x07, 0x0a, 0x07, 0x08, 0x22, 0xc2, 0x17, 0x2a, 0x18, 0x1c, 0x18, 0x29, 0x0d, 0x09, 0x09, 0x0a, 0x07, 0x07, 0x06, 0x04, 0x06, 0x04, 0x04, 0x04, 0x04, 0x04, 0x04, 0x02, 0x20, 0xa5, 0x22, 0x7e, 0x96, 0x99, 0x6f, 0x6a, 0x96, 0xd8, 0x96, 0x92, 0x7c, 0x75, 0x75, 0x6f, 0x75, 0x7c, 0x75, 0xe8, 0xf3, 0xf6, 0xf6, 0xf6, 0xf6, 0xf6, 0xf6, 0xf6, 0xf6, 0xf8, 0xf4, 0x4e, 0x96, 0x90, 0x91, 0x9b, 0x79, 0x4a, 0x87, 0x8e, 0x6d, 0x7b, 0x65, 0x67, 0x65, 0x65, 0x65, 0x65, 0x67, 0x65, 0x67, 0x65, 0x67, 0x65, 0x65, 0x65, 0x65, 0x5d, 0x5d, 0x5e, 0x59, 0x5e, 0x5d, 0x65, 0x5d, 0x5d, 0x57, 0x57, 0x57, 0x57, 0x57, 0x57, 0x57, 0x56, 0x57, 0x51, 0x57, 0x51, 0x56, 0x51, 0x56, 0x56, 0x57, 0x51, 0x56, 0x51, 0x51, 0x51, 0x51, 
  0x8f, 0x8f, 0x8f, 0x8f, 0x8f, 0x94, 0x93, 0x98, 0x95, 0x9a, 0x92, 0xc8, 0xbb, 0xb6, 0xb7, 0xb7, 0xb5, 0xb5, 0xb5, 0xb5, 0xb5, 0xb5, 0xb5, 0xb5, 0xb5, 0xb4, 0xb4, 0xb3, 0xb4, 0xb2, 0xb4, 0xb4, 0xb4, 0xb4, 0xb4, 0xb4, 0xb4, 0xb8, 0xd5, 0xa3, 0x73, 0x92, 0xa2, 0xa0, 0xa2, 0xa1, 0x7c, 0x6b, 0x93, 0xa2, 0xa0, 0xa2, 0xa2, 0x9e, 0x79, 0x6f, 0x77, 0x9f, 0xa0, 0xa0, 0xa0, 0xa0, 0xa1, 0x88, 0x5c, 0x6b, 0x9a, 0x9f, 0x9f, 0x9f, 0x7b, 0x74, 0xa2, 0xa2, 0x97, 0x92, 0xa3, 0x9b, 0x8e, 0x8c, 0x8d, 0x8e, 0x87, 0x84, 0x88, 0x88, 0x8c, 0x8e, 0x9f, 0x9f, 0x9f, 0x62, 0x97, 0x2b, 0x13, 0x12, 0x0d, 0x24, 0x2f, 0x3b, 0x40, 0x40, 0x14, 0x28, 0x14, 0x13, 0x13, 0x16, 0x12, 0x16, 0x29, 0x18, 0x1a, 0x1e, 0x18, 0x1a, 0x1d, 0x1c, 0x1a, 0x29, 0x22, 0x2f, 0x25, 0x0a, 0x07, 0x0a, 0x08, 0x30, 0x1a, 0x18, 0x1c, 0xc5, 0x18, 0x17, 0x23, 0x23, 0x02, 0x23, 0x02, 0x23, 0x02, 0x05, 0x05, 0x05, 0x04, 0x05, 0x04, 0x04, 0x04, 0x04, 0x04, 0x02, 0x20, 0x30, 0x99, 0x90, 0x98, 0x60, 0x6a, 0x9b, 0xa3, 0x8c, 0x88, 0x7c, 0x7c, 0x75, 0x6f, 0x7c, 0x78, 0x75, 0xe8, 0xf5, 0xf6, 0xf6, 0xf6, 0xf6, 0xf6, 0xf6, 0xf8, 0xf6, 0xf8, 0xf8, 0xe7, 0x9b, 0x90, 0x93, 0xd6, 0x64, 0x4b, 0x6a, 0x98, 0x6e, 0x73, 0x6d, 0x5f, 0x67, 0x65, 0x67, 0x65, 0x65, 0x65, 0x65, 0x65, 0x65, 0x65, 0x67, 0x5f, 0x5d, 0x5d, 0x5d, 0x5e, 0x5e, 0x59, 0x5d, 0x5e, 0x5d, 0x5d, 0x56, 0x57, 0x57, 0x57, 0x57, 0x57, 0x57, 0x56, 0x56, 0x57, 0x56, 0x56, 0x51, 0x51, 0x57, 0x56, 0x57, 0x56, 0x51, 0x56, 0x51, 0x51, 0x51, 
  0x95, 0x95, 0x94, 0x8f, 0x8f, 0x95, 0x95, 0x98, 0x98, 0x9d, 0x7b, 0xc2, 0xb9, 0xb7, 0xb7, 0xb5, 0xb5, 0xb5, 0xb5, 0xb5, 0xb5, 0xb4, 0xb5, 0xb4, 0xb5, 0xb4, 0xb5, 0xb4, 0xb4, 0xb4, 0xb4, 0xb3, 0xb4, 0xb4, 0xb4, 0xb4, 0xb2, 0xbc, 0x9c, 0x8c, 0x84, 0xa2, 0xa0, 0xa3, 0x9e, 0x84, 0x7c, 0x98, 0xa2, 0xa0, 0xec, 0xa3, 0x9e, 0x7b, 0x73, 0x7b, 0x9f, 0xa2, 0xa2, 0xa0, 0xa0, 0xa0, 0x97, 0x62, 0x66, 0x8e, 0x9f, 0xd7, 0x9f, 0x9b, 0x68, 0x88, 0xa2, 0xa1, 0x97, 0x96, 0xa3, 0x96, 0x8c, 0x88, 0x88, 0x88, 0x8c, 0x88, 0x8e, 0x88, 0x8c, 0x8e, 0x9f, 0x9f, 0x9f, 0x69, 0x8c, 0x00, 0x16, 0x12, 0x25, 0x22, 0xb8, 0x29, 0x3e, 0x0f, 0x14, 0x12, 0x12, 0x15, 0x15, 0x15, 0x15, 0x11, 0x19, 0x1d, 0x18, 0x1c, 0x1c, 0x1c, 0x18, 0x26, 0x18, 0x0f, 0x2f, 0x39, 0x08, 0x0a, 0x0a, 0x0a, 0x25, 0x30, 0x2a, 0x18, 0x1c, 0x1c, 0x2a, 0x1c, 0x40, 0x27, 0x28, 0x27, 0x26, 0x24, 0x22, 0x21, 0x21, 0x20, 0x02, 0x02, 0x05, 0x04, 0x04, 0x04, 0x04, 0x04, 0x20, 0x27, 0x99, 0x90, 0x97, 0x55, 0x6a, 0x9b, 0xa3, 0x80, 0x8d, 0x7c, 0x75, 0x75, 0x75, 0x75, 0x7c, 0x6e, 0xd4, 0xf4, 0xf6, 0xf6, 0xf6, 0xf6, 0xf6, 0xf6, 0xf6, 0xf8, 0xf6, 0xf6, 0xfa, 0xd6, 0x93, 0x92, 0x9b, 0x4f, 0x4b, 0x4d, 0x8d, 0x8c, 0x6d, 0x7b, 0x5f, 0x67, 0x65, 0x65, 0x65, 0x67, 0x65, 0x67, 0x65, 0x67, 0x65, 0x65, 0x65, 0x65, 0x65, 0x5e, 0x5d, 0x5e, 0x5d, 0x5e, 0x2e, 0x5d, 0x5d, 0x57, 0x57, 0x57, 0x57, 0x57, 0x57, 0x56, 0x57, 0x57, 0x56, 0x57, 0x56, 0x57, 0x56, 0x56, 0x57, 0x56, 0x57, 0x51, 0x51, 0x51, 0x51, 0x51, 
  0x98, 0x95, 0x94, 0x8f, 0x94, 0x94, 0x98, 0x98, 0x95, 0x9f, 0xd0, 0xbf, 0xb8, 0xb7, 0xb7, 0xb6, 0xb5, 0xb6, 0xb5, 0xb4, 0xb5, 0xb4, 0xb5, 0xb4, 0xb5, 0xb4, 0xb5, 0xb4, 0xb4, 0xb4, 0xb4, 0xb4, 0xb4, 0xb3, 0xb4, 0xb5, 0xb1, 0xc4, 0x9c, 0xd5, 0xa2, 0xa2, 0xa0, 0x97, 0x77, 0x84, 0x9d, 0xa2, 0xa2, 0xa0, 0xa2, 0x97, 0x73, 0x6e, 0x88, 0x9e, 0xa2, 0xa2, 0xa0, 0xa0, 0xa2, 0x99, 0x70, 0x66, 0x74, 0x9f, 0x9e, 0x9f, 0xa0, 0x84, 0x68, 0x9e, 0xa0, 0x9e, 0x9c, 0x97, 0xa2, 0x93, 0x8c, 0x88, 0x88, 0x8c, 0x8d, 0x8c, 0x88, 0x88, 0x88, 0x92, 0x9e, 0x9e, 0xa1, 0x70, 0x77, 0xd6, 0x16, 0x0f, 0x24, 0x3e, 0x2a, 0x13, 0x16, 0x12, 0x15, 0x12, 0x15, 0x15, 0x15, 0x15, 0x15, 0x12, 0x1b, 0x1c, 0xde, 0x18, 0x1a, 0x1a, 0x0f, 0x26, 0x1a, 0x0f, 0x24, 0x39, 0x08, 0x0a, 0x0a, 0x0a, 0x24, 0x3e, 0x18, 0x0f, 0x17, 0x1e, 0x1a, 0x1a, 0x1c, 0x1a, 0x17, 0x13, 0x29, 0x16, 0x16, 0x29, 0x29, 0x28, 0x24, 0x2c, 0x20, 0x02, 0x05, 0x04, 0x04, 0x04, 0x02, 0x2a, 0x99, 0x90, 0x91, 0x4f, 0x6a, 0xa1, 0xa1, 0x80, 0x8d, 0x85, 0x75, 0x7c, 0x6f, 0x75, 0x75, 0x6e, 0xd3, 0xf5, 0xf8, 0xf6, 0xf6, 0xf6, 0xf6, 0xf6, 0xf6, 0xf6, 0xf6, 0xf6, 0xf5, 0x9b, 0x90, 0x96, 0x92, 0x4b, 0x4d, 0x4d, 0x62, 0x9e, 0x65, 0x88, 0x67, 0x67, 0x65, 0x67, 0x65, 0x65, 0x65, 0x65, 0x65, 0x65, 0x65, 0x67, 0x5f, 0x65, 0x5d, 0x65, 0x5e, 0x5d, 0x5d, 0x5d, 0x2e, 0x65, 0x2e, 0x5d, 0x57, 0x5d, 0x56, 0x57, 0x56, 0x57, 0x56, 0x57, 0x56, 0x57, 0x56, 0x57, 0x56, 0x57, 0x56, 0x57, 0x51, 0x51, 0x51, 0x51, 0x51, 0x51, 
  0x95, 0x98, 0x8f, 0x94, 0x8f, 0x94, 0x98, 0x98, 0x98, 0x9d, 0xcc, 0xbb, 0xb8, 0xb7, 0xb7, 0xb5, 0xb5, 0xb5, 0xb5, 0xb5, 0xb4, 0xb5, 0xb4, 0xb5, 0xb4, 0xb5, 0xb5, 0xb4, 0xb4, 0xb4, 0xb4, 0xb3, 0xb4, 0xb4, 0xb3, 0xb5, 0xb1, 0xc6, 0xa2, 0xa2, 0xa2, 0xa0, 0x91, 0x6b, 0x84, 0x9f, 0xa0, 0xa0, 0xa2, 0xa0, 0x8e, 0x6b, 0x73, 0x96, 0xa2, 0xa1, 0xa0, 0xa0, 0xa2, 0xa2, 0x9e, 0x73, 0x6b, 0x6f, 0x9a, 0x9f, 0x9f, 0xd7, 0x9f, 0x6e, 0x80, 0xa2, 0xa1, 0xd7, 0x9c, 0x9c, 0xa2, 0x91, 0x88, 0x8e, 0x8c, 0x8d, 0x8c, 0x8d, 0x8c, 0x88, 0x8c, 0x8c, 0x96, 0x9e, 0xa2, 0x78, 0x73, 0xec, 0x1b, 0x26, 0x3b, 0x18, 0x13, 0x15, 0x15, 0x15, 0x15, 0x15, 0x15, 0x15, 0x11, 0x12, 0x16, 0x16, 0x1b, 0xcf, 0x1b, 0x1a, 0x18, 0x1b, 0x0f, 0x3e, 0x1a, 0x0d, 0x30, 0x39, 0x27, 0x0b, 0x0a, 0x0a, 0x25, 0x3e, 0x1b, 0x0d, 0x08, 0x17, 0x51, 0x1a, 0x1a, 0x18, 0x17, 0x09, 0x07, 0x0a, 0x0a, 0x0a, 0x0a, 0x0f, 0x29, 0x17, 0x28, 0x21, 0x20, 0x05, 0x04, 0x03, 0x02, 0x1b, 0xa0, 0x91, 0x7b, 0x50, 0x69, 0xa1, 0x9f, 0x7c, 0x96, 0x85, 0x75, 0x75, 0x75, 0x74, 0x75, 0x62, 0x75, 0xf7, 0xf6, 0xf6, 0xf6, 0xf6, 0xf6, 0xf6, 0xf6, 0xf6, 0xf6, 0xf6, 0xfa, 0x97, 0x92, 0x97, 0x78, 0x4b, 0x50, 0x62, 0x4d, 0x9d, 0x84, 0x6d, 0x88, 0x5f, 0x67, 0x65, 0x65, 0x67, 0x65, 0x67, 0x65, 0x67, 0x65, 0x65, 0x65, 0x65, 0x65, 0x5d, 0x5e, 0x5d, 0x5e, 0x65, 0x5e, 0x2e, 0x5d, 0x57, 0x57, 0x57, 0x57, 0x57, 0x57, 0x56, 0x57, 0x56, 0x57, 0x56, 0x57, 0x56, 0x57, 0x56, 0x57, 0x56, 0x57, 0x51, 0x51, 0x51, 0x51, 0x51, 
  0x98, 0x98, 0x95, 0x94, 0x8f, 0x95, 0x98, 0x98, 0x9a, 0x8c, 0xc8, 0xbb, 0xb7, 0xb7, 0xb7, 0xb6, 0xb5, 0xb5, 0xb5, 0xb5, 0xb5, 0xb4, 0xb5, 0xb4, 0xb4, 0xb5, 0xb4, 0xb5, 0xb4, 0xb4, 0xb4, 0xb4, 0xb3, 0xb4, 0xb4, 0xb4, 0xb0, 0xca, 0xa3, 0xa0, 0xa0, 0x96, 0x68, 0x74, 0x9a, 0x9f, 0x9f, 0xa2, 0xa2, 0x88, 0x66, 0x6b, 0x95, 0xa2, 0xa1, 0xa0, 0x9f, 0xa2, 0xa0, 0x9a, 0x7b, 0x71, 0x6b, 0x93, 0xa1, 0x9f, 0x9e, 0xa0, 0x8e, 0x66, 0x96, 0xa2, 0xa0, 0x97, 0xd7, 0x9e, 0xd7, 0x8e, 0x8e, 0x8e, 0x8e, 0x8e, 0x88, 0x8e, 0x88, 0x88, 0x88, 0x92, 0x8c, 0x9e, 0xa0, 0x80, 0x68, 0xd8, 0x1e, 0x30, 0x2a, 0x16, 0x15, 0x15, 0x15, 0x15, 0x15, 0x15, 0x11, 0x0d, 0x16, 0x19, 0x16, 0x13, 0x19, 0x1e, 0x2a, 0x1a, 0x1a, 0x17, 0x26, 0x28, 0x1c, 0x27, 0x22, 0x2f, 0x25, 0x0a, 0x0a, 0x09, 0x22, 0x3e, 0x1c, 0x13, 0x0d, 0x29, 0x1e, 0x1a, 0x2a, 0xc2, 0x1b, 0x0f, 0x0a, 0x0c, 0x0c, 0x0c, 0x0c, 0x07, 0x06, 0x25, 0x29, 0x18, 0xda, 0x20, 0x05, 0x04, 0x04, 0x1b, 0x99, 0x97, 0x6f, 0x4d, 0x71, 0xa3, 0x9b, 0x75, 0x9d, 0x85, 0x75, 0x75, 0x75, 0x74, 0x75, 0x69, 0x6c, 0xf7, 0xf8, 0xf6, 0xf6, 0xf6, 0xf6, 0xf6, 0xf6, 0xf6, 0xf6, 0xf6, 0xf7, 0x97, 0x92, 0x9b, 0x55, 0x49, 0x64, 0x8d, 0x4a, 0x7a, 0x9b, 0x5c, 0x8c, 0x67, 0x67, 0x67, 0x67, 0x65, 0x65, 0x65, 0x65, 0x65, 0x65, 0x67, 0x5f, 0x65, 0x5d, 0x65, 0x5e, 0x5d, 0x5e, 0x2e, 0x5d, 0x2e, 0x5d, 0x57, 0x5d, 0x57, 0x57, 0x57, 0x56, 0x56, 0x57, 0x56, 0x57, 0x56, 0x57, 0x56, 0x57, 0x56, 0x57, 0x56, 0x56, 0x51, 0x51, 0x51, 0x51, 0x51, 
  0x98, 0x98, 0x95, 0x94, 0x8f, 0x95, 0x95, 0x98, 0x9f, 0x70, 0xc2, 0xb8, 0xb8, 0xb7, 0xb7, 0xb5, 0xb5, 0xb5, 0xb5, 0xb5, 0xb4, 0xb5, 0xb5, 0xb4, 0xb5, 0xb4, 0xb5, 0xb4, 0xb4, 0xb4, 0xb4, 0xb3, 0xb4, 0xb3, 0xb4, 0xb4, 0xb2, 0xcc, 0xa3, 0x9f, 0x9e, 0x73, 0x6b, 0x8e, 0xa1, 0xa0, 0x9e, 0xa0, 0x9b, 0x71, 0x60, 0x92, 0xa2, 0xa0, 0xa0, 0xa1, 0xa0, 0x9f, 0x88, 0x73, 0x71, 0x71, 0x88, 0xa3, 0x9f, 0xa0, 0xa0, 0x9e, 0x68, 0x71, 0xa2, 0xa0, 0x9f, 0xd6, 0x9c, 0x9c, 0x9c, 0x92, 0x8e, 0x8c, 0x8e, 0x8c, 0x8d, 0x88, 0x8d, 0x8c, 0x88, 0x93, 0x7e, 0x9f, 0x9f, 0x84, 0x66, 0xa0, 0x7b, 0x3e, 0x2a, 0x15, 0x15, 0x15, 0x15, 0x15, 0x15, 0x12, 0x13, 0x1b, 0x00, 0x28, 0x14, 0x15, 0x1d, 0x1a, 0x2a, 0x1d, 0x1b, 0x16, 0x27, 0x3e, 0x1e, 0x18, 0x40, 0x3d, 0x27, 0x0d, 0x09, 0x08, 0x26, 0x46, 0x48, 0x0f, 0x0e, 0x14, 0x1e, 0x40, 0x1a, 0x1a, 0x1c, 0x29, 0x25, 0x08, 0x0e, 0x0c, 0x0c, 0x0c, 0x0b, 0x0c, 0x06, 0x0d, 0x1b, 0x25, 0x21, 0x05, 0x04, 0x1d, 0xd7, 0x91, 0x6a, 0x4d, 0x79, 0xa3, 0x93, 0x80, 0x9b, 0x88, 0x75, 0x75, 0x74, 0x74, 0x75, 0x69, 0x6c, 0xe8, 0xf8, 0xf6, 0xf6, 0xf6, 0xf6, 0xf6, 0xf6, 0xf6, 0xf6, 0xf6, 0xea, 0x91, 0x96, 0x88, 0x4d, 0x4b, 0x82, 0xa1, 0x4d, 0x55, 0x9e, 0x78, 0x6d, 0x8c, 0x5f, 0x67, 0x67, 0x67, 0x65, 0x67, 0x65, 0x67, 0x65, 0x65, 0x65, 0x65, 0x65, 0x5e, 0x5d, 0x5e, 0x65, 0x5e, 0x65, 0x2e, 0x5d, 0x57, 0x57, 0x57, 0x57, 0x57, 0x56, 0x57, 0x56, 0x57, 0x56, 0x57, 0x56, 0x57, 0x56, 0x57, 0x56, 0x57, 0x56, 0x51, 0x51, 0x51, 0x51, 0x51, 
  0x9a, 0x98, 0x95, 0x94, 0x8f, 0x95, 0x95, 0x98, 0x9e, 0xd0, 0xbf, 0xb8, 0xb7, 0xb7, 0xb7, 0xb5, 0xb5, 0xb5, 0xb5, 0xb5, 0xb5, 0xb5, 0xb5, 0xb5, 0xb5, 0xb4, 0xb5, 0xb4, 0xb4, 0xb4, 0xb4, 0xb4, 0xb4, 0xb4, 0xb4, 0xb5, 0xb0, 0x4e, 0xa3, 0xa0, 0x91, 0x6e, 0x6e, 0x9e, 0xa2, 0x9f, 0xa0, 0xa0, 0x84, 0x6a, 0x6f, 0x9b, 0xa2, 0xa2, 0xa2, 0xa2, 0x9f, 0x7b, 0x66, 0x6f, 0x73, 0x84, 0xa2, 0xa2, 0xa2, 0xa0, 0xa0, 0x8e, 0x61, 0x8d, 0xa1, 0x9f, 0x90, 0x97, 0xd7, 0x9c, 0x96, 0x8c, 0x8e, 0x8d, 0x8e, 0x8d, 0x8c, 0x8d, 0x88, 0x8e, 0x84, 0x91, 0x7e, 0x9f, 0x9f, 0x92, 0x66, 0x96, 0xa0, 0xc5, 0x29, 0x16, 0x15, 0x15, 0x15, 0x12, 0x0d, 0x19, 0x1f, 0x7e, 0x49, 0x26, 0x12, 0x16, 0x1b, 0x1a, 0x1a, 0x17, 0x13, 0x12, 0x26, 0x3b, 0x1e, 0xb7, 0x3f, 0x2a, 0x2a, 0x17, 0x17, 0x17, 0xc4, 0x49, 0x49, 0x13, 0x0e, 0x27, 0x1c, 0x1c, 0x1c, 0x18, 0x1a, 0x28, 0x17, 0x27, 0x02, 0x0d, 0x0a, 0x0c, 0x0c, 0x0c, 0x0c, 0x0b, 0x0d, 0x1d, 0x21, 0x02, 0x04, 0x1e, 0xd7, 0x8e, 0x58, 0x4d, 0x8d, 0xa3, 0x8e, 0x80, 0x9b, 0xd4, 0x79, 0x7c, 0x6f, 0x75, 0x75, 0x6c, 0x69, 0xd4, 0xf5, 0xf6, 0xf6, 0xf6, 0xf6, 0xf6, 0xf8, 0xf6, 0xf6, 0xf8, 0xea, 0x91, 0xd6, 0x70, 0x4b, 0x4d, 0x93, 0x96, 0x6f, 0x4b, 0x95, 0x95, 0x5e, 0x96, 0x67, 0x67, 0x65, 0x65, 0x65, 0x65, 0x65, 0x65, 0x65, 0x67, 0x5f, 0x65, 0x65, 0x5e, 0x67, 0x5e, 0x5e, 0x2e, 0x5e, 0x5d, 0x5e, 0x5d, 0x5e, 0x5d, 0x57, 0x57, 0x57, 0x57, 0x56, 0x57, 0x56, 0x57, 0x56, 0x56, 0x56, 0x57, 0x56, 0x57, 0x51, 0x51, 0x51, 0x51, 0x51, 0x51, 
  0x9d, 0x9a, 0x95, 0x94, 0x94, 0x95, 0x98, 0x98, 0x97, 0xcb, 0xbc, 0xb8, 0xb7, 0xb7, 0xb7, 0xb7, 0xb5, 0xb5, 0xb5, 0xb5, 0xb5, 0xb5, 0xb5, 0xb5, 0xb5, 0xb5, 0xb4, 0xb5, 0xb4, 0xb4, 0xb4, 0xb4, 0xb4, 0xb4, 0xb4, 0xb5, 0xb3, 0x59, 0xec, 0xa0, 0x7b, 0x70, 0x7c, 0xa1, 0x9f, 0x9f, 0x9f, 0x9c, 0x79, 0x6a, 0x82, 0xa2, 0xa2, 0xa1, 0xa2, 0xa2, 0x84, 0x66, 0x6f, 0x79, 0x96, 0xa1, 0xa2, 0xa2, 0xa0, 0xa3, 0x9e, 0x73, 0x6b, 0x9d, 0xd7, 0xa2, 0x90, 0x97, 0x9c, 0x9c, 0x92, 0x8e, 0x8e, 0x8c, 0x8e, 0x8c, 0x8d, 0x8c, 0x8d, 0x8e, 0x84, 0x90, 0x84, 0xd7, 0x9e, 0x96, 0x66, 0x93, 0xa3, 0x65, 0x27, 0x12, 0x0e, 0x0e, 0x0d, 0x16, 0x1f, 0x7e, 0x5d, 0x68, 0x40, 0x27, 0x12, 0x10, 0x19, 0x1c, 0x1a, 0x29, 0x15, 0x13, 0x26, 0x30, 0x1e, 0xc2, 0x36, 0x3a, 0x3a, 0x39, 0x39, 0x3c, 0x3f, 0x46, 0x49, 0x0f, 0x0b, 0x25, 0x27, 0x1a, 0x1e, 0xc1, 0x17, 0x29, 0x06, 0x1b, 0x18, 0x21, 0x08, 0x0a, 0x07, 0x0c, 0x0c, 0x0c, 0x07, 0x16, 0x16, 0x20, 0x05, 0x1f, 0x9c, 0x84, 0x50, 0x50, 0x9b, 0xa0, 0x84, 0x87, 0xd7, 0x84, 0x75, 0x80, 0x6f, 0x74, 0x75, 0x6e, 0x64, 0xd4, 0xf5, 0xf6, 0xf8, 0xf6, 0xf8, 0xf6, 0xf8, 0xf6, 0xf6, 0xf5, 0xea, 0x91, 0x96, 0x4f, 0x4b, 0x6a, 0x97, 0x91, 0x95, 0x4b, 0x6b, 0x9f, 0x70, 0x78, 0x8c, 0x5f, 0x67, 0x65, 0x67, 0x67, 0x5d, 0x67, 0x67, 0x67, 0x65, 0x65, 0x5e, 0x67, 0x5e, 0x67, 0x5e, 0x65, 0x5d, 0x5e, 0x5d, 0x5d, 0x57, 0x5d, 0x56, 0x57, 0x57, 0x57, 0x56, 0x57, 0x56, 0x57, 0x56, 0x57, 0x56, 0x57, 0x56, 0x57, 0x51, 0x51, 0x51, 0x51, 0x51, 0x51, 
  0x9e, 0x9a, 0x98, 0x94, 0x95, 0x95, 0x98, 0x9e, 0x7b, 0xc5, 0xbb, 0xb8, 0xb7, 0xb7, 0xb7, 0xb5, 0xb5, 0xb5, 0xb5, 0xb5, 0xb5, 0xb5, 0xb5, 0xb5, 0xb5, 0xb4, 0xb5, 0xb4, 0xb5, 0xb4, 0xb4, 0xb4, 0xb4, 0xb4, 0xb4, 0xb4, 0xb5, 0x00, 0xa3, 0x9c, 0x77, 0x6f, 0x90, 0xa2, 0xa0, 0xa0, 0xa2, 0x96, 0x6f, 0x6c, 0x9a, 0xa1, 0xa2, 0xa0, 0xa3, 0x96, 0x6e, 0x6b, 0x73, 0xa1, 0xa2, 0xa1, 0xa0, 0x9f, 0x9f, 0xa0, 0x8c, 0x68, 0x8c, 0x9e, 0xa1, 0x9f, 0xd5, 0x97, 0x9f, 0x9c, 0x92, 0x8e, 0x8d, 0x8e, 0x8d, 0x8e, 0x88, 0x8e, 0x88, 0x8e, 0x88, 0x91, 0x73, 0x9e, 0x9c, 0x9e, 0x66, 0x92, 0x9f, 0x9f, 0x56, 0x18, 0x18, 0x1b, 0x1f, 0xa0, 0xa0, 0x84, 0x63, 0x4a, 0x26, 0x0f, 0x10, 0x12, 0x0d, 0x26, 0x26, 0x13, 0x15, 0x12, 0x26, 0xb0, 0x1d, 0xe1, 0x37, 0x3c, 0x3a, 0x3a, 0x3a, 0x3c, 0x41, 0x47, 0x49, 0x0d, 0x0e, 0x08, 0x26, 0x0f, 0x1d, 0x1c, 0x18, 0x18, 0x09, 0x0d, 0x01, 0xce, 0x21, 0x23, 0x0a, 0x0c, 0x0c, 0x0c, 0x0c, 0x07, 0x19, 0x22, 0x23, 0x00, 0xa0, 0x77, 0x4d, 0x60, 0x9d, 0x9b, 0x82, 0x93, 0xa1, 0x7c, 0x78, 0x75, 0x75, 0x74, 0x75, 0x6f, 0x64, 0x7c, 0xf7, 0xf6, 0xf6, 0xf8, 0xf6, 0xf8, 0xf8, 0xf6, 0xf6, 0xf9, 0xea, 0x91, 0x84, 0x4b, 0x4b, 0x93, 0x96, 0x8c, 0x9a, 0x58, 0x4d, 0x9c, 0x8c, 0x55, 0x99, 0x65, 0x65, 0x65, 0x65, 0x65, 0x67, 0x67, 0x5e, 0x67, 0x5e, 0x67, 0x5e, 0x67, 0x5e, 0x5e, 0x67, 0x5e, 0x5d, 0x5d, 0x5d, 0x5d, 0x5d, 0x5d, 0x57, 0x57, 0x57, 0x57, 0x56, 0x57, 0x56, 0x57, 0x56, 0x56, 0x56, 0x57, 0x56, 0x57, 0x51, 0x51, 0x51, 0x51, 0x51, 0x51, 
  0x9e, 0x9a, 0x98, 0x95, 0x95, 0x98, 0x98, 0xa0, 0x4e, 0xc2, 0xb8, 0xb8, 0xb8, 0xb7, 0xb7, 0xb7, 0xb5, 0xb5, 0xb5, 0xb5, 0xb5, 0xb5, 0xb5, 0xb5, 0xb5, 0xb5, 0xb4, 0xb5, 0xb4, 0xb4, 0xb4, 0xb4, 0xb4, 0xb5, 0xb4, 0xb5, 0x3e, 0xd4, 0xd8, 0x97, 0x71, 0x74, 0x9e, 0xa3, 0xa0, 0xa2, 0xa3, 0x88, 0x6f, 0x79, 0xa1, 0xa0, 0xa2, 0xa1, 0xa3, 0x84, 0x6b, 0x69, 0x9a, 0xa2, 0xa2, 0xa2, 0x9f, 0xa2, 0xa3, 0x9a, 0x73, 0x68, 0x98, 0x9f, 0xa1, 0xd7, 0x88, 0xd7, 0x9f, 0x97, 0x8e, 0x8e, 0x8e, 0x8c, 0x8e, 0x8d, 0x8e, 0x88, 0x8e, 0x84, 0x8c, 0x92, 0x73, 0x9a, 0x9f, 0x9e, 0x6e, 0x84, 0x9f, 0x9e, 0x7b, 0x73, 0x8c, 0xd8, 0xd8, 0x97, 0x99, 0x91, 0x68, 0x41, 0x27, 0x0d, 0x10, 0x0e, 0x12, 0x30, 0x26, 0x15, 0x11, 0x12, 0x26, 0x39, 0x19, 0xe5, 0x3b, 0x3a, 0x3c, 0x3a, 0x3a, 0x3c, 0x43, 0x46, 0x49, 0x08, 0x0b, 0x08, 0x26, 0x0d, 0x13, 0x1b, 0x1c, 0x14, 0x09, 0x06, 0x19, 0xd8, 0x00, 0x26, 0x21, 0x25, 0x0e, 0x07, 0x0c, 0x07, 0x13, 0x27, 0x26, 0xa0, 0x97, 0x6b, 0x4d, 0x6a, 0xa1, 0x96, 0x80, 0x95, 0xec, 0x85, 0x79, 0x80, 0x6f, 0x75, 0x75, 0x74, 0x69, 0x75, 0xf7, 0xf8, 0xf6, 0xf6, 0xf8, 0xf6, 0xf8, 0xf8, 0xf6, 0xfa, 0xd6, 0x9a, 0x55, 0x4b, 0x5a, 0x96, 0x96, 0x92, 0x98, 0x80, 0x4b, 0x88, 0x9a, 0x58, 0x80, 0x8c, 0x61, 0x67, 0x65, 0x67, 0x5e, 0x67, 0x67, 0x67, 0x5e, 0x67, 0x5e, 0x67, 0x5e, 0x67, 0x5e, 0x5e, 0x5d, 0x5e, 0x5d, 0x5e, 0x57, 0x5d, 0x56, 0x57, 0x57, 0x57, 0x56, 0x57, 0x56, 0x57, 0x56, 0x57, 0x56, 0x57, 0x57, 0x56, 0x56, 0x51, 0x51, 0x51, 0x51, 0x51, 
  0x9f, 0x9e, 0x9a, 0x98, 0x98, 0x95, 0x9b, 0x97, 0xcb, 0x40, 0xb8, 0xb8, 0xb7, 0xb8, 0xb7, 0xb5, 0xb5, 0xb5, 0xb5, 0xb5, 0xb5, 0xb5, 0xb5, 0xb5, 0xb5, 0xb4, 0xb5, 0xb4, 0xb4, 0xb4, 0xb4, 0xb4, 0xb4, 0xb4, 0xb5, 0xb2, 0xbc, 0xd6, 0xa3, 0x8c, 0x71, 0x80, 0xa3, 0xa2, 0xa0, 0xa2, 0x9f, 0x7c, 0x6f, 0x91, 0xa2, 0xa0, 0xa2, 0xa3, 0x9c, 0x74, 0x6a, 0x80, 0xa2, 0x9f, 0xa0, 0xa0, 0xa2, 0xa0, 0xa2, 0x7c, 0x6e, 0x84, 0xa0, 0x9e, 0xa1, 0x90, 0x90, 0xd7, 0xa1, 0x97, 0x91, 0x91, 0x8d, 0x8e, 0x8d, 0x8e, 0x88, 0x8e, 0x88, 0x8e, 0x8c, 0x96, 0x6e, 0x98, 0xd7, 0x9f, 0x70, 0x7b, 0xa1, 0x9f, 0x84, 0x55, 0x66, 0x99, 0x97, 0xd7, 0xd6, 0xa3, 0x49, 0x3b, 0x0f, 0x0e, 0x0b, 0x10, 0x0f, 0x30, 0x26, 0x12, 0x11, 0x12, 0x30, 0x30, 0x14, 0xf7, 0x40, 0x3a, 0x3a, 0x3c, 0x3a, 0x3c, 0x46, 0x47, 0xc5, 0x09, 0x0a, 0x08, 0x26, 0x0d, 0x0b, 0x0e, 0x25, 0x2c, 0x25, 0x07, 0x0d, 0x00, 0xd7, 0x99, 0xc7, 0x21, 0x21, 0x25, 0x09, 0x0a, 0x12, 0x24, 0xdf, 0xa0, 0x91, 0x58, 0x4d, 0x7f, 0xd7, 0x8d, 0x80, 0x9e, 0xa2, 0x7c, 0x80, 0x75, 0x74, 0x74, 0x74, 0x75, 0x6c, 0x6f, 0xe8, 0xf8, 0xf6, 0xf8, 0xf6, 0xf8, 0xf8, 0xf6, 0xf8, 0xfa, 0xd6, 0x92, 0x4d, 0x4b, 0x75, 0x9d, 0xd3, 0x93, 0x90, 0x94, 0x4d, 0x60, 0x98, 0x84, 0x55, 0x99, 0x68, 0x65, 0x67, 0x65, 0x67, 0x67, 0x5e, 0x67, 0x5e, 0x67, 0x5e, 0x67, 0x5e, 0x5e, 0x67, 0x5e, 0x65, 0x5d, 0x5e, 0x5d, 0x5d, 0x5d, 0x57, 0x57, 0x57, 0x57, 0x56, 0x57, 0x56, 0x57, 0x56, 0x56, 0x56, 0x57, 0x56, 0x57, 0x51, 0x51, 0x51, 0x51, 0x51, 0x51, 
  0xa2, 0x9f, 0x9e, 0x9e, 0x98, 0x98, 0x9e, 0x84, 0xc5, 0xbc, 0xb7, 0xb8, 0xb7, 0xb7, 0xb7, 0xb7, 0xb7, 0xb5, 0xb5, 0xb5, 0xb5, 0xb5, 0xb5, 0xb5, 0xb5, 0xb5, 0xb5, 0xb5, 0xb4, 0xb4, 0xb4, 0xb4, 0xb4, 0xb4, 0xb5, 0xb4, 0xbf, 0xd7, 0x9f, 0x84, 0x71, 0x93, 0xd8, 0xa3, 0xa2, 0xa2, 0x97, 0x71, 0x75, 0xa1, 0xa2, 0xa0, 0xa0, 0xa3, 0x8e, 0x6b, 0x68, 0x9d, 0xa1, 0xa2, 0xa2, 0xa0, 0xa0, 0xa3, 0x90, 0x6f, 0x74, 0x9e, 0x9e, 0xa1, 0x9e, 0x84, 0x97, 0xa2, 0xa0, 0x91, 0x90, 0x91, 0x8c, 0x8d, 0x8c, 0x8d, 0x8c, 0x8e, 0x88, 0x8e, 0x88, 0x96, 0x68, 0x93, 0x9f, 0x9f, 0x79, 0x73, 0xa1, 0xa2, 0x91, 0x60, 0x68, 0x97, 0x99, 0xd6, 0xd7, 0xe6, 0x3f, 0x26, 0x0d, 0x0a, 0x0e, 0x0e, 0x25, 0x39, 0x27, 0x11, 0x11, 0x0d, 0x30, 0x30, 0x13, 0x01, 0xe1, 0x3a, 0x3a, 0x3c, 0x3a, 0x3c, 0x46, 0x47, 0x2a, 0x09, 0x0a, 0x08, 0x22, 0x0d, 0x10, 0x10, 0x08, 0x2d, 0x22, 0x09, 0x06, 0x1d, 0x99, 0x90, 0xa3, 0x63, 0x3e, 0x2c, 0x20, 0x21, 0x20, 0x22, 0x7e, 0x99, 0x8c, 0x50, 0x50, 0x84, 0x9f, 0x80, 0x87, 0xa1, 0xa2, 0xd4, 0x80, 0x74, 0x74, 0x74, 0x74, 0x74, 0x6f, 0x6e, 0xd4, 0xf8, 0xf8, 0xf6, 0xf8, 0xf6, 0xf8, 0xf6, 0xf8, 0xfc, 0xd7, 0x6c, 0x4b, 0x50, 0x95, 0x98, 0x4d, 0x88, 0x91, 0x98, 0x58, 0x4d, 0x94, 0x9d, 0x55, 0x91, 0x84, 0x5f, 0x65, 0x65, 0x65, 0x65, 0x65, 0x65, 0x67, 0x67, 0x67, 0x5e, 0x67, 0x5e, 0x67, 0x5d, 0x5d, 0x5d, 0x59, 0x2e, 0x5d, 0x5d, 0x56, 0x57, 0x57, 0x57, 0x57, 0x57, 0x57, 0x57, 0x57, 0x57, 0x57, 0x51, 0x57, 0x51, 0x57, 0x51, 0x51, 0x51, 0x51, 0x51, 
  0xa2, 0xa1, 0x9e, 0x9e, 0x98, 0x98, 0x9e, 0x59, 0xc0, 0xb9, 0xb8, 0xb7, 0xb8, 0xb5, 0xb7, 0xb5, 0xb5, 0xb5, 0xb5, 0xb5, 0xb5, 0xb5, 0xb5, 0xb5, 0xb5, 0xb5, 0xb5, 0xb5, 0xb4, 0xb4, 0xb4, 0xb5, 0xb4, 0xb4, 0xb5, 0xb2, 0xc5, 0x9f, 0x9c, 0x80, 0x77, 0x9b, 0xd8, 0xa0, 0xa0, 0xa2, 0x88, 0x71, 0x8d, 0xa3, 0x9f, 0xa0, 0x9f, 0x9f, 0x7b, 0x6b, 0x80, 0xa1, 0xa0, 0x9f, 0xa2, 0xa2, 0xa3, 0x9c, 0x7b, 0x70, 0x93, 0x9f, 0x9e, 0x9f, 0x93, 0x84, 0xd7, 0xa2, 0x9f, 0x91, 0x8c, 0x8c, 0x8e, 0x88, 0x8e, 0x88, 0x8e, 0x88, 0x8e, 0x8d, 0x8c, 0x96, 0x69, 0x96, 0x9c, 0x9f, 0x85, 0x6e, 0x9f, 0x9f, 0x9c, 0x6b, 0x5c, 0x8c, 0x99, 0xd6, 0x9c, 0xc0, 0x30, 0x0f, 0x0b, 0x0e, 0x0c, 0x0d, 0x24, 0x39, 0x0f, 0x11, 0x11, 0x12, 0x30, 0x30, 0x08, 0x01, 0xe5, 0x3b, 0x3a, 0x3c, 0x3a, 0x3f, 0x46, 0x47, 0x2a, 0x09, 0x07, 0x08, 0x24, 0x0f, 0x0c, 0x0c, 0x09, 0x2d, 0x2d, 0x08, 0x07, 0x0d, 0x7e, 0x97, 0x8c, 0x99, 0x6d, 0xcc, 0x40, 0x26, 0x40, 0x6d, 0x99, 0x97, 0x7b, 0x50, 0x55, 0x98, 0x96, 0x74, 0x8d, 0xa2, 0xa1, 0xd4, 0x80, 0x74, 0x74, 0x75, 0x74, 0x74, 0x6c, 0x6f, 0xe8, 0xf5, 0xf8, 0xf8, 0xf6, 0xf8, 0xf8, 0xf6, 0xf5, 0xfc, 0xd6, 0x4f, 0x4b, 0x71, 0x96, 0x93, 0x4d, 0x6b, 0x96, 0x96, 0x87, 0x4b, 0x75, 0x9b, 0x79, 0x66, 0x9a, 0x65, 0x65, 0x65, 0x65, 0x65, 0x65, 0x65, 0x5e, 0x67, 0x5e, 0x6d, 0x5e, 0x67, 0x5e, 0x67, 0x5d, 0x5d, 0x5e, 0x2e, 0x5e, 0x5d, 0x57, 0x57, 0x57, 0x57, 0x57, 0x57, 0x57, 0x57, 0x57, 0x57, 0x57, 0x57, 0x51, 0x57, 0x51, 0x51, 0x57, 0x51, 0x51, 0x51, 
  0xa2, 0xa2, 0x9f, 0x9d, 0x99, 0x98, 0x9f, 0xcc, 0x40, 0xb8, 0xb7, 0xb8, 0xb7, 0xb7, 0xb7, 0xb7, 0xb7, 0xb5, 0xb5, 0xb5, 0xb5, 0xb5, 0xb5, 0xb5, 0xb5, 0xb5, 0xb5, 0xb5, 0xb5, 0xb4, 0xb5, 0xb4, 0xb4, 0xb4, 0xb5, 0xb2, 0xc8, 0xd8, 0x97, 0x6e, 0x88, 0xa2, 0xec, 0xa2, 0xa3, 0x9c, 0x77, 0x77, 0x9b, 0xd8, 0xa0, 0x9f, 0xa2, 0x97, 0x77, 0x6f, 0x96, 0xa3, 0x9f, 0xa2, 0xd7, 0xa3, 0xa1, 0x88, 0x77, 0x7b, 0xa1, 0x9e, 0x9e, 0x9f, 0x84, 0x8e, 0xd7, 0xa3, 0x9c, 0x91, 0x90, 0x8e, 0x88, 0x8e, 0x88, 0x8d, 0x8c, 0x8c, 0x8e, 0x88, 0x8c, 0x9b, 0x69, 0x8e, 0xd7, 0x9f, 0x92, 0x68, 0x9b, 0xa1, 0xa0, 0x74, 0x5c, 0x84, 0x9b, 0xa3, 0x4a, 0x30, 0x26, 0x0d, 0x0c, 0x0c, 0x10, 0x08, 0x2f, 0x30, 0x12, 0x11, 0x11, 0x0d, 0x30, 0x30, 0x08, 0x1d, 0xfa, 0xde, 0x36, 0x3c, 0x3a, 0x3c, 0x47, 0x47, 0x2a, 0x06, 0x0a, 0x09, 0x2f, 0x08, 0x0c, 0x0c, 0x0a, 0x22, 0x37, 0x23, 0x0c, 0x05, 0x1b, 0xd7, 0x97, 0x73, 0x4f, 0x52, 0x8d, 0x9e, 0xa2, 0x9f, 0xd6, 0x99, 0x60, 0x4f, 0x60, 0x9f, 0x88, 0x6c, 0x98, 0xa3, 0xa2, 0x85, 0x85, 0x74, 0x74, 0x75, 0x74, 0x75, 0x6f, 0x70, 0x7c, 0xf9, 0xf8, 0xf8, 0xf8, 0xf8, 0xf8, 0xf6, 0xf9, 0xff, 0xd3, 0x4b, 0x4d, 0x94, 0x91, 0x98, 0x4d, 0x50, 0x98, 0x90, 0x98, 0x4d, 0x50, 0x99, 0x93, 0x55, 0x91, 0x84, 0x5f, 0x67, 0x67, 0x65, 0x65, 0x65, 0x67, 0x67, 0x67, 0x5e, 0x67, 0x5e, 0x67, 0x5d, 0x5d, 0x5e, 0x5d, 0x5d, 0x5d, 0x5d, 0x56, 0x57, 0x57, 0x57, 0x57, 0x57, 0x57, 0x57, 0x57, 0x57, 0x57, 0x51, 0x57, 0x51, 0x57, 0x51, 0x51, 0x51, 0x51, 0x51, 
  0xa3, 0xa2, 0xa0, 0x9e, 0x9a, 0x9e, 0x8c, 0xdf, 0xbc, 0xb8, 0xb8, 0xb7, 0xb7, 0xb7, 0xb7, 0xb5, 0xb5, 0xb5, 0xb5, 0xb5, 0xb5, 0xb5, 0xb5, 0xb5, 0xb5, 0xb5, 0xb5, 0xb5, 0xb5, 0xb4, 0xb4, 0xb4, 0xb5, 0xb4, 0xb7, 0xb2, 0xcb, 0xd8, 0x90, 0x90, 0xa1, 0xa0, 0xa2, 0xa0, 0x9e, 0x8c, 0x84, 0x96, 0xa1, 0xa2, 0xa0, 0xa0, 0xa2, 0x8c, 0x70, 0x84, 0xa2, 0xa2, 0x9f, 0x9f, 0xa0, 0x9f, 0x8e, 0x80, 0x77, 0x97, 0xa2, 0x9e, 0x9f, 0x9a, 0x73, 0x9c, 0x9f, 0xec, 0x9b, 0x90, 0x8e, 0x8c, 0x8c, 0x8d, 0x8c, 0x8d, 0x8c, 0x8d, 0x8c, 0x87, 0x8c, 0x9b, 0x66, 0x88, 0x9f, 0x9f, 0x96, 0x69, 0x92, 0xa0, 0x9f, 0x84, 0x64, 0x66, 0x9e, 0x67, 0x3b, 0x30, 0x0f, 0x0c, 0x0b, 0x0b, 0x0e, 0x25, 0x39, 0x26, 0x11, 0x10, 0x11, 0x0d, 0xb0, 0x30, 0x08, 0x1d, 0xfb, 0xe4, 0xb0, 0x3c, 0x3a, 0x3f, 0x47, 0x49, 0x2a, 0x07, 0x0a, 0x08, 0x22, 0x25, 0x0e, 0x0c, 0x0c, 0x23, 0x2c, 0x22, 0x09, 0x07, 0x06, 0x1f, 0xa0, 0x63, 0x52, 0x55, 0x8e, 0x97, 0x97, 0xe9, 0x97, 0x90, 0x58, 0x50, 0x74, 0xa2, 0x6f, 0x64, 0x9a, 0xa3, 0xa2, 0xd4, 0x84, 0x74, 0x75, 0x74, 0x75, 0x74, 0x74, 0x6f, 0x7c, 0xf7, 0xf8, 0xf8, 0xf8, 0xf8, 0xf8, 0xf8, 0xf9, 0x92, 0x4e, 0x4b, 0x7c, 0x9d, 0x90, 0x9a, 0x64, 0x4b, 0x8e, 0x91, 0x96, 0x6f, 0x4b, 0x8e, 0x98, 0x68, 0x70, 0x9e, 0x67, 0x67, 0x65, 0x65, 0x65, 0x65, 0x5e, 0x67, 0x5e, 0x6d, 0x5e, 0x67, 0x5e, 0x67, 0x5d, 0x65, 0x57, 0x65, 0x2e, 0x59, 0x57, 0x57, 0x57, 0x57, 0x57, 0x57, 0x57, 0x57, 0x57, 0x57, 0x57, 0x57, 0x51, 0x57, 0x51, 0x51, 0x57, 0x51, 0x51, 0x51, 
  0xa3, 0xa2, 0xa2, 0x9f, 0x99, 0x9f, 0x6d, 0xc2, 0xb9, 0xb8, 0xb7, 0xb8, 0xb7, 0xb7, 0xb7, 0xb7, 0xb7, 0xb5, 0xb5, 0xb5, 0xb5, 0xb5, 0xb5, 0xb5, 0xb5, 0xb5, 0xb5, 0xb5, 0xb5, 0xb4, 0xb5, 0xb4, 0xb4, 0xb5, 0xb5, 0xb2, 0xce, 0xd8, 0xa0, 0xa2, 0xa0, 0xa3, 0x90, 0x7b, 0x7b, 0x9c, 0xa3, 0xa3, 0xa0, 0xec, 0xa3, 0xa3, 0x97, 0x7b, 0x77, 0x98, 0xa2, 0x9f, 0xa2, 0xa0, 0xa3, 0x8c, 0x7c, 0x82, 0x8d, 0xa0, 0xa2, 0x9f, 0xa0, 0x84, 0x7b, 0xa1, 0xeb, 0xd7, 0x97, 0x91, 0x90, 0x8c, 0x8e, 0x88, 0x8e, 0x88, 0x8e, 0x8c, 0x8e, 0x88, 0x8e, 0xd7, 0x69, 0x80, 0x9f, 0x9c, 0x9f, 0x66, 0x84, 0x9f, 0xa0, 0x93, 0x62, 0x6b, 0x87, 0xba, 0x39, 0x27, 0x0e, 0x0e, 0x0c, 0x0e, 0x0a, 0x30, 0x2f, 0x27, 0x15, 0x0c, 0x11, 0x0d, 0x30, 0x30, 0x09, 0x19, 0xf9, 0xf7, 0xbc, 0x3a, 0x3a, 0x3f, 0x47, 0x47, 0x2a, 0x06, 0x0a, 0x09, 0x22, 0x24, 0x0b, 0x0b, 0x0c, 0x25, 0x2d, 0x2d, 0x06, 0x07, 0x06, 0x13, 0x97, 0x52, 0x55, 0x6e, 0x9a, 0x97, 0x91, 0x99, 0x99, 0x8c, 0x50, 0x50, 0x8d, 0x9f, 0x66, 0x69, 0x9f, 0xa3, 0xa3, 0x7c, 0x84, 0x79, 0x74, 0x75, 0x75, 0x74, 0x74, 0x6e, 0x78, 0xf7, 0xf5, 0xf8, 0xf8, 0xf8, 0xf8, 0xf8, 0xfa, 0xd3, 0x4b, 0x4f, 0x96, 0x92, 0x91, 0x99, 0x87, 0x4b, 0x71, 0x98, 0x8f, 0x8c, 0x4b, 0x71, 0x98, 0x84, 0x55, 0x9e, 0x7b, 0x65, 0x67, 0x65, 0x65, 0x65, 0x67, 0x67, 0x67, 0x5e, 0x67, 0x5e, 0x67, 0x5d, 0x5d, 0x5d, 0x5e, 0x5d, 0x5d, 0x5e, 0x57, 0x57, 0x57, 0x57, 0x57, 0x57, 0x57, 0x57, 0x57, 0x57, 0x57, 0x51, 0x57, 0x51, 0x57, 0x51, 0x51, 0x51, 0x51, 0x51, 
  0xa2, 0xa2, 0xa0, 0xa1, 0x9e, 0xa0, 0xcf, 0xbf, 0xb9, 0xb8, 0xb8, 0xb7, 0xb7, 0xb7, 0xb7, 0xb7, 0xb5, 0xb7, 0xb5, 0xb5, 0xb5, 0xb5, 0xb5, 0xb5, 0xb5, 0xb5, 0xb5, 0xb5, 0xb5, 0xb5, 0xb4, 0xb5, 0xb4, 0xb4, 0xb5, 0xb4, 0x4e, 0xd8, 0x9f, 0xa0, 0xa3, 0x97, 0x73, 0x6b, 0x90, 0xd8, 0xa1, 0x9f, 0xa0, 0xa3, 0xd7, 0x8c, 0x84, 0x7b, 0x88, 0xa1, 0xa2, 0xa2, 0xa0, 0xa3, 0x9c, 0x68, 0x80, 0x88, 0xa1, 0x9f, 0xa2, 0xa2, 0x9e, 0x70, 0x8c, 0xa3, 0xeb, 0xd7, 0x96, 0x96, 0x8e, 0x8c, 0x8c, 0x8e, 0x8d, 0x8e, 0x8e, 0x8e, 0x88, 0x87, 0x8e, 0xa1, 0x69, 0x77, 0x9f, 0x9c, 0x9f, 0x70, 0x74, 0x9f, 0x9f, 0xa1, 0x69, 0x71, 0x43, 0x30, 0x3e, 0x0d, 0x0c, 0x0c, 0x0c, 0x0c, 0x08, 0x30, 0x2f, 0x0d, 0x10, 0x11, 0x11, 0x0d, 0x39, 0x30, 0x08, 0x19, 0xf5, 0xfb, 0xe0, 0x3a, 0x3c, 0x3f, 0x47, 0x49, 0x29, 0x07, 0x0a, 0x09, 0x22, 0x30, 0x0b, 0x0c, 0x0c, 0x07, 0x2d, 0x2d, 0x23, 0x07, 0x07, 0x06, 0x1b, 0x5b, 0x4f, 0x84, 0x99, 0x98, 0x99, 0x91, 0x99, 0x73, 0x50, 0x58, 0x96, 0x96, 0x4f, 0x74, 0xa3, 0xa1, 0xa3, 0xd4, 0x80, 0x7c, 0x78, 0x79, 0x75, 0x75, 0x74, 0x6f, 0x70, 0xe8, 0xf9, 0xf6, 0xf8, 0xf8, 0xf6, 0xf8, 0xe8, 0x4f, 0x4b, 0x7c, 0x98, 0x90, 0x91, 0x90, 0x95, 0x4d, 0x50, 0x95, 0x8e, 0x98, 0x4f, 0x50, 0x95, 0x9d, 0x55, 0x84, 0x8c, 0x67, 0x65, 0x67, 0x2b, 0x67, 0x5d, 0x65, 0x65, 0x65, 0x5e, 0x67, 0x5e, 0x67, 0x5e, 0x67, 0x5e, 0x5f, 0x5d, 0x5e, 0x5e, 0x57, 0x5e, 0x57, 0x57, 0x57, 0x57, 0x57, 0x57, 0x57, 0x57, 0x57, 0x51, 0x57, 0x51, 0x57, 0x51, 0x57, 0x51, 0x51, 
  0xa2, 0xa2, 0xa2, 0x9f, 0xa0, 0x90, 0x48, 0xbb, 0xb8, 0xb8, 0xb8, 0xb8, 0xb7, 0xb8, 0xb7, 0xb6, 0xb7, 0xb5, 0xb5, 0xb5, 0xb6, 0xb5, 0xb5, 0xb5, 0xb5, 0xb5, 0xb5, 0xb5, 0xb5, 0xb4, 0xb5, 0xb4, 0xb4, 0xb5, 0xb5, 0x3b, 0x56, 0xa3, 0xa0, 0xa0, 0xa0, 0x7b, 0x6f, 0x84, 0xa1, 0xa1, 0xa0, 0x9e, 0xa2, 0xa2, 0x7b, 0x6b, 0x7b, 0x96, 0x9f, 0xa2, 0xa0, 0xa2, 0xa2, 0xa2, 0x84, 0x71, 0x70, 0x9b, 0xa2, 0xa2, 0xa0, 0xa2, 0x8c, 0x73, 0x9c, 0xd8, 0xea, 0xd7, 0x96, 0x91, 0x8e, 0x8c, 0x8e, 0x88, 0x8e, 0x8c, 0x8e, 0x8e, 0x8d, 0x88, 0x8e, 0xa1, 0x70, 0x71, 0x9f, 0x9c, 0xa1, 0x80, 0x6e, 0x9e, 0xa0, 0x9e, 0x8e, 0x49, 0x3c, 0x3d, 0x0f, 0x0e, 0x0c, 0x10, 0x0c, 0x0e, 0x25, 0x39, 0x39, 0x12, 0x10, 0x11, 0x11, 0x0d, 0x39, 0x30, 0x08, 0x15, 0xf7, 0xf5, 0xe7, 0xb7, 0x3a, 0x41, 0x47, 0x47, 0x29, 0x09, 0x0a, 0x09, 0x22, 0x22, 0x0a, 0x07, 0x0c, 0x0a, 0x22, 0xaa, 0x22, 0x06, 0x07, 0x06, 0x08, 0x1e, 0x58, 0x94, 0x99, 0x99, 0x97, 0x99, 0x98, 0x5c, 0x50, 0x60, 0x9f, 0x88, 0x4f, 0x85, 0xa3, 0xa2, 0xa2, 0x85, 0x7c, 0x80, 0x74, 0x78, 0x75, 0x75, 0x75, 0x75, 0x74, 0xe8, 0xf9, 0xf8, 0xf8, 0xf8, 0xf6, 0xf9, 0xe5, 0x4b, 0x55, 0x9d, 0x91, 0x91, 0x91, 0x91, 0x9a, 0x60, 0x4b, 0x8e, 0x91, 0x96, 0x6f, 0x4d, 0x87, 0x98, 0x74, 0x58, 0x96, 0x73, 0x65, 0x65, 0x67, 0x65, 0x65, 0x65, 0x65, 0x5d, 0x67, 0x5e, 0x67, 0x5e, 0x5e, 0x5e, 0x5e, 0x5d, 0x5e, 0x2e, 0x5e, 0x57, 0x57, 0x57, 0x57, 0x57, 0x57, 0x57, 0x57, 0x57, 0x57, 0x51, 0x57, 0x51, 0x57, 0x51, 0x51, 0x51, 0x51, 0x51, 
  0xa2, 0xa2, 0xa2, 0x9f, 0xa3, 0xd3, 0xde, 0xbb, 0xb8, 0xb8, 0xb8, 0xb7, 0xb7, 0xb7, 0xb7, 0xb7, 0xb5, 0xb7, 0xb5, 0xb7, 0xb5, 0xb5, 0xb5, 0xb5, 0xb5, 0xb5, 0xb5, 0xb5, 0xb5, 0xb4, 0xb5, 0xb4, 0xb5, 0xb4, 0xb5, 0xb7, 0x6d, 0xa3, 0x9f, 0xa0, 0x91, 0x71, 0x73, 0x93, 0xa2, 0x9f, 0x9f, 0x9f, 0xa2, 0x92, 0x6b, 0x70, 0x8e, 0xa3, 0xa2, 0xa2, 0xa3, 0xa2, 0xd8, 0x97, 0x71, 0x6b, 0x88, 0xa3, 0xa2, 0xa0, 0xa0, 0x9e, 0x7b, 0x7b, 0xa3, 0xeb, 0xeb, 0xd6, 0x93, 0x8e, 0x8e, 0x8e, 0x88, 0x8e, 0x88, 0x8e, 0x91, 0x8e, 0x8d, 0x8c, 0x91, 0xa3, 0x74, 0x6b, 0x9e, 0x9c, 0x9f, 0x8c, 0x66, 0x96, 0x9e, 0xa0, 0x71, 0x3d, 0x3d, 0x27, 0x12, 0x10, 0x10, 0x0c, 0x10, 0x0d, 0x2f, 0x39, 0x26, 0x11, 0x10, 0x10, 0x11, 0x27, 0x39, 0x30, 0x0d, 0x13, 0xf5, 0xf7, 0xf9, 0xdf, 0x36, 0x41, 0x47, 0x4b, 0x14, 0x07, 0x0a, 0x09, 0x22, 0x2f, 0x08, 0x0c, 0x0c, 0x0b, 0x06, 0x37, 0x2d, 0x23, 0x07, 0x07, 0x06, 0x0f, 0x00, 0x9a, 0x97, 0x99, 0x97, 0x98, 0x91, 0x55, 0x50, 0x71, 0xa1, 0x74, 0x4f, 0x8d, 0xa3, 0xa2, 0xa2, 0xd4, 0x80, 0x7c, 0x79, 0x74, 0x75, 0x75, 0x75, 0x74, 0x6f, 0x7c, 0xf7, 0xf8, 0xf8, 0xf8, 0xf8, 0xf5, 0x4e, 0x4d, 0x88, 0x92, 0x91, 0x91, 0x90, 0x91, 0x9c, 0x77, 0x4b, 0x71, 0x98, 0x90, 0x8d, 0x4d, 0x6b, 0x98, 0x8f, 0x52, 0x8d, 0x84, 0x67, 0x2b, 0x65, 0x2b, 0x65, 0x65, 0x65, 0x65, 0x5e, 0x67, 0x5e, 0x67, 0x5e, 0x67, 0x5e, 0x5f, 0x5d, 0x5e, 0x57, 0x5e, 0x57, 0x5e, 0x57, 0x57, 0x57, 0x57, 0x57, 0x57, 0x57, 0x57, 0x51, 0x57, 0x51, 0x57, 0x51, 0x57, 0x51, 0x51, 
  0xa3, 0xa0, 0xa0, 0x9e, 0xd8, 0xcf, 0xc0, 0xb9, 0xb8, 0xb8, 0xb8, 0xb8, 0xb7, 0xb8, 0xb7, 0xb7, 0xb6, 0xb5, 0xb7, 0xb5, 0xb6, 0xb5, 0xb5, 0xb4, 0xb5, 0xb5, 0xb5, 0xb6, 0xb4, 0xb5, 0xb4, 0xb4, 0xb4, 0xb5, 0x3b, 0xba, 0x7e, 0xa3, 0x9f, 0xa0, 0x77, 0x6f, 0x80, 0xa1, 0xa2, 0xa0, 0x9f, 0xa0, 0x9c, 0x71, 0x6f, 0x79, 0xa1, 0xa3, 0xa2, 0xa3, 0xa0, 0xec, 0xa3, 0x88, 0x71, 0x73, 0x9b, 0xa3, 0xa0, 0xa0, 0xa2, 0x92, 0x68, 0x96, 0xd8, 0xeb, 0xff, 0x97, 0x91, 0x8d, 0x8c, 0x8d, 0x8e, 0x8e, 0x8c, 0x8e, 0x91, 0x8c, 0x8d, 0x8c, 0x96, 0xa3, 0x77, 0x6b, 0x9a, 0xd7, 0x9f, 0x93, 0x66, 0x84, 0xa0, 0x91, 0xc0, 0x3c, 0x26, 0x0f, 0x10, 0x10, 0x10, 0x10, 0x0e, 0x25, 0x39, 0x30, 0x0f, 0x11, 0x11, 0x11, 0x11, 0x27, 0x39, 0x30, 0x09, 0x12, 0x01, 0xf9, 0xf9, 0xe5, 0x3a, 0x43, 0x47, 0x4b, 0x29, 0x07, 0x0b, 0x0a, 0x24, 0x2f, 0x08, 0x07, 0x0c, 0x0b, 0x09, 0x2d, 0xaa, 0x22, 0x06, 0x07, 0x07, 0x05, 0x19, 0xa0, 0x91, 0x97, 0x97, 0x9e, 0x7b, 0x50, 0x50, 0x8d, 0xa2, 0x69, 0x55, 0x9b, 0xa2, 0xa2, 0xa1, 0x8c, 0x7c, 0x80, 0x74, 0x74, 0x78, 0x75, 0x75, 0x6f, 0x74, 0x74, 0xfa, 0xf5, 0xf8, 0xf8, 0xf8, 0xf2, 0xce, 0x6c, 0x98, 0x91, 0x91, 0x91, 0x96, 0x90, 0x91, 0x95, 0x4d, 0x50, 0x95, 0x91, 0x95, 0x58, 0x4f, 0x98, 0x98, 0x60, 0x6b, 0x93, 0x00, 0x65, 0x67, 0x65, 0x65, 0x65, 0x5d, 0x67, 0x5e, 0x67, 0x5e, 0x67, 0x5e, 0x5e, 0x5e, 0x5d, 0x5e, 0x2e, 0x5e, 0x57, 0x57, 0x57, 0x57, 0x57, 0x57, 0x57, 0x57, 0x57, 0x57, 0x51, 0x57, 0x51, 0x57, 0x51, 0x51, 0x51, 0x51, 0x51, 
  0xa2, 0xa0, 0xa2, 0xa0, 0x9c, 0xcb, 0xbf, 0xb9, 0xb8, 0xb8, 0xb7, 0xb8, 0xb7, 0xb7, 0xb7, 0xb7, 0xb7, 0xb7, 0xb5, 0xb7, 0xb5, 0xb5, 0xb5, 0xb5, 0xb5, 0xb5, 0xb5, 0xb5, 0xb5, 0xb5, 0xb5, 0xb5, 0xb4, 0xb5, 0xb4, 0xbc, 0x96, 0xec, 0xa0, 0x97, 0x6f, 0x6f, 0x8e, 0xa2, 0xa2, 0xa0, 0x9f, 0xa2, 0x8c, 0x6b, 0x6b, 0x93, 0xa3, 0xa2, 0xa3, 0xa2, 0xa0, 0xd8, 0x9c, 0x77, 0x77, 0x88, 0xa3, 0xa0, 0xa2, 0xa3, 0x9f, 0x77, 0x78, 0xa1, 0xeb, 0xff, 0xeb, 0xd6, 0x8e, 0x8d, 0x8d, 0x88, 0x8d, 0x88, 0x8e, 0x8e, 0x91, 0x8e, 0x8d, 0x88, 0x9b, 0xa3, 0x88, 0x60, 0x98, 0x9f, 0x9f, 0x9a, 0x68, 0x70, 0xd8, 0xce, 0x3d, 0x3d, 0x28, 0x15, 0x10, 0x11, 0x10, 0x11, 0x0d, 0x30, 0x3a, 0x26, 0x13, 0x11, 0x10, 0x11, 0x15, 0x25, 0xb2, 0x30, 0x0d, 0x0e, 0x01, 0xfb, 0xf5, 0xfd, 0xc4, 0x41, 0x47, 0x4b, 0x29, 0x0a, 0x0b, 0x0a, 0x25, 0x37, 0x25, 0x0b, 0x0c, 0x07, 0x0b, 0x23, 0x37, 0x2d, 0x08, 0x07, 0x07, 0x07, 0x06, 0x1e, 0xa0, 0x91, 0x99, 0x9e, 0x66, 0x58, 0x58, 0x98, 0x9b, 0x55, 0x64, 0x98, 0xa2, 0xa3, 0x9e, 0xd4, 0x79, 0x85, 0x74, 0x78, 0x75, 0x75, 0x75, 0x74, 0x71, 0x74, 0xe8, 0xf5, 0xf8, 0xf8, 0xf8, 0xd2, 0x4e, 0x94, 0x97, 0x91, 0x96, 0x96, 0x8e, 0x93, 0x90, 0x9a, 0x50, 0x4b, 0x8f, 0x91, 0x97, 0x7a, 0x4b, 0x87, 0x98, 0x80, 0x4f, 0x98, 0x7b, 0x67, 0x2b, 0x67, 0x2b, 0x67, 0x65, 0x2e, 0x65, 0x5d, 0x67, 0x5d, 0x65, 0x5d, 0x67, 0x5d, 0x5d, 0x5e, 0x57, 0x57, 0x5e, 0x57, 0x57, 0x57, 0x57, 0x57, 0x57, 0x57, 0x57, 0x57, 0x51, 0x57, 0x51, 0x57, 0x51, 0x57, 0x51, 0x51, 
  0xa0, 0xa2, 0xa0, 0xa3, 0x7b, 0xde, 0xbe, 0xb8, 0xb8, 0xb8, 0xb8, 0xb7, 0xb8, 0xb7, 0xb7, 0xb7, 0xb7, 0xb7, 0xb7, 0xb5, 0xb7, 0xb5, 0xb5, 0xb5, 0xb5, 0xb5, 0xb4, 0xb5, 0xb4, 0xb5, 0xb4, 0xb5, 0xb5, 0xb5, 0xb4, 0xc0, 0xd6, 0xa0, 0xa0, 0x8c, 0x71, 0x75, 0x9f, 0xa2, 0x9f, 0xa2, 0x9f, 0xa2, 0x73, 0x6b, 0x71, 0x9f, 0xa2, 0xa0, 0xa0, 0xa2, 0xa3, 0x97, 0x84, 0x77, 0x7c, 0x9e, 0xa2, 0xa2, 0xa0, 0xd8, 0x8c, 0x6e, 0x8e, 0xa3, 0xeb, 0xff, 0xff, 0x9b, 0x8e, 0x8e, 0x8c, 0x8d, 0x88, 0x8d, 0x88, 0x8e, 0x91, 0x88, 0x8c, 0x8c, 0x9c, 0xa2, 0x93, 0x60, 0x93, 0xec, 0x9e, 0x9f, 0x70, 0x70, 0x8c, 0x3f, 0x3d, 0x3e, 0x13, 0x12, 0x10, 0x11, 0x10, 0x15, 0x25, 0x26, 0x39, 0x0f, 0x15, 0x11, 0x15, 0x11, 0x15, 0x26, 0x3a, 0x26, 0x0d, 0x0d, 0x01, 0xf9, 0xf9, 0xfb, 0xe4, 0x43, 0x47, 0x4f, 0x16, 0x07, 0x0a, 0x0b, 0x25, 0x39, 0x24, 0x0a, 0x0c, 0x0c, 0x0e, 0x06, 0x2d, 0x2d, 0x22, 0x06, 0x07, 0x07, 0x06, 0x08, 0x00, 0x99, 0x99, 0x99, 0x58, 0x50, 0x69, 0x9f, 0x88, 0x55, 0x74, 0x9c, 0x9f, 0xa2, 0x9c, 0x8c, 0x79, 0x85, 0x78, 0x78, 0x78, 0x75, 0x75, 0x75, 0x75, 0x6f, 0xd4, 0xf9, 0xf8, 0xf8, 0xf9, 0xcf, 0x78, 0x9e, 0x91, 0x97, 0x98, 0x73, 0x55, 0x9b, 0x91, 0x98, 0x71, 0x4b, 0x71, 0x96, 0x91, 0x8e, 0x4d, 0x60, 0x9b, 0x96, 0x50, 0x80, 0xd5, 0x6d, 0x67, 0x2b, 0x67, 0x67, 0x2e, 0x65, 0x5d, 0x5d, 0x5d, 0x5d, 0x5d, 0x5d, 0x5d, 0x65, 0x5d, 0x2e, 0x57, 0x5d, 0x57, 0x5d, 0x57, 0x5d, 0x57, 0x57, 0x57, 0x57, 0x57, 0x51, 0x57, 0x51, 0x57, 0x57, 0x57, 0x51, 0x51, 0x51, 
  0x9f, 0xa0, 0xa0, 0xd8, 0xd0, 0xc2, 0xbb, 0xb8, 0xb8, 0xb8, 0xb8, 0xb7, 0xb8, 0xb7, 0xb7, 0xb7, 0xb7, 0xb7, 0xb5, 0xb7, 0xb5, 0xb5, 0xb5, 0xb5, 0xb5, 0xb5, 0xb5, 0xb5, 0xb5, 0xb5, 0xb5, 0xb5, 0xb4, 0xb7, 0xb4, 0xc7, 0x9f, 0xd7, 0x9e, 0x7b, 0x6f, 0x88, 0xa1, 0xa0, 0xa2, 0x9f, 0xa3, 0x96, 0x70, 0x71, 0x87, 0xa2, 0xa2, 0x9f, 0xa2, 0xa0, 0xa1, 0x73, 0x79, 0x77, 0x93, 0xa2, 0xa2, 0xa0, 0xa3, 0x9e, 0x73, 0x80, 0x9f, 0xa2, 0xeb, 0xff, 0xd7, 0x92, 0x8e, 0x8d, 0x8d, 0x88, 0x8d, 0x88, 0x8e, 0x8e, 0x8e, 0x8c, 0x8d, 0x8c, 0x9f, 0x9f, 0x97, 0x60, 0x88, 0x9f, 0x9e, 0xa0, 0x80, 0x84, 0xcb, 0x3d, 0x3f, 0x0f, 0x12, 0x11, 0x11, 0x12, 0x11, 0x0f, 0x3b, 0xb4, 0x3e, 0x16, 0x11, 0x15, 0x15, 0x15, 0x12, 0x30, 0xb4, 0x26, 0x0d, 0x0e, 0x01, 0xfb, 0xf9, 0xf7, 0xfa, 0x4a, 0x47, 0x7b, 0x16, 0x09, 0x0b, 0x0a, 0x08, 0x2f, 0x22, 0x0d, 0x0b, 0x0c, 0x0c, 0x0a, 0x22, 0x2d, 0x2d, 0x25, 0x07, 0x07, 0x07, 0x06, 0x17, 0x99, 0x99, 0x77, 0x50, 0x50, 0x84, 0x9f, 0x71, 0x55, 0x8d, 0x99, 0x9f, 0xa3, 0x92, 0x92, 0x78, 0x80, 0x78, 0x78, 0x78, 0x75, 0x75, 0x74, 0x75, 0x6f, 0xd4, 0xf7, 0xf8, 0xf9, 0xf5, 0xd2, 0x9b, 0x93, 0x97, 0x97, 0x8d, 0x4f, 0x4f, 0x8e, 0x96, 0x91, 0x8f, 0x4b, 0x58, 0x95, 0x91, 0x99, 0x58, 0x4d, 0x96, 0x9c, 0x64, 0x58, 0x91, 0x73, 0x6d, 0x67, 0x2b, 0x67, 0x67, 0x5d, 0x65, 0x5d, 0x65, 0x5d, 0x65, 0x5d, 0x65, 0x2e, 0x65, 0x57, 0x5e, 0x57, 0x5d, 0x57, 0x57, 0x57, 0x57, 0x57, 0x57, 0x57, 0x57, 0x57, 0x51, 0x57, 0x57, 0x51, 0x57, 0x51, 0x57, 0x51, 
  0x99, 0x9e, 0xa3, 0x9c, 0xe1, 0xbf, 0xb9, 0xb8, 0xb8, 0xb8, 0xb8, 0xb8, 0xb7, 0xb7, 0xb7, 0xb7, 0xb7, 0xb7, 0xb7, 0xb7, 0xb5, 0xb7, 0xb5, 0xb5, 0xb5, 0xb4, 0xb5, 0xb4, 0xb5, 0xb5, 0xb5, 0xb5, 0xb5, 0xb5, 0xb5, 0xca, 0xa3, 0xa0, 0x8c, 0x71, 0x74, 0x97, 0xa2, 0xa2, 0xa0, 0xa2, 0xa2, 0x84, 0x6b, 0x6f, 0x9a, 0xa0, 0xa2, 0x9f, 0xa0, 0xa2, 0x92, 0x6b, 0x71, 0x84, 0xa3, 0xa2, 0xa0, 0xa3, 0xa0, 0x8c, 0x70, 0x96, 0xa3, 0xa2, 0xeb, 0xea, 0xeb, 0x91, 0x8e, 0x8d, 0x8c, 0x8d, 0x88, 0x8e, 0x88, 0x93, 0x91, 0x88, 0x8e, 0x8c, 0x9f, 0x9f, 0x9e, 0x6b, 0x79, 0xd7, 0x9e, 0xa0, 0x96, 0x73, 0x41, 0x3c, 0x28, 0x13, 0x11, 0x12, 0x11, 0x10, 0x15, 0x27, 0x3d, 0x3d, 0x29, 0x15, 0x15, 0x15, 0x15, 0x15, 0x13, 0x30, 0x3a, 0x26, 0x0e, 0x0e, 0x01, 0xfd, 0xf5, 0xf9, 0xfb, 0xd2, 0xce, 0xd7, 0x17, 0x07, 0x0e, 0x0b, 0x0e, 0x24, 0x2f, 0x27, 0x0e, 0x0c, 0x0c, 0x10, 0x0d, 0x2d, 0x2f, 0x22, 0x06, 0x07, 0x07, 0x07, 0x05, 0x1d, 0xd8, 0x66, 0x50, 0x50, 0x91, 0x9d, 0x60, 0x55, 0x98, 0x97, 0x9f, 0x9f, 0x8e, 0x92, 0x79, 0x80, 0x7c, 0x78, 0x78, 0x75, 0x74, 0x74, 0x74, 0x74, 0x78, 0xfa, 0xf9, 0xf8, 0xf2, 0xd4, 0x98, 0x97, 0x90, 0x9a, 0x55, 0x4f, 0x4f, 0x79, 0x98, 0x91, 0x9a, 0x50, 0x4d, 0x8f, 0x92, 0x97, 0x82, 0x4b, 0x85, 0x9a, 0x8d, 0x4d, 0x95, 0x7e, 0x6d, 0x67, 0x2b, 0x67, 0x2e, 0x65, 0x5d, 0x5d, 0x5d, 0x5d, 0x5d, 0x5d, 0x5d, 0x65, 0x5d, 0x2e, 0x57, 0x5d, 0x57, 0x5d, 0x57, 0x5d, 0x57, 0x57, 0x57, 0x57, 0x57, 0x51, 0x57, 0x51, 0x57, 0x57, 0x57, 0x51, 0x51, 0x51, 
  0x98, 0x9e, 0xd8, 0xd5, 0xdf, 0x40, 0xb9, 0xb8, 0xb8, 0xb8, 0xb8, 0xb7, 0xb8, 0xb7, 0xb7, 0xb7, 0xb7, 0xb7, 0xb7, 0xb7, 0xb5, 0xb5, 0xb5, 0xb5, 0xb5, 0xb5, 0xb4, 0xb5, 0xb4, 0xb5, 0xb5, 0xb5, 0xb5, 0xb5, 0xb5, 0xce, 0xa3, 0xa0, 0x80, 0x71, 0x7b, 0xa1, 0xa2, 0xa0, 0xa2, 0xa2, 0x9c, 0x6f, 0x6b, 0x84, 0xa2, 0xa2, 0x9f, 0xa1, 0xa0, 0x9e, 0x70, 0x6b, 0x71, 0xd7, 0xd8, 0xa3, 0xa2, 0xa0, 0xa0, 0x7b, 0x84, 0xa1, 0xa2, 0xd8, 0xff, 0xeb, 0xd7, 0x91, 0x8c, 0x8e, 0x88, 0x8d, 0x8d, 0x8e, 0x8e, 0x98, 0x88, 0x8e, 0x8c, 0x91, 0x9f, 0xd7, 0x9e, 0x71, 0x71, 0x9f, 0x9c, 0x9e, 0xa3, 0x55, 0x3f, 0xb8, 0x14, 0x12, 0x11, 0x10, 0x15, 0x12, 0x0f, 0x3b, 0x3d, 0x27, 0x16, 0x15, 0x15, 0x15, 0x15, 0x15, 0x27, 0x30, 0x3a, 0x27, 0x0e, 0x0e, 0x01, 0xfd, 0xfb, 0xfb, 0xfb, 0xe8, 0xe8, 0xfc, 0x19, 0x09, 0x10, 0x0b, 0x0e, 0x25, 0xb2, 0x26, 0x0e, 0x10, 0x10, 0x10, 0x10, 0x25, 0x2d, 0x2f, 0x25, 0x06, 0x07, 0x07, 0x07, 0x08, 0x00, 0x66, 0x50, 0x60, 0x9f, 0x92, 0x50, 0x6c, 0x9e, 0x97, 0x99, 0x9b, 0x85, 0x96, 0x78, 0x80, 0x7c, 0x78, 0x75, 0x75, 0x75, 0x74, 0x74, 0x74, 0x74, 0xf7, 0xf5, 0xf9, 0xf7, 0x97, 0x93, 0x91, 0x9e, 0x70, 0x4b, 0x64, 0x50, 0x5a, 0x98, 0x91, 0x9c, 0x6f, 0x4b, 0x71, 0x98, 0x90, 0x95, 0x4d, 0x64, 0x98, 0x98, 0x50, 0x74, 0x93, 0x73, 0x6d, 0x2b, 0x65, 0x67, 0x65, 0x5d, 0x65, 0x5d, 0x65, 0x5d, 0x65, 0x5d, 0x65, 0x2e, 0x5e, 0x57, 0x5d, 0x57, 0x5d, 0x57, 0x57, 0x57, 0x57, 0x57, 0x57, 0x57, 0x57, 0x51, 0x57, 0x57, 0x51, 0x57, 0x51, 0x51, 0x51, 
  0x98, 0x98, 0xa3, 0x5e, 0xde, 0xbb, 0xb9, 0xb8, 0xb8, 0xb8, 0xb8, 0xb8, 0xb7, 0xb8, 0xb7, 0xb7, 0xb7, 0xb7, 0xb7, 0xb7, 0xb7, 0xb5, 0xb7, 0xb5, 0xb5, 0xb5, 0xb5, 0xb5, 0xb5, 0xb5, 0xb5, 0xb5, 0xb5, 0xb5, 0xb6, 0x4e, 0xd8, 0x91, 0x73, 0x73, 0x93, 0xa3, 0xa0, 0xa2, 0x9f, 0xa3, 0x8c, 0x77, 0x6f, 0x97, 0xa3, 0xa0, 0xa2, 0x9f, 0xa2, 0x8c, 0x6b, 0x6b, 0x8c, 0xd8, 0xa2, 0xd8, 0xa0, 0xd8, 0x91, 0x7b, 0x96, 0xd8, 0xa3, 0xec, 0xea, 0xeb, 0x9c, 0x90, 0x8e, 0x88, 0x8d, 0x8e, 0x8d, 0x8c, 0x91, 0x96, 0x8c, 0x8c, 0x8e, 0x91, 0x9f, 0x9e, 0x9f, 0x77, 0x6a, 0x9c, 0x9e, 0x9c, 0xa3, 0x48, 0x3d, 0xba, 0x13, 0x11, 0x11, 0x12, 0x10, 0x12, 0x26, 0x3c, 0x30, 0x29, 0x15, 0x15, 0x15, 0x15, 0x15, 0x15, 0x26, 0x3c, 0x39, 0x0f, 0x0e, 0x0e, 0x01, 0xfd, 0xfb, 0xfb, 0xfb, 0xfa, 0xfa, 0xfd, 0x1b, 0x09, 0x10, 0x10, 0x10, 0x08, 0x30, 0x39, 0x0f, 0x10, 0x10, 0x10, 0x11, 0x12, 0x24, 0x2d, 0x2f, 0x08, 0x07, 0x07, 0x07, 0x06, 0x17, 0x5c, 0x4d, 0x77, 0x9f, 0xd4, 0x50, 0x87, 0x99, 0x97, 0x9f, 0x93, 0x88, 0x9b, 0x7b, 0x79, 0x85, 0x78, 0x7c, 0x7c, 0x78, 0x74, 0x78, 0x74, 0x78, 0xe8, 0xf8, 0xf5, 0xfa, 0x97, 0x92, 0x98, 0x8c, 0x4d, 0x4d, 0x8d, 0x55, 0x50, 0x95, 0x97, 0x9b, 0x8d, 0x4b, 0x58, 0x9b, 0x90, 0x9a, 0x64, 0x4d, 0x95, 0x9b, 0x75, 0x4f, 0x9d, 0x7b, 0x73, 0x67, 0x67, 0x2b, 0x65, 0x67, 0x2e, 0x5d, 0x2e, 0x65, 0x2e, 0x65, 0x2e, 0x5d, 0x5d, 0x57, 0x5d, 0x57, 0x5d, 0x57, 0x5d, 0x57, 0x57, 0x57, 0x57, 0x57, 0x57, 0x57, 0x57, 0x57, 0x57, 0x57, 0x57, 0x51, 0x51, 
  0x98, 0x9a, 0xd7, 0xe1, 0xc2, 0xbb, 0xb9, 0xb8, 0xb8, 0xb8, 0xb8, 0xb8, 0xb8, 0xb7, 0xb7, 0xb7, 0xb7, 0xb7, 0xb7, 0xb7, 0xb7, 0xb5, 0xb7, 0xb5, 0xb5, 0xb5, 0xb5, 0xb5, 0xb5, 0xb5, 0xb5, 0xb5, 0xb5, 0xb5, 0xb9, 0x5e, 0xa3, 0x84, 0x73, 0x77, 0x9f, 0xa2, 0xa0, 0xa0, 0xa2, 0x9f, 0x7b, 0x6f, 0x7b, 0xa1, 0xa2, 0xa2, 0xa2, 0xa0, 0xa2, 0x70, 0x71, 0x71, 0x9e, 0xa2, 0xa3, 0xa3, 0xec, 0xa0, 0x84, 0x84, 0xa3, 0xa3, 0xa3, 0xeb, 0xff, 0xeb, 0x90, 0x92, 0x8e, 0x88, 0x8d, 0x8d, 0x8e, 0x8d, 0x93, 0x92, 0x8e, 0x8e, 0x8c, 0x97, 0x99, 0x9e, 0xa0, 0x80, 0x66, 0x95, 0xa0, 0x9f, 0x97, 0x43, 0x3f, 0x28, 0x13, 0x11, 0x11, 0x11, 0x15, 0x0f, 0x30, 0x39, 0x3e, 0x13, 0x11, 0x15, 0x15, 0x15, 0x15, 0x13, 0x30, 0x39, 0x3d, 0x0f, 0x0e, 0x12, 0x01, 0xfe, 0xfb, 0xfb, 0xfb, 0xfa, 0xf7, 0xfd, 0x1e, 0x0a, 0x0e, 0x10, 0x10, 0x0d, 0x26, 0x39, 0x26, 0x13, 0x10, 0x10, 0x10, 0x10, 0x0d, 0x22, 0x2d, 0x24, 0x06, 0x07, 0x07, 0x07, 0x06, 0x1c, 0x5c, 0x88, 0x9e, 0x66, 0x58, 0x8e, 0x9a, 0x99, 0x9c, 0x8d, 0x88, 0xa1, 0x7b, 0x79, 0x85, 0x7c, 0x78, 0x7c, 0x78, 0x74, 0x74, 0x78, 0x6f, 0xe8, 0xf5, 0xf8, 0xfa, 0x97, 0x90, 0x96, 0x5a, 0x4b, 0x62, 0xa1, 0x6f, 0x4d, 0x87, 0x98, 0x90, 0x98, 0x50, 0x4d, 0x95, 0x97, 0x9a, 0x82, 0x4b, 0x87, 0x96, 0x93, 0x4f, 0x87, 0x92, 0xd3, 0x6d, 0x2e, 0x6d, 0x67, 0x2e, 0x67, 0x65, 0x2e, 0x65, 0x2e, 0x65, 0x2e, 0x5d, 0x57, 0x5d, 0x57, 0x5d, 0x57, 0x5d, 0x57, 0x57, 0x57, 0x57, 0x57, 0x57, 0x57, 0x57, 0x57, 0x57, 0x57, 0x51, 0x57, 0x51, 0x51, 
  0x98, 0x9e, 0xd5, 0xca, 0xbe, 0xb9, 0xba, 0xb8, 0xb8, 0xb8, 0xb8, 0xb7, 0xb8, 0xb7, 0xb8, 0xb7, 0xb7, 0xb7, 0xb7, 0xb7, 0xb7, 0xb7, 0xb5, 0xb5, 0xb5, 0xb5, 0xb5, 0xb5, 0xb5, 0xb5, 0xb5, 0xb5, 0xb6, 0xb5, 0xbb, 0x7b, 0xa3, 0x77, 0x6e, 0x8c, 0xa3, 0x9f, 0xa0, 0xa0, 0xa3, 0x8e, 0x73, 0x6f, 0x8e, 0xa2, 0xa0, 0xa2, 0xa0, 0xa3, 0x90, 0x6b, 0x6b, 0x88, 0xa2, 0xa2, 0xa0, 0xa3, 0xa0, 0x97, 0x7e, 0x97, 0xd8, 0xec, 0xd8, 0xeb, 0xff, 0xec, 0x90, 0x92, 0x8e, 0x88, 0x8c, 0x8d, 0x8d, 0x88, 0x9b, 0x91, 0x8c, 0x91, 0x88, 0x97, 0x9f, 0x9e, 0x9e, 0x8e, 0x64, 0x88, 0xa1, 0xa0, 0x73, 0xba, 0x3f, 0x13, 0x15, 0x10, 0x15, 0x10, 0x13, 0x25, 0x3c, 0x30, 0x0f, 0x0e, 0x11, 0x10, 0x10, 0x10, 0x15, 0x0f, 0x39, 0x3a, 0x26, 0x13, 0x10, 0x13, 0x2e, 0xea, 0xfd, 0xfb, 0xfa, 0xfa, 0xf7, 0xfd, 0x01, 0x0d, 0x10, 0x0b, 0x10, 0x10, 0x27, 0x30, 0x39, 0x27, 0x12, 0x10, 0x10, 0x10, 0x10, 0x08, 0x2d, 0x37, 0x24, 0x07, 0x07, 0x07, 0x06, 0x29, 0x6d, 0x99, 0x91, 0x55, 0x60, 0x98, 0x97, 0x9a, 0x96, 0x80, 0x92, 0x9f, 0x80, 0x74, 0x85, 0x7c, 0x7c, 0x7c, 0x78, 0x74, 0x74, 0x79, 0x70, 0xd4, 0xf5, 0xf8, 0xf9, 0xe9, 0x9c, 0xd3, 0x4d, 0x50, 0x98, 0x99, 0x84, 0x4d, 0x6b, 0x98, 0x92, 0x98, 0x6b, 0x4b, 0x80, 0x96, 0x93, 0x93, 0x4d, 0x60, 0x98, 0x9d, 0x55, 0x64, 0x9d, 0x6d, 0x73, 0x67, 0x2b, 0x67, 0x67, 0x65, 0x2e, 0x65, 0x2e, 0x65, 0x2e, 0x5d, 0x2e, 0x5d, 0x57, 0x5d, 0x57, 0x5d, 0x57, 0x5d, 0x57, 0x57, 0x57, 0x57, 0x57, 0x57, 0x57, 0x57, 0x57, 0x57, 0x57, 0x51, 0x57, 0x51, 
  0x9a, 0xa2, 0x67, 0xde, 0xbe, 0xbb, 0xb9, 0xb8, 0xb8, 0xb8, 0xb8, 0xb8, 0xb8, 0xb7, 0xb7, 0xb7, 0xb7, 0xb7, 0xb7, 0xb7, 0xb7, 0xb5, 0xb7, 0xb5, 0xb5, 0xb5, 0xb5, 0xb5, 0xb5, 0xb5, 0xb6, 0xb7, 0xb5, 0xb7, 0xbe, 0xd5, 0x92, 0x70, 0x70, 0x9b, 0xa2, 0xa2, 0x9f, 0xa0, 0xa2, 0x84, 0x6f, 0x73, 0x9e, 0xa3, 0xa2, 0xa2, 0xa2, 0xa2, 0x84, 0x6f, 0x71, 0x99, 0xa3, 0xa0, 0xa2, 0xa0, 0xa0, 0x8c, 0x84, 0xa2, 0xd8, 0xd8, 0xa3, 0xff, 0xff, 0xd7, 0x8c, 0x93, 0x8e, 0x88, 0x8d, 0x8d, 0x8d, 0x8e, 0x9a, 0x8c, 0x8c, 0x8e, 0x8c, 0x9a, 0x9f, 0x99, 0x9f, 0x91, 0x6a, 0x80, 0xa1, 0xd8, 0xce, 0x3d, 0x28, 0x13, 0x10, 0x11, 0x10, 0x15, 0x0f, 0x30, 0x39, 0x26, 0x12, 0x0c, 0x10, 0x10, 0x10, 0x11, 0x0d, 0x24, 0x3a, 0x39, 0x27, 0x0d, 0x0e, 0x16, 0x7e, 0xe6, 0xfe, 0xfa, 0xfd, 0xfa, 0xfb, 0xfb, 0xf7, 0x13, 0x0e, 0x10, 0x10, 0x0c, 0x0d, 0x24, 0x39, 0x30, 0x08, 0x0e, 0x10, 0x10, 0x0b, 0x0e, 0x24, 0x2d, 0x2d, 0x08, 0x06, 0x07, 0x0b, 0x06, 0x1f, 0xd8, 0x77, 0x50, 0x77, 0x9e, 0x97, 0x99, 0x8e, 0x71, 0x98, 0xa1, 0xd4, 0x77, 0x85, 0x85, 0x7c, 0x7c, 0x75, 0x74, 0x74, 0x74, 0x70, 0x78, 0xf7, 0xf8, 0xf5, 0xeb, 0x88, 0x4f, 0x4d, 0x92, 0x9b, 0x97, 0x95, 0x4f, 0x50, 0x95, 0x93, 0x98, 0x87, 0x4b, 0x64, 0x98, 0x91, 0x99, 0x58, 0x4d, 0x98, 0x96, 0x85, 0x4d, 0x9d, 0x80, 0x6d, 0x6d, 0x67, 0x67, 0x2e, 0x67, 0x65, 0x2e, 0x65, 0x2e, 0x65, 0x2e, 0x5d, 0x5d, 0x57, 0x5d, 0x57, 0x5d, 0x57, 0x5d, 0x57, 0x57, 0x57, 0x57, 0x57, 0x57, 0x57, 0x57, 0x57, 0x57, 0x51, 0x57, 0x51, 0x51, 
  0x9a, 0xa3, 0xcf, 0xc4, 0xbb, 0xb9, 0xba, 0xb8, 0xb8, 0xb8, 0xb8, 0xb8, 0xb7, 0xb8, 0xb7, 0xb8, 0xb7, 0xb7, 0xb7, 0xb7, 0xb7, 0xb7, 0xb5, 0xb5, 0xb5, 0xb5, 0xb5, 0xb5, 0xb5, 0xb5, 0xb7, 0xb5, 0xb7, 0xb6, 0xc0, 0xd6, 0x88, 0x6f, 0x7c, 0xa3, 0xa2, 0xa2, 0xa0, 0xa2, 0xd7, 0x79, 0x77, 0x80, 0xa3, 0xa2, 0xa0, 0xa2, 0xa2, 0x9c, 0x71, 0x6b, 0x84, 0xa3, 0xa0, 0xa2, 0x9f, 0xd8, 0x9c, 0x7b, 0x91, 0xa3, 0xec, 0xd8, 0xec, 0xeb, 0xff, 0xd6, 0x90, 0x93, 0x8d, 0x88, 0x8c, 0x8d, 0x8d, 0x93, 0x96, 0x8c, 0x8e, 0x88, 0x91, 0x97, 0x9c, 0x9e, 0x9f, 0x97, 0x6b, 0x6f, 0xa0, 0xa3, 0xc7, 0x3f, 0x13, 0x12, 0x10, 0x12, 0x11, 0x12, 0x26, 0x39, 0x39, 0x27, 0x0b, 0x10, 0x0c, 0x10, 0x0b, 0x11, 0x08, 0x39, 0x3a, 0x39, 0x0f, 0x12, 0x0b, 0x19, 0xa0, 0x6d, 0xfc, 0xfc, 0xfc, 0xf7, 0xfa, 0xfb, 0xfd, 0x19, 0x0a, 0x10, 0x10, 0x10, 0x0e, 0x08, 0x39, 0x38, 0x24, 0x08, 0x0b, 0x0b, 0x0b, 0x07, 0x09, 0x2d, 0x2d, 0x22, 0x07, 0x07, 0x07, 0x06, 0x17, 0xa3, 0x68, 0x55, 0x8d, 0x9e, 0x9a, 0x9d, 0x78, 0x6c, 0x9d, 0xa3, 0x88, 0x74, 0x7c, 0x85, 0x7c, 0x7c, 0x78, 0x74, 0x74, 0x75, 0x70, 0x80, 0xf7, 0xf8, 0xf5, 0xea, 0x5c, 0x4b, 0x79, 0x9f, 0x93, 0x97, 0x9e, 0x58, 0x4d, 0x8f, 0x97, 0x91, 0x98, 0x4d, 0x4f, 0x98, 0x91, 0x97, 0x7a, 0x4b, 0x87, 0x96, 0x96, 0x4f, 0x71, 0x96, 0x67, 0x7e, 0x2b, 0x67, 0x67, 0x2e, 0x67, 0x2e, 0x65, 0x2e, 0x65, 0x2e, 0x65, 0x57, 0x5d, 0x57, 0x5d, 0x57, 0x5d, 0x57, 0x57, 0x57, 0x57, 0x57, 0x57, 0x57, 0x57, 0x57, 0x57, 0x57, 0x57, 0x51, 0x1f, 0x51, 
  0x9e, 0x97, 0xcc, 0xc1, 0xbb, 0xba, 0xbb, 0xb8, 0xb8, 0xb8, 0xb8, 0xb8, 0xb8, 0xb8, 0xb7, 0xb8, 0xb7, 0xb7, 0xb7, 0xb7, 0xb7, 0xb5, 0xb7, 0xb7, 0xb7, 0xb5, 0xb5, 0xb5, 0xb7, 0xb5, 0xb5, 0xb7, 0xb7, 0xb7, 0xc7, 0xe9, 0x70, 0x6e, 0x92, 0xd8, 0xa3, 0xec, 0xa3, 0xec, 0x97, 0x7b, 0x78, 0x96, 0xa3, 0xa2, 0xa3, 0xa0, 0xa3, 0x8c, 0x6f, 0x71, 0x97, 0xa3, 0xa0, 0xa0, 0xa0, 0xa2, 0x91, 0x77, 0x9a, 0xa3, 0xa3, 0xd8, 0xeb, 0xff, 0xeb, 0xd6, 0x91, 0x92, 0x90, 0x8e, 0x8e, 0x8e, 0x8d, 0x96, 0x97, 0x88, 0x8c, 0x8c, 0x96, 0x92, 0xd7, 0x9f, 0x9e, 0x9f, 0x77, 0x6a, 0x9f, 0x7b, 0x3d, 0x28, 0x13, 0x12, 0x10, 0x10, 0x12, 0x0d, 0x39, 0x39, 0x30, 0x0d, 0x10, 0x0c, 0x10, 0x10, 0x10, 0x0e, 0x25, 0x39, 0x39, 0x30, 0x0f, 0x0e, 0x0a, 0x1b, 0xd8, 0x7e, 0xe6, 0xff, 0xfa, 0xfb, 0xfb, 0xfb, 0xfe, 0x1d, 0x09, 0x10, 0x10, 0x0b, 0x0b, 0x0e, 0x22, 0x39, 0x37, 0x25, 0x09, 0x0b, 0x07, 0x0c, 0x07, 0x23, 0x2d, 0x2d, 0x23, 0x0b, 0x07, 0x07, 0x09, 0x00, 0x5c, 0x58, 0x9b, 0x98, 0x9c, 0x9a, 0x66, 0x6c, 0xa1, 0xa3, 0x92, 0x74, 0x80, 0x85, 0x78, 0x7c, 0x78, 0x78, 0x74, 0x74, 0x78, 0x74, 0xe8, 0xf8, 0xf5, 0xe8, 0x4a, 0x66, 0x9a, 0x96, 0x92, 0x97, 0x99, 0x77, 0x4b, 0x82, 0x97, 0x95, 0x99, 0x60, 0x4b, 0x87, 0x97, 0x97, 0x93, 0x4d, 0x5a, 0x95, 0x9a, 0x60, 0x50, 0x9d, 0x70, 0x7b, 0x73, 0x5e, 0x2b, 0x67, 0x2b, 0x67, 0x2b, 0x67, 0x2b, 0x5d, 0x2e, 0x5d, 0x57, 0x5d, 0x57, 0x5d, 0x57, 0x5d, 0x57, 0x57, 0x57, 0x57, 0x57, 0x57, 0x57, 0x57, 0x57, 0x57, 0x57, 0x57, 0x51, 0x57, 
  0xa3, 0x00, 0xc8, 0xbe, 0xba, 0xba, 0xb9, 0xba, 0xb8, 0xb8, 0xb8, 0xb8, 0xb7, 0xb8, 0xb8, 0xb7, 0xb8, 0xb7, 0xb7, 0xb7, 0xb7, 0xb7, 0xb7, 0xb7, 0xb7, 0xb5, 0xb7, 0xb5, 0xb5, 0xb7, 0xb5, 0xb7, 0xb7, 0xb6, 0xcb, 0x92, 0x00, 0xd4, 0xea, 0xeb, 0xff, 0xff, 0xff, 0xea, 0xea, 0xfc, 0xea, 0xea, 0xea, 0xeb, 0xec, 0xec, 0x9f, 0x80, 0x71, 0x77, 0xa2, 0xa2, 0xa0, 0xa2, 0xa2, 0x9c, 0x84, 0x85, 0xa2, 0xa3, 0xa3, 0xd8, 0xec, 0xff, 0xeb, 0x92, 0x91, 0x92, 0x92, 0x8e, 0x8e, 0x8e, 0x8c, 0x9a, 0x92, 0x8c, 0x91, 0x8e, 0x92, 0x88, 0x9c, 0x9f, 0x9d, 0xa0, 0x80, 0x66, 0x90, 0x8c, 0x3e, 0x26, 0x12, 0x0e, 0x10, 0x10, 0x12, 0x24, 0x39, 0x39, 0x27, 0x0e, 0x10, 0x0b, 0x10, 0x0c, 0x10, 0x09, 0x22, 0x3a, 0x3a, 0x26, 0x0d, 0x0e, 0x0b, 0x1e, 0xd8, 0x97, 0x6d, 0xea, 0xfa, 0xf7, 0xfb, 0xfb, 0xfd, 0xe7, 0x0d, 0x10, 0x10, 0x0b, 0x10, 0x0b, 0x25, 0x2f, 0x38, 0x2d, 0x08, 0x07, 0x07, 0x07, 0x07, 0x06, 0x2d, 0xaa, 0x22, 0x07, 0x0b, 0x07, 0x06, 0x19, 0x5c, 0x74, 0x99, 0x99, 0x9a, 0x96, 0x55, 0x75, 0xa2, 0xa3, 0x92, 0x75, 0x7c, 0x85, 0x7c, 0x7c, 0x78, 0x78, 0x74, 0x75, 0x73, 0x75, 0xd5, 0xf5, 0xf9, 0xe4, 0x4f, 0x95, 0x9b, 0x97, 0x97, 0x96, 0x97, 0x87, 0x4d, 0x60, 0x9d, 0x91, 0x97, 0x82, 0x4b, 0x6a, 0x9a, 0x92, 0x9d, 0x5a, 0x4d, 0x98, 0x97, 0x88, 0x4d, 0x8e, 0x92, 0x65, 0xd5, 0x67, 0x67, 0x2b, 0x67, 0x2e, 0x67, 0x2e, 0x67, 0x2e, 0x5d, 0x5d, 0x5d, 0x57, 0x5d, 0x57, 0x2e, 0x57, 0x57, 0x57, 0x57, 0x57, 0x57, 0x57, 0x57, 0x57, 0x57, 0x57, 0x57, 0x56, 0x1f, 0x51, 
  0xa2, 0xd0, 0xde, 0xbc, 0xb9, 0xba, 0xba, 0xb8, 0xb8, 0xb8, 0xb8, 0xb8, 0xb8, 0xb8, 0xb7, 0xb8, 0xb7, 0xb7, 0xb7, 0xb7, 0xb7, 0xb7, 0xb7, 0xb7, 0xb7, 0xb7, 0xb5, 0xb7, 0xb7, 0xb5, 0xb7, 0xb7, 0xb7, 0xb7, 0xe1, 0xff, 0xe9, 0xea, 0xfe, 0xfe, 0xfe, 0xfe, 0xfd, 0xfe, 0xfd, 0xfd, 0xfd, 0xfd, 0xfc, 0xfc, 0xff, 0xeb, 0x90, 0x73, 0x71, 0x91, 0xa0, 0xa0, 0xa2, 0xa0, 0xa2, 0x91, 0x80, 0x90, 0xd8, 0xa3, 0xa3, 0xec, 0xeb, 0xff, 0xeb, 0x90, 0x91, 0x91, 0x92, 0x8e, 0x8e, 0x8e, 0x93, 0x97, 0x8c, 0x8d, 0x8e, 0x8c, 0x96, 0x7b, 0x9e, 0x9f, 0x9e, 0xa2, 0x8e, 0x58, 0x84, 0xa3, 0xd6, 0x1a, 0x0d, 0x09, 0x11, 0x12, 0x08, 0x39, 0x39, 0x30, 0x0d, 0x0a, 0x0c, 0x0e, 0x0b, 0x0b, 0x0e, 0x25, 0x39, 0x3a, 0x2f, 0x27, 0x0e, 0x10, 0x0a, 0x7e, 0xec, 0x9f, 0x8c, 0xe9, 0xfa, 0xfb, 0xfb, 0xfb, 0xfb, 0xff, 0x17, 0x0b, 0x0e, 0x0c, 0x0b, 0x0b, 0x09, 0x22, 0x38, 0x37, 0x23, 0x09, 0x07, 0x07, 0x07, 0x07, 0x23, 0x2d, 0x2c, 0x25, 0x07, 0x07, 0x07, 0x0d, 0x51, 0x8c, 0x99, 0x97, 0x99, 0x84, 0x50, 0x85, 0xa3, 0xa2, 0x9b, 0x78, 0x79, 0x88, 0x7c, 0x7c, 0x7c, 0x78, 0x78, 0x74, 0x74, 0x75, 0xd4, 0xf9, 0xf7, 0xe4, 0x80, 0x9c, 0x97, 0x97, 0x85, 0x9a, 0x91, 0x98, 0x50, 0x50, 0x95, 0x96, 0x97, 0x93, 0x4d, 0x50, 0x95, 0x90, 0x9b, 0x7c, 0x4d, 0x87, 0x9b, 0x95, 0x55, 0x6a, 0x9e, 0x68, 0x84, 0x6d, 0x67, 0x2e, 0x6d, 0x2b, 0x67, 0x2b, 0x67, 0x2e, 0x5e, 0x2e, 0x5e, 0x57, 0x5d, 0x57, 0x5d, 0x57, 0x57, 0x57, 0x57, 0x57, 0x57, 0x57, 0x57, 0x57, 0x57, 0x57, 0x57, 0x57, 0x51, 0x57, 
  0xd7, 0xe1, 0xc1, 0xbc, 0xba, 0xba, 0xba, 0xba, 0xb8, 0xb8, 0xb8, 0xb8, 0xb8, 0xb8, 0xb8, 0xb8, 0xb7, 0xb8, 0xb7, 0xb7, 0xb7, 0xb7, 0xb7, 0xb7, 0xb7, 0xb7, 0xb7, 0xb7, 0xb7, 0xb5, 0xb7, 0xb7, 0xb7, 0xb9, 0xcf, 0xff, 0xfc, 0xfe, 0xfd, 0xfd, 0xfd, 0xfd, 0xfd, 0xfd, 0xfd, 0xfd, 0xfd, 0xfd, 0xfd, 0xfd, 0xfd, 0xfe, 0xea, 0x7e, 0x70, 0x9f, 0xa0, 0xa0, 0xa0, 0xa2, 0xd7, 0x84, 0x80, 0x9e, 0xd8, 0xa3, 0xa2, 0xd7, 0xec, 0xff, 0xd6, 0x92, 0x91, 0x8c, 0x92, 0x8e, 0x8e, 0x8c, 0x96, 0x9b, 0x8c, 0x8f, 0x8e, 0x8e, 0x93, 0x73, 0x9d, 0x9f, 0x9e, 0xa0, 0x96, 0x60, 0x79, 0xd7, 0xa1, 0xd8, 0x1f, 0x29, 0x08, 0x0d, 0x26, 0x3a, 0x39, 0x26, 0x0d, 0x0c, 0x0e, 0x0b, 0x10, 0x0b, 0x0d, 0x22, 0x3a, 0x39, 0x30, 0x0d, 0x10, 0x0c, 0x13, 0xe9, 0xa0, 0x99, 0xa0, 0xfc, 0xfa, 0xfb, 0xfb, 0xfb, 0xfa, 0xec, 0x1d, 0x09, 0x10, 0x10, 0x0b, 0x0b, 0x0b, 0x25, 0x2d, 0x37, 0x2d, 0x08, 0x06, 0x07, 0x07, 0x07, 0x06, 0x2d, 0x2d, 0x2d, 0x08, 0x07, 0x0b, 0x06, 0x1b, 0xa0, 0x97, 0x97, 0x9c, 0x71, 0x58, 0x8e, 0xa2, 0xa3, 0x9b, 0x79, 0x7c, 0x85, 0x85, 0x78, 0x7c, 0x78, 0x78, 0x74, 0x78, 0x74, 0x80, 0xfa, 0xf7, 0xd3, 0x9b, 0x96, 0x9b, 0x8c, 0x69, 0x98, 0x97, 0x9b, 0x6b, 0x4d, 0x8d, 0x97, 0x97, 0x9a, 0x60, 0x4b, 0x87, 0x97, 0x92, 0x96, 0x4d, 0x60, 0x9b, 0x9b, 0x71, 0x4f, 0x95, 0x88, 0x61, 0x90, 0x65, 0x67, 0x67, 0x2e, 0x67, 0x2e, 0x67, 0x2e, 0x2e, 0x5d, 0x5d, 0x5d, 0x57, 0x5d, 0x57, 0x5d, 0x57, 0x57, 0x57, 0x57, 0x57, 0x57, 0x57, 0x57, 0x57, 0x57, 0x57, 0x57, 0x57, 0x51, 
  0x7e, 0xdf, 0xc1, 0xbb, 0xba, 0xba, 0xba, 0xb8, 0xb8, 0xb8, 0xb8, 0xb8, 0xb8, 0xb8, 0xb8, 0xb8, 0xb8, 0xb7, 0xb8, 0xb7, 0xb8, 0xb7, 0xb7, 0xb7, 0xb7, 0xb7, 0xb7, 0xb7, 0xb7, 0xb7, 0xb7, 0xb7, 0xb8, 0xb9, 0xe4, 0xfe, 0xfa, 0xfd, 0xfd, 0xfd, 0xfd, 0xfd, 0xfd, 0xfd, 0xfd, 0xfd, 0xfd, 0xfd, 0xfd, 0xfd, 0xfd, 0xfd, 0xfe, 0xe9, 0xe9, 0xa1, 0xa0, 0xa0, 0xa0, 0xa2, 0x8c, 0x74, 0x84, 0xa3, 0xa3, 0xa0, 0x9c, 0x9c, 0xeb, 0xeb, 0xd6, 0x8e, 0x8e, 0x91, 0x91, 0x8e, 0x8e, 0x8e, 0x97, 0x96, 0x8c, 0x8f, 0x8c, 0x8e, 0x93, 0x73, 0x98, 0xa2, 0x9e, 0xa0, 0x97, 0x6b, 0x71, 0x99, 0xd7, 0x9b, 0xd8, 0xd6, 0x1d, 0x28, 0x2c, 0x3a, 0x30, 0x0f, 0x0b, 0x0e, 0x0b, 0x0e, 0x0b, 0x10, 0x08, 0x39, 0x3a, 0x37, 0x27, 0x0d, 0x10, 0x0b, 0x19, 0xa3, 0x99, 0xa0, 0xff, 0xfa, 0xfb, 0xfb, 0xfb, 0xfb, 0xfe, 0xe8, 0x00, 0x12, 0x0b, 0x0b, 0x0b, 0x0b, 0x0b, 0x09, 0x22, 0x37, 0x37, 0x23, 0x06, 0x07, 0x07, 0x07, 0x07, 0x23, 0x2d, 0x2c, 0x23, 0x07, 0x07, 0x07, 0x0d, 0xe9, 0x9c, 0x9c, 0x97, 0x58, 0x60, 0x9d, 0x9f, 0xa3, 0xa1, 0x7c, 0x80, 0x80, 0x85, 0x7c, 0x7c, 0x78, 0x75, 0x74, 0x79, 0x75, 0x78, 0xea, 0xe7, 0xe9, 0x96, 0x9b, 0x9d, 0x7c, 0x55, 0x95, 0x97, 0x97, 0x82, 0x4b, 0x79, 0x9d, 0x96, 0x99, 0x79, 0x4b, 0x6b, 0x9b, 0x90, 0x9e, 0x58, 0x4d, 0x98, 0x96, 0x93, 0x4d, 0x79, 0x9d, 0x69, 0xd4, 0x7e, 0x2e, 0x65, 0x2b, 0x65, 0x2b, 0x67, 0x2e, 0x5e, 0x2e, 0x5d, 0x57, 0x5d, 0x57, 0x5d, 0x57, 0x57, 0x57, 0x57, 0x57, 0x57, 0x57, 0x57, 0x57, 0x57, 0x57, 0x57, 0x57, 0x51, 0x57, 
  0x5e, 0xde, 0xbe, 0xbc, 0xba, 0xba, 0xba, 0xba, 0xba, 0xba, 0xb8, 0xb8, 0xb8, 0xb8, 0xb8, 0xb8, 0xb8, 0xb8, 0xb8, 0xb8, 0xb7, 0xb8, 0xb7, 0xb7, 0xb7, 0xb7, 0xb7, 0xb7, 0xb7, 0xb7, 0xb7, 0xb8, 0xb7, 0xbc, 0xd2, 0xfe, 0xfd, 0xfd, 0xfd, 0xfd, 0xfd, 0xfb, 0xfb, 0xfd, 0xfb, 0xfb, 0xfb, 0xfb, 0xfb, 0xfb, 0xfd, 0xfd, 0xfe, 0xea, 0xeb, 0xa3, 0xa2, 0xa0, 0xa2, 0x9b, 0x84, 0x77, 0x96, 0xd8, 0xa3, 0xa2, 0x97, 0xd7, 0xeb, 0xeb, 0x92, 0x91, 0x91, 0x90, 0x92, 0x91, 0x8f, 0x92, 0x9e, 0x90, 0x8d, 0x8d, 0x8e, 0x92, 0x93, 0x6f, 0x96, 0xa0, 0x9e, 0x9f, 0x9f, 0x71, 0x6a, 0x91, 0xa0, 0x9f, 0x99, 0xa0, 0x7e, 0x2e, 0x49, 0xb4, 0x30, 0x08, 0x0e, 0x0e, 0x0e, 0x0b, 0x10, 0x0d, 0x24, 0x39, 0x39, 0x39, 0x0f, 0x0e, 0x0e, 0x0c, 0x1d, 0xd8, 0x99, 0xd8, 0xfc, 0xfb, 0xfb, 0xfd, 0xfb, 0xfd, 0xfc, 0x6d, 0xd8, 0x17, 0x0b, 0x10, 0x0b, 0x0b, 0x0a, 0x0a, 0x23, 0x37, 0x37, 0x2d, 0x08, 0x07, 0x07, 0x06, 0x07, 0x06, 0x22, 0xaa, 0x2d, 0x23, 0x07, 0x0a, 0x05, 0x1d, 0xa2, 0x99, 0x93, 0x58, 0x71, 0x9a, 0x9f, 0xd8, 0xa1, 0x88, 0x79, 0x7c, 0x8c, 0x7c, 0x7c, 0x78, 0x78, 0x75, 0x75, 0x78, 0x70, 0xe9, 0xe9, 0x9b, 0x96, 0x9d, 0x85, 0x6e, 0x4f, 0x94, 0x96, 0x99, 0x8f, 0x50, 0x50, 0x98, 0x98, 0x96, 0x94, 0x4d, 0x50, 0x97, 0x91, 0x98, 0x87, 0x4b, 0x82, 0x96, 0x9b, 0x58, 0x55, 0x98, 0x8c, 0x62, 0x97, 0x2e, 0x2b, 0x67, 0x67, 0x2b, 0x67, 0x2e, 0x2e, 0x5e, 0x2e, 0x2e, 0x2e, 0x5d, 0x57, 0x57, 0x57, 0x57, 0x57, 0x57, 0x57, 0x57, 0x57, 0x57, 0x57, 0x57, 0x57, 0x57, 0x57, 0x57, 
  0xce, 0xc4, 0xbe, 0xbb, 0xba, 0xba, 0xba, 0xba, 0xba, 0xb8, 0xba, 0xb8, 0xb8, 0xb8, 0xb8, 0xb8, 0xb8, 0xb8, 0xb8, 0xb8, 0xb8, 0xb8, 0xb7, 0xb8, 0xb7, 0xb7, 0xb7, 0xb7, 0xb7, 0xb7, 0xb8, 0xb7, 0xb8, 0xbf, 0xe5, 0xfd, 0xfa, 0xfb, 0xfd, 0xfb, 0xfb, 0xfb, 0xfb, 0xf9, 0xfb, 0xfb, 0xfb, 0xfb, 0xfb, 0xfb, 0xfb, 0xfb, 0xfd, 0xfe, 0xff, 0xec, 0xa0, 0xa0, 0xa2, 0x90, 0x7b, 0x84, 0xa2, 0xd8, 0xa3, 0x9f, 0xd7, 0xec, 0xd7, 0xeb, 0x92, 0x93, 0x8e, 0x91, 0x91, 0x8e, 0x8e, 0x93, 0x9c, 0x8c, 0x91, 0x8f, 0x8e, 0x96, 0x8c, 0x6f, 0x93, 0xa2, 0x9e, 0x9f, 0xa2, 0x85, 0x6b, 0x8c, 0xa0, 0x9e, 0x9f, 0xa0, 0x7e, 0x61, 0x8c, 0x91, 0x51, 0x29, 0x08, 0x09, 0x0b, 0x0e, 0x0e, 0x08, 0x39, 0x39, 0x36, 0x26, 0x12, 0x0a, 0x0e, 0x0a, 0x2b, 0xa3, 0xa0, 0xec, 0xfc, 0xfb, 0xfb, 0xfb, 0xfb, 0xfd, 0x7e, 0x7e, 0xd8, 0x1e, 0x09, 0x10, 0x0b, 0x0b, 0x0b, 0x07, 0x08, 0x2d, 0x37, 0x37, 0x23, 0x06, 0x07, 0x07, 0x07, 0x06, 0x23, 0x2d, 0x2d, 0x22, 0x06, 0x05, 0x0f, 0x00, 0x9c, 0x9e, 0x84, 0x58, 0x82, 0x97, 0x9f, 0xd8, 0xa1, 0x8c, 0x79, 0x80, 0x88, 0xd4, 0x7c, 0x78, 0x79, 0x74, 0x78, 0x75, 0x74, 0xd5, 0x9f, 0x97, 0x9c, 0x93, 0x58, 0x85, 0x4f, 0x82, 0x97, 0x96, 0x9a, 0x58, 0x4d, 0x91, 0x91, 0x97, 0x9b, 0x58, 0x4b, 0x8f, 0x96, 0x97, 0x98, 0x4f, 0x60, 0x98, 0x93, 0x87, 0x4d, 0x8d, 0x9e, 0x66, 0x84, 0x8c, 0x2e, 0x2b, 0x67, 0x2b, 0x67, 0x2e, 0x5e, 0x2e, 0x2e, 0x5e, 0x2e, 0x5e, 0x57, 0x57, 0x57, 0x57, 0x57, 0x57, 0x57, 0x57, 0x57, 0x57, 0x57, 0x57, 0x57, 0x57, 0x51, 0x57, 
  0xcb, 0xc1, 0xbc, 0xbc, 0xbc, 0xbc, 0xba, 0xba, 0xba, 0xba, 0xba, 0xba, 0xba, 0xba, 0xb8, 0xb8, 0xb8, 0xb8, 0xb8, 0xb8, 0xb8, 0xb8, 0xb8, 0xb8, 0xb7, 0xb8, 0xb7, 0xb8, 0xb8, 0xb7, 0xb8, 0xb8, 0xb8, 0xc1, 0xe7, 0xfa, 0xfa, 0xf9, 0xfb, 0xfb, 0xfb, 0xfb, 0xfb, 0xfb, 0xfb, 0xfb, 0xfb, 0xfb, 0xf9, 0xf9, 0xfb, 0xfb, 0xfd, 0xfe, 0xfc, 0xeb, 0xa3, 0xa2, 0x9f, 0x84, 0x80, 0x93, 0xa3, 0xa3, 0xa3, 0x9b, 0xa2, 0xeb, 0xeb, 0xd6, 0x92, 0x91, 0x8c, 0x8e, 0x91, 0x8f, 0x8e, 0x97, 0x97, 0x8e, 0x8e, 0x8d, 0x88, 0x9b, 0x8e, 0x6e, 0x8d, 0xa2, 0x9f, 0x9f, 0xa3, 0x8e, 0x6a, 0x80, 0x9f, 0xa0, 0x9e, 0xa0, 0x96, 0x66, 0x68, 0x99, 0xd8, 0xec, 0x1f, 0x16, 0x08, 0x0a, 0x0e, 0x26, 0x39, 0x3a, 0x39, 0x0d, 0x0d, 0x0c, 0x0e, 0x12, 0xe9, 0xa0, 0xa0, 0xff, 0xfa, 0xfb, 0xfb, 0xfb, 0xfd, 0xfe, 0x67, 0x99, 0xd8, 0xe9, 0x0f, 0x0b, 0x0e, 0x0b, 0x0b, 0x0b, 0x0a, 0x23, 0x37, 0x37, 0x2d, 0x08, 0x06, 0x07, 0x07, 0x07, 0x06, 0x22, 0xa8, 0x2c, 0x25, 0x1d, 0xe9, 0xec, 0x97, 0x99, 0x6f, 0x58, 0x91, 0x99, 0x9f, 0xa3, 0x9b, 0x93, 0x79, 0x7c, 0x85, 0x84, 0x78, 0x7c, 0x79, 0x75, 0x74, 0x75, 0x70, 0x84, 0x9a, 0x97, 0x9b, 0x60, 0x66, 0x9d, 0x50, 0x6a, 0x9d, 0x96, 0x9a, 0x71, 0x4d, 0x79, 0x9a, 0x96, 0x9e, 0x71, 0x4c, 0x6b, 0x9a, 0x91, 0x9a, 0x6a, 0x4d, 0x8f, 0x93, 0x98, 0x50, 0x6e, 0x9e, 0x93, 0x52, 0x9b, 0x00, 0x2e, 0x67, 0x2b, 0x67, 0x2e, 0x2e, 0x5e, 0x2e, 0x2e, 0x57, 0x2e, 0x57, 0x57, 0x57, 0x57, 0x57, 0x57, 0x57, 0x57, 0x57, 0x57, 0x57, 0x57, 0x57, 0x57, 0x57, 0x57, 
  0xdf, 0xbf, 0xbe, 0xbc, 0xbc, 0xba, 0xbc, 0xba, 0xba, 0xba, 0xba, 0xba, 0xba, 0xba, 0xba, 0xb8, 0xba, 0xb8, 0xb8, 0xb8, 0xb8, 0xb8, 0xb8, 0xb7, 0xb8, 0xb8, 0xb8, 0xb8, 0xb7, 0xb8, 0xb8, 0xb8, 0xb9, 0xc6, 0xe7, 0xfd, 0xfa, 0xfa, 0xf7, 0xf2, 0xe4, 0xe3, 0xe1, 0xe2, 0xe0, 0xe2, 0xe2, 0xf2, 0xfa, 0xfb, 0xf9, 0xfa, 0xfb, 0xfc, 0xfe, 0xff, 0xec, 0xa3, 0xd6, 0x84, 0x84, 0xa0, 0xd8, 0xa3, 0xa1, 0x9e, 0xa3, 0xeb, 0xeb, 0xd6, 0x92, 0x8e, 0x8e, 0x8e, 0x8e, 0x8e, 0x8f, 0xd7, 0x91, 0x8e, 0x8e, 0x8f, 0x8e, 0x9b, 0x92, 0x6c, 0x84, 0xa1, 0xa0, 0x9f, 0xa2, 0x96, 0x6f, 0x6e, 0x9e, 0x9e, 0xa0, 0xa0, 0x9f, 0x74, 0x5c, 0x8d, 0x9f, 0xa0, 0xd8, 0xeb, 0x1d, 0x0f, 0x08, 0x30, 0x3a, 0x39, 0x30, 0x0d, 0x0e, 0x0e, 0x0a, 0x19, 0x7e, 0xa0, 0xec, 0xfc, 0xfa, 0xfb, 0xfd, 0xfd, 0xfd, 0xe8, 0x7b, 0xa3, 0xa0, 0xd8, 0x19, 0x0a, 0x0b, 0x10, 0x0b, 0x0a, 0x0b, 0x08, 0x2d, 0x38, 0x37, 0x23, 0x07, 0x07, 0x06, 0x06, 0x05, 0x21, 0x30, 0x48, 0x52, 0xe9, 0xa0, 0x9e, 0x9a, 0x99, 0x6a, 0x64, 0x9a, 0x99, 0x9e, 0xa1, 0x96, 0x96, 0x7c, 0x80, 0x85, 0xd4, 0x78, 0x78, 0x78, 0x75, 0x74, 0x75, 0x74, 0x78, 0x99, 0x9a, 0x77, 0x50, 0x8e, 0xa1, 0x5a, 0x58, 0x95, 0x96, 0x97, 0x8d, 0x4d, 0x64, 0x9a, 0x97, 0x97, 0x95, 0x4d, 0x50, 0x98, 0x96, 0x97, 0x8e, 0x4d, 0x6b, 0x98, 0x98, 0x74, 0x4f, 0x95, 0x9e, 0x66, 0x6e, 0x9e, 0x67, 0x2e, 0x67, 0x2b, 0x5e, 0x2e, 0x2e, 0x2e, 0x5e, 0x2e, 0x5e, 0x57, 0x57, 0x57, 0x57, 0x57, 0x57, 0x57, 0x57, 0x57, 0x57, 0x57, 0x57, 0x57, 0x57, 0x57, 0x57, 
  0xde, 0xbe, 0xbc, 0xbc, 0xbc, 0xbc, 0xba, 0xba, 0xba, 0xba, 0xba, 0xba, 0xba, 0xba, 0xba, 0xba, 0xba, 0xba, 0xba, 0xb8, 0xb8, 0xb8, 0xb8, 0xb8, 0xb8, 0xb7, 0xb8, 0xb8, 0xb8, 0xb8, 0xb8, 0xb8, 0xba, 0xde, 0xe5, 0xe1, 0xdf, 0xde, 0xbb, 0xbb, 0xb7, 0xb6, 0xb6, 0xb6, 0xb6, 0xb6, 0xb9, 0xb6, 0xed, 0xe4, 0xfa, 0xfb, 0xfa, 0xfd, 0xfe, 0xfe, 0xeb, 0x9f, 0x85, 0x84, 0x96, 0xa3, 0xa2, 0xa3, 0xa1, 0x9b, 0xa3, 0xff, 0xeb, 0x92, 0x96, 0x8e, 0x8e, 0x91, 0x8f, 0x91, 0x93, 0xd7, 0x8e, 0x8e, 0x8d, 0x8d, 0x88, 0x9f, 0x93, 0x6b, 0x80, 0xa0, 0xa2, 0xa2, 0x9f, 0x9f, 0x71, 0x66, 0x96, 0x9f, 0xa0, 0x9f, 0xa3, 0x8c, 0x66, 0x79, 0x9f, 0xa0, 0xd7, 0xa0, 0xd8, 0x2e, 0x17, 0x37, 0x3a, 0x39, 0x27, 0x0e, 0x0e, 0x0e, 0x0a, 0x1d, 0x00, 0x90, 0xeb, 0xfa, 0xfb, 0xfd, 0xfb, 0xfd, 0xff, 0xe6, 0x97, 0xa0, 0x9e, 0xd8, 0x1e, 0x09, 0x10, 0x0b, 0x0b, 0x0b, 0x0b, 0x09, 0x22, 0x37, 0x37, 0x25, 0x06, 0x05, 0x09, 0x0d, 0x19, 0x51, 0x90, 0x6a, 0x33, 0x91, 0x9e, 0x99, 0x99, 0x8e, 0x58, 0x74, 0x9a, 0x99, 0xd7, 0x9c, 0x92, 0x9b, 0x85, 0x80, 0x7c, 0x88, 0x78, 0x80, 0x78, 0x79, 0x74, 0x79, 0x6f, 0x73, 0x9b, 0x96, 0x50, 0x75, 0x9e, 0x9f, 0x71, 0x50, 0x8d, 0x97, 0x93, 0x98, 0x55, 0x50, 0x95, 0x97, 0x91, 0x9a, 0x60, 0x4d, 0x8d, 0x98, 0x97, 0x98, 0x58, 0x50, 0x95, 0x96, 0x98, 0x4d, 0x71, 0x9c, 0x90, 0x4f, 0x93, 0xe9, 0x5e, 0x2b, 0x67, 0x2e, 0x5e, 0x2e, 0x5d, 0x2b, 0x57, 0x2e, 0x57, 0x2e, 0x57, 0x2e, 0x57, 0x57, 0x2e, 0x57, 0x57, 0x57, 0x57, 0x57, 0x57, 0x57, 0x57, 0x57, 
  0xc6, 0xbe, 0xbe, 0xbc, 0xbc, 0xbc, 0xbc, 0xba, 0xbc, 0xba, 0xba, 0xba, 0xba, 0xba, 0xba, 0xba, 0xba, 0xba, 0xb8, 0xba, 0xb8, 0xb8, 0xb8, 0xb8, 0xb8, 0xb8, 0xb8, 0xb8, 0xb8, 0xb8, 0xb8, 0xb8, 0xb9, 0xca, 0xcb, 0xb6, 0xb9, 0xb6, 0xb9, 0xb9, 0xb8, 0xb9, 0xb9, 0xb9, 0xbb, 0xb9, 0xb9, 0xb9, 0xdb, 0xdb, 0xe2, 0xfc, 0xfa, 0xfc, 0xfd, 0xfe, 0xff, 0xd6, 0x84, 0x88, 0xa2, 0xa3, 0xa2, 0xa3, 0x9c, 0xa1, 0xeb, 0xeb, 0xd7, 0x90, 0x96, 0x8e, 0x91, 0x8e, 0x91, 0x8e, 0x97, 0xd7, 0x8c, 0x8e, 0x8d, 0x8e, 0x8e, 0xa2, 0x96, 0x71, 0x75, 0x9f, 0xa2, 0xa2, 0xa2, 0xa2, 0x79, 0x66, 0x84, 0xa2, 0x9f, 0xa2, 0xa0, 0x9c, 0x6e, 0x6b, 0x97, 0x9f, 0x99, 0x9f, 0x9f, 0x00, 0x73, 0xc8, 0x3a, 0x2f, 0x0f, 0x0e, 0x0e, 0x10, 0x0d, 0x1f, 0x70, 0x84, 0xff, 0xfb, 0xfb, 0xfd, 0xfb, 0xfd, 0xea, 0xd3, 0xa3, 0x9e, 0xa0, 0xa2, 0xe9, 0x0d, 0x0e, 0x0b, 0x0a, 0x0b, 0x0a, 0x0a, 0x25, 0x39, 0x36, 0x2d, 0x29, 0x1b, 0x1e, 0x2b, 0xe9, 0xd8, 0xd4, 0x50, 0x68, 0x99, 0x99, 0x9a, 0xa0, 0x87, 0x60, 0x80, 0x9f, 0x9a, 0x9e, 0x96, 0x96, 0x9d, 0x85, 0x7c, 0x79, 0x85, 0x85, 0x7c, 0x80, 0x7c, 0x79, 0x79, 0x74, 0x6f, 0x97, 0x6c, 0x55, 0x9d, 0x9f, 0x9e, 0x87, 0x4d, 0x82, 0x9c, 0x98, 0x9a, 0x74, 0x4d, 0x80, 0x98, 0x90, 0x9a, 0x77, 0x4d, 0x71, 0x9a, 0x96, 0x9d, 0x71, 0x4d, 0x8d, 0x95, 0x9a, 0x6a, 0x50, 0x97, 0x9a, 0x6f, 0x52, 0xa1, 0x7e, 0x5e, 0x2e, 0x2e, 0x2e, 0x2e, 0x2e, 0x2e, 0x2e, 0x2e, 0x2e, 0x57, 0x2e, 0x57, 0x2e, 0x57, 0x2e, 0x57, 0x57, 0x57, 0x57, 0x57, 0x57, 0x57, 0x57, 0x57, 
  0xc1, 0xbe, 0xbe, 0xbc, 0xbc, 0xbc, 0xbc, 0xbc, 0xba, 0xbc, 0xba, 0xba, 0xba, 0xba, 0xba, 0xba, 0xba, 0xba, 0xba, 0xb8, 0xba, 0xb8, 0xba, 0xb8, 0xb8, 0xb8, 0xb8, 0xb8, 0xb8, 0xba, 0xb9, 0xb8, 0xbc, 0xdf, 0xcb, 0xb7, 0xbb, 0xba, 0xb9, 0xb8, 0xb8, 0xb8, 0xb9, 0xb9, 0xb9, 0xb9, 0xb9, 0xb9, 0xba, 0xb9, 0xb9, 0xcf, 0xfd, 0xfa, 0xfd, 0xfe, 0xff, 0xd5, 0x80, 0x96, 0xa3, 0xa2, 0xa3, 0xa2, 0x9b, 0xa1, 0xec, 0xeb, 0xd6, 0x97, 0x93, 0x8e, 0x8e, 0x91, 0x8e, 0x8e, 0x9b, 0x97, 0x8e, 0x8e, 0x8e, 0x8e, 0x93, 0xa2, 0x9a, 0x71, 0x6f, 0x97, 0xa2, 0xa2, 0xa1, 0xa3, 0x8c, 0x66, 0x79, 0x9f, 0xa2, 0x9f, 0xa2, 0xa2, 0x7b, 0x66, 0x88, 0x9f, 0x9f, 0x9f, 0xa0, 0x8c, 0x62, 0x77, 0x58, 0x2a, 0x14, 0x09, 0x09, 0x06, 0x1b, 0xd5, 0x5f, 0x8c, 0xfc, 0xfb, 0xfd, 0xfb, 0xfd, 0xfe, 0xe7, 0x90, 0xa2, 0x9f, 0x9c, 0x9f, 0xa3, 0x1b, 0x06, 0x10, 0x0b, 0x0b, 0x0b, 0x0b, 0x08, 0x35, 0x39, 0xce, 0x90, 0x68, 0x63, 0x5f, 0xd7, 0xd7, 0x6d, 0x58, 0x84, 0x9f, 0x9a, 0x99, 0x9e, 0x79, 0x60, 0x8d, 0x9f, 0x99, 0x9e, 0x8c, 0x96, 0x9b, 0x8c, 0x79, 0x80, 0x88, 0x85, 0x7c, 0x80, 0x78, 0x79, 0x74, 0x79, 0x73, 0x8d, 0x59, 0x8d, 0xa1, 0x9c, 0x9e, 0x93, 0x50, 0x6a, 0x99, 0x96, 0x9a, 0x8d, 0x4d, 0x6b, 0x9a, 0x97, 0x99, 0x8f, 0x50, 0x55, 0x95, 0x97, 0x9b, 0x91, 0x4d, 0x6b, 0x9b, 0x98, 0x8d, 0x4d, 0x7b, 0x9b, 0x98, 0x4f, 0x6f, 0xa0, 0x6d, 0x5e, 0x2e, 0x2e, 0x2e, 0x2e, 0x2e, 0x5d, 0x2e, 0x57, 0x2e, 0x57, 0x2e, 0x57, 0x2e, 0x57, 0x57, 0x57, 0x57, 0x57, 0x57, 0x57, 0x57, 0x57, 0x57, 
  0xbf, 0xbe, 0xbc, 0xbe, 0xbc, 0xbc, 0xbc, 0xbc, 0xbc, 0xbc, 0xbc, 0xba, 0xbc, 0xba, 0xba, 0xba, 0xba, 0xba, 0xba, 0xba, 0xba, 0xba, 0xb8, 0xba, 0xb8, 0xb8, 0xba, 0xb8, 0xba, 0xb8, 0xba, 0xb9, 0xbc, 0xcb, 0xcb, 0xb8, 0xba, 0xba, 0xb9, 0xb8, 0xb8, 0xb8, 0xb9, 0xb8, 0xb9, 0xb9, 0xb8, 0xb9, 0xb9, 0xb8, 0xb9, 0xbe, 0xf2, 0xfc, 0xfa, 0xfe, 0xff, 0xea, 0x84, 0x9f, 0xa2, 0xa2, 0xa3, 0x9e, 0x92, 0xa3, 0xeb, 0xeb, 0x96, 0x96, 0x8e, 0x8e, 0x93, 0x91, 0x91, 0x93, 0x9c, 0x92, 0x8e, 0x8e, 0x91, 0x8e, 0x96, 0xa3, 0x9f, 0x77, 0x6c, 0x93, 0xa3, 0x9f, 0xa2, 0xa2, 0x96, 0x6b, 0x71, 0x9b, 0xa2, 0xa0, 0x9f, 0xa2, 0x93, 0x68, 0x77, 0x9e, 0xa0, 0x9e, 0xa0, 0x9e, 0x6e, 0x60, 0x79, 0xa1, 0x7e, 0x1f, 0x1e, 0x1e, 0xd7, 0xe9, 0x70, 0xd6, 0xfa, 0xfb, 0xfb, 0xfd, 0xfd, 0xfe, 0x7e, 0xd7, 0x9f, 0x9e, 0x9f, 0x9e, 0xd8, 0x00, 0x08, 0x0a, 0x0b, 0x0b, 0x0a, 0x06, 0x08, 0x18, 0x91, 0xd8, 0x7b, 0x58, 0x58, 0x84, 0xa2, 0x90, 0x66, 0x66, 0x91, 0x9e, 0x99, 0x9e, 0x99, 0x6b, 0x6a, 0x96, 0x9e, 0x99, 0x9e, 0xd4, 0x96, 0xa1, 0x8d, 0x80, 0x80, 0x85, 0x8d, 0x80, 0x7c, 0x7c, 0x79, 0x79, 0x79, 0x74, 0x84, 0x80, 0x9d, 0x9c, 0x99, 0x9c, 0x9e, 0x58, 0x50, 0x98, 0x9c, 0x97, 0x98, 0x55, 0x58, 0x95, 0x9a, 0x97, 0x99, 0x6b, 0x4d, 0x87, 0x97, 0x97, 0x97, 0x60, 0x4f, 0x95, 0x96, 0x9d, 0x5a, 0x4f, 0x98, 0x93, 0x8e, 0x4d, 0x88, 0x9a, 0x2e, 0x5e, 0x2e, 0x2e, 0x2e, 0x2e, 0x57, 0x57, 0x2e, 0x2e, 0x2e, 0x57, 0x2e, 0x57, 0x2e, 0x57, 0x57, 0x57, 0x57, 0x57, 0x57, 0x57, 0x57, 0x57, 
  0xbf, 0xbe, 0xbe, 0xbe, 0xbe, 0xbc, 0xbc, 0xbc, 0xbc, 0xbc, 0xbc, 0xbc, 0xbc, 0xbc, 0xba, 0xba, 0xba, 0xba, 0xba, 0xba, 0xba, 0xba, 0xba, 0xba, 0xb8, 0xba, 0xb8, 0xba, 0xb8, 0xba, 0xba, 0xb9, 0xbe, 0xcb, 0xcb, 0xb7, 0xbb, 0xba, 0xb9, 0xb9, 0xb8, 0xb8, 0xb9, 0xb9, 0xb9, 0xb9, 0xb9, 0xb8, 0xb9, 0xb9, 0xbb, 0xbb, 0xdf, 0xfa, 0xfc, 0xfc, 0xff, 0xea, 0x9c, 0xa3, 0xa3, 0xa2, 0xa3, 0x96, 0x92, 0xd8, 0xec, 0xeb, 0x91, 0x93, 0x91, 0x91, 0x91, 0x91, 0x8e, 0x96, 0x9c, 0x92, 0x8e, 0x91, 0x8e, 0x8e, 0x9b, 0xa3, 0xa0, 0x77, 0x6f, 0x88, 0xa2, 0xa2, 0xa1, 0xa0, 0x9f, 0x74, 0x6f, 0x91, 0xa3, 0x9f, 0xa2, 0xa0, 0x9f, 0x73, 0x6b, 0x93, 0xa0, 0x9f, 0xa0, 0xa2, 0x88, 0x6c, 0x6a, 0x88, 0xd8, 0xa3, 0xd8, 0xd8, 0xa0, 0xa0, 0xd5, 0xea, 0xfb, 0xfb, 0xfd, 0xfb, 0xfe, 0xe8, 0xd5, 0xa3, 0x9e, 0x9c, 0xa0, 0x99, 0xa0, 0x9e, 0x1d, 0x0f, 0x0d, 0x0d, 0x13, 0x19, 0x00, 0xa3, 0xa0, 0x90, 0x6b, 0x60, 0x60, 0x9d, 0xa3, 0x84, 0x66, 0x6f, 0x9f, 0x99, 0x99, 0x9e, 0x91, 0x6a, 0x6b, 0x9f, 0x99, 0x9e, 0x9b, 0x6e, 0x96, 0xd7, 0x8c, 0x82, 0x80, 0x7c, 0x8d, 0x80, 0x80, 0x7c, 0x79, 0x79, 0x79, 0x74, 0x7c, 0x9d, 0x98, 0x97, 0x98, 0x98, 0xa0, 0x71, 0x50, 0x8d, 0x9e, 0x97, 0x9a, 0x6b, 0x4d, 0x85, 0x99, 0x97, 0x9a, 0x87, 0x4d, 0x6a, 0x9d, 0x90, 0x9e, 0x80, 0x4d, 0x77, 0x96, 0x98, 0x85, 0x4d, 0x77, 0x90, 0x9b, 0x6e, 0x4f, 0x9a, 0x8c, 0x57, 0x2b, 0x2e, 0x2e, 0x5d, 0x2e, 0x57, 0x2e, 0x2e, 0x57, 0x2e, 0x57, 0x2e, 0x57, 0x57, 0x57, 0x57, 0x57, 0x57, 0x57, 0x57, 0x57, 0x57, 
  0xbf, 0xbe, 0xbe, 0xbe, 0xbe, 0xbc, 0xbe, 0xbc, 0xbc, 0xbc, 0xbc, 0xbc, 0xbc, 0xbc, 0xbc, 0xba, 0xba, 0xba, 0xba, 0xba, 0xba, 0xba, 0xba, 0xba, 0xba, 0xba, 0xba, 0xba, 0xba, 0xba, 0xb9, 0xbc, 0xbc, 0xcc, 0xdf, 0xb8, 0xba, 0xb9, 0xba, 0xb8, 0xb8, 0xb8, 0xb8, 0xb8, 0xb9, 0xb8, 0xb9, 0xb8, 0xb9, 0xb9, 0xbb, 0xbe, 0xde, 0xe5, 0xfc, 0xfc, 0xfe, 0xff, 0xec, 0xd8, 0xa3, 0xa3, 0x9f, 0xd4, 0x9e, 0xd8, 0xec, 0x9c, 0x96, 0x96, 0x92, 0x91, 0x8e, 0x91, 0x8e, 0x97, 0x9b, 0x8e, 0x91, 0x8e, 0x8e, 0x91, 0x9f, 0xa2, 0xa2, 0x84, 0x6b, 0x84, 0xa0, 0xa2, 0xa0, 0xa1, 0xa2, 0x7c, 0x6a, 0x80, 0xa2, 0xa2, 0xa0, 0xa1, 0xa2, 0x84, 0x6b, 0x84, 0xa0, 0xa0, 0xa1, 0xa2, 0x9f, 0x6f, 0x6b, 0x74, 0x9c, 0xa0, 0x99, 0xa0, 0xa0, 0xa0, 0xec, 0xfa, 0xfb, 0xfb, 0xfd, 0xfb, 0xfe, 0xe6, 0xd7, 0x9f, 0x9f, 0x9e, 0x9f, 0x9f, 0xa0, 0x7b, 0x73, 0x2b, 0x00, 0x00, 0xe9, 0xd8, 0xd8, 0x99, 0xa0, 0x8c, 0x60, 0x60, 0x73, 0xa3, 0x9e, 0x77, 0x6a, 0x84, 0xa2, 0x99, 0x9e, 0x9f, 0x8c, 0x60, 0x79, 0xa1, 0x99, 0x9f, 0x96, 0x62, 0x96, 0xa3, 0x8d, 0x84, 0x80, 0x87, 0x8d, 0x85, 0x84, 0x80, 0x79, 0x80, 0x79, 0x78, 0x77, 0x9b, 0x9e, 0x80, 0x99, 0x9a, 0x9e, 0x88, 0x4d, 0x7a, 0x9c, 0x99, 0x9e, 0x87, 0x4f, 0x6b, 0x9f, 0x96, 0x97, 0x9b, 0x50, 0x50, 0x95, 0x97, 0x97, 0x98, 0x4d, 0x60, 0x9a, 0x92, 0x98, 0x50, 0x4d, 0x96, 0x93, 0x98, 0x4f, 0x71, 0x9e, 0x00, 0x5d, 0x2b, 0x2e, 0x2e, 0x57, 0x2e, 0x57, 0x2e, 0x2e, 0x57, 0x2e, 0x57, 0x2e, 0x57, 0x57, 0x57, 0x57, 0x57, 0x57, 0x57, 0x2e, 0x57, 
  0xbf, 0xbe, 0xbf, 0xbe, 0xbe, 0xbe, 0xbc, 0xbe, 0xbc, 0xbe, 0xbc, 0xbc, 0xbc, 0xbc, 0xbc, 0xba, 0xbc, 0xba, 0xbc, 0xba, 0xba, 0xba, 0xba, 0xba, 0xba, 0xba, 0xb8, 0xba, 0xba, 0xba, 0xbb, 0xbb, 0xbe, 0xcc, 0xc7, 0xb8, 0xba, 0xba, 0xb9, 0xb8, 0xb8, 0xb8, 0xb8, 0xb8, 0xb9, 0xb9, 0xb9, 0xb9, 0xb9, 0xbb, 0xb9, 0xc1, 0xde, 0xe2, 0xf7, 0xfc, 0xfe, 0xff, 0xeb, 0xa3, 0xa3, 0xa3, 0x96, 0x84, 0xa1, 0xa3, 0xec, 0x97, 0x96, 0x96, 0x91, 0x91, 0x91, 0x91, 0x91, 0x9a, 0x97, 0x8e, 0x95, 0x8e, 0x91, 0x8e, 0xa2, 0xd7, 0xa2, 0x8d, 0x71, 0x79, 0xa0, 0x9f, 0xa0, 0x9f, 0xa3, 0x8d, 0x6f, 0x77, 0x9e, 0xa2, 0x9f, 0x9f, 0xa3, 0x96, 0x74, 0x6f, 0x9c, 0xa2, 0xa0, 0xa1, 0xa3, 0x84, 0x71, 0x6f, 0x91, 0xa0, 0x9f, 0x9f, 0x9f, 0xa3, 0xea, 0xfa, 0xfb, 0xfb, 0xfd, 0xfd, 0xfc, 0x7e, 0xa2, 0xa0, 0x9f, 0xa0, 0x9f, 0xa0, 0x9e, 0x68, 0x70, 0x68, 0xa0, 0xd8, 0xa0, 0x99, 0xd7, 0xa0, 0xd7, 0x77, 0x60, 0x60, 0x8e, 0xa3, 0x8e, 0x6b, 0x6b, 0x96, 0x9f, 0x9f, 0x99, 0xa2, 0x80, 0x58, 0x88, 0x9e, 0x99, 0xa0, 0x92, 0x60, 0x92, 0xa3, 0x92, 0x87, 0x80, 0x80, 0x8d, 0x88, 0x80, 0x80, 0x80, 0x79, 0x80, 0x79, 0x77, 0x93, 0x91, 0x68, 0x9a, 0x99, 0x9e, 0x98, 0x50, 0x58, 0x9d, 0x99, 0x9a, 0x9d, 0x50, 0x58, 0x93, 0x97, 0x97, 0x9e, 0x71, 0x4d, 0x77, 0x9a, 0x96, 0x9e, 0x6b, 0x4d, 0x93, 0x9b, 0x98, 0x87, 0x4b, 0x79, 0x93, 0x98, 0x73, 0x4f, 0x9e, 0x90, 0x2e, 0x2e, 0x2e, 0x57, 0x2e, 0x57, 0x2e, 0x2e, 0x57, 0x2e, 0x57, 0x57, 0x57, 0x57, 0x2e, 0x57, 0x2e, 0x57, 0x2e, 0x57, 0x57, 0x2e, 
  0xbf, 0xbf, 0xbe, 0xbe, 0xbe, 0xbe, 0xbe, 0xbc, 0xbe, 0xbc, 0xbe, 0xbc, 0xbc, 0xbc, 0xbc, 0xbc, 0xbc, 0xbc, 0xbc, 0xbc, 0xba, 0xba, 0xba, 0xba, 0xba, 0xba, 0xba, 0xba, 0xba, 0xba, 0xbb, 0xbc, 0xbe, 0xcc, 0xc7, 0xb8, 0xba, 0xba, 0xb8, 0xb8, 0xb8, 0xb8, 0xb8, 0xb8, 0xb9, 0xb9, 0xb9, 0xb9, 0xb9, 0xb9, 0xbe, 0xc1, 0xdf, 0xcf, 0xea, 0xfc, 0xfe, 0xff, 0xeb, 0xd8, 0xa3, 0xa2, 0x85, 0x90, 0xa3, 0xd8, 0xa0, 0x92, 0x97, 0x91, 0x90, 0x93, 0x91, 0x91, 0x93, 0x9c, 0x91, 0x91, 0x91, 0x95, 0x8e, 0x93, 0xa3, 0x9f, 0xa2, 0x91, 0x71, 0x71, 0x9f, 0xa2, 0xa0, 0x9f, 0xa2, 0x96, 0x6f, 0x6b, 0x93, 0xa2, 0xa2, 0x9f, 0xa0, 0x9f, 0x78, 0x6b, 0x8c, 0xa2, 0xa0, 0xa2, 0xa2, 0x9d, 0x6f, 0x6f, 0x7b, 0x9f, 0xa0, 0xa0, 0xa0, 0xeb, 0xfc, 0xfb, 0xfb, 0xfd, 0xfd, 0xfe, 0xe8, 0x90, 0xa3, 0xa2, 0x9f, 0x9f, 0x9f, 0xa2, 0x8e, 0x6b, 0x6a, 0x78, 0x9f, 0xa0, 0xa0, 0xa0, 0xa0, 0xa0, 0x9c, 0x66, 0x6a, 0x6b, 0x9f, 0xa0, 0x80, 0x68, 0x74, 0x9f, 0x9f, 0x99, 0xa0, 0x9e, 0x6f, 0x60, 0x93, 0x9f, 0x9e, 0xa2, 0x88, 0x55, 0x96, 0xd8, 0x92, 0x87, 0x7c, 0x80, 0x88, 0x8e, 0x80, 0x80, 0x80, 0x80, 0x79, 0x80, 0x79, 0x91, 0x74, 0x60, 0x98, 0x9a, 0x99, 0x9e, 0x6a, 0x50, 0x95, 0x9a, 0x9a, 0x9d, 0x71, 0x4f, 0x79, 0x9b, 0x97, 0x9a, 0x8f, 0x4f, 0x58, 0x9a, 0x97, 0x99, 0x8f, 0x4d, 0x6a, 0x98, 0x97, 0x9a, 0x55, 0x4d, 0x98, 0x96, 0x98, 0x4f, 0x7b, 0x9e, 0x7b, 0x57, 0x2e, 0x2e, 0x57, 0x2e, 0x57, 0x2e, 0x2e, 0x57, 0x2e, 0x57, 0x2e, 0x57, 0x57, 0x57, 0x57, 0x57, 0x57, 0x2e, 0x57, 0x2e, 
  0xbf, 0xbf, 0xbe, 0xbf, 0xbe, 0xbe, 0xbe, 0xbe, 0xbc, 0xbe, 0xbc, 0xbc, 0xbe, 0xbc, 0xbc, 0xbc, 0xbc, 0xbc, 0xbc, 0xbc, 0xbc, 0xba, 0xbc, 0xba, 0xbc, 0xba, 0xba, 0xba, 0xbc, 0xba, 0xbb, 0xbc, 0xbe, 0xe1, 0xc7, 0xb8, 0xba, 0xb9, 0xba, 0xb8, 0xb9, 0xb8, 0xb8, 0xb8, 0xb9, 0xb9, 0xb9, 0xb9, 0xbb, 0xbb, 0xc1, 0xde, 0xdf, 0xe7, 0xec, 0xea, 0xfe, 0xfe, 0xff, 0xec, 0xd8, 0x97, 0x84, 0x9c, 0xd8, 0xd8, 0x9c, 0x93, 0x96, 0x91, 0x91, 0x91, 0x91, 0x91, 0x96, 0x9a, 0x8e, 0x93, 0x91, 0x91, 0x8e, 0x96, 0xa3, 0xa2, 0xa2, 0x9c, 0x71, 0x71, 0x96, 0xa2, 0xa1, 0xa0, 0xa2, 0x9e, 0x79, 0x6b, 0x8d, 0xa1, 0xa1, 0x9f, 0x9f, 0xa3, 0x88, 0x70, 0x80, 0x9f, 0xa0, 0xa0, 0x9f, 0xa3, 0x88, 0x6b, 0x71, 0x98, 0xa0, 0xa2, 0xec, 0xeb, 0xfa, 0xfd, 0xfb, 0xfd, 0xfd, 0xfe, 0x00, 0x9f, 0xa2, 0xa2, 0x9f, 0x9f, 0x9f, 0x9f, 0x77, 0x6b, 0x6b, 0x91, 0xa3, 0xa0, 0xa0, 0x9e, 0x9f, 0xa2, 0x88, 0x6b, 0x60, 0x80, 0xa3, 0x9c, 0x71, 0x6b, 0x84, 0xa3, 0x9e, 0x9f, 0xa0, 0x9a, 0x6b, 0x6a, 0x9e, 0x9f, 0x9f, 0xa1, 0x7e, 0x5a, 0x9b, 0xa3, 0x96, 0x84, 0x80, 0x80, 0x84, 0x8e, 0x84, 0x79, 0x87, 0x80, 0x80, 0x79, 0x80, 0x85, 0x77, 0x58, 0x8d, 0x9e, 0x98, 0xa0, 0x75, 0x50, 0x77, 0x9e, 0x97, 0x9e, 0x8e, 0x4f, 0x6a, 0x9d, 0x97, 0x96, 0x9a, 0x61, 0x50, 0x87, 0x99, 0x90, 0x9a, 0x5c, 0x4d, 0x8e, 0x96, 0x9a, 0x84, 0x4d, 0x73, 0x98, 0x9a, 0x6d, 0x58, 0x99, 0x90, 0x67, 0x2e, 0x57, 0x2e, 0x57, 0x2e, 0x2e, 0x57, 0x2e, 0x57, 0x57, 0x57, 0x57, 0x2e, 0x57, 0x2e, 0x57, 0x2e, 0x57, 0x2e, 0x57, 
  0xbf, 0xbf, 0xbf, 0xbe, 0xbf, 0xbe, 0xbe, 0xbe, 0xbe, 0xbe, 0xbe, 0xbc, 0xbc, 0xbc, 0xbc, 0xbc, 0xbc, 0xbc, 0xbc, 0xbc, 0xbc, 0xbc, 0xbc, 0xbc, 0xbc, 0xba, 0xba, 0xba, 0xba, 0xbc, 0xbc, 0xbe, 0xbe, 0xe1, 0xc4, 0xb8, 0xba, 0xba, 0xba, 0xb8, 0xba, 0xb8, 0xba, 0xb8, 0xb9, 0xb9, 0xb9, 0xb9, 0xbb, 0xbe, 0xc1, 0xdf, 0xe2, 0xa0, 0xec, 0xff, 0xfe, 0xfe, 0xff, 0xd8, 0xa0, 0x84, 0x91, 0xa2, 0xd8, 0xd8, 0x97, 0x93, 0x93, 0x91, 0x96, 0x91, 0x93, 0x91, 0x9a, 0x97, 0x8e, 0x91, 0x93, 0x8e, 0x8e, 0x9a, 0xa3, 0x9f, 0xa2, 0xd7, 0x71, 0x6b, 0x8c, 0xa3, 0x9f, 0xa0, 0x9f, 0xa2, 0x80, 0x71, 0x74, 0xa1, 0xa2, 0x9f, 0xa0, 0xa2, 0x97, 0x70, 0x6f, 0x98, 0xa2, 0xa0, 0xa0, 0xa3, 0x9b, 0x71, 0x71, 0x84, 0xa0, 0xa2, 0xa2, 0xfc, 0xfb, 0xfb, 0xfd, 0xfd, 0xfe, 0xe8, 0xd5, 0xa2, 0xa0, 0x9f, 0xa0, 0x9f, 0xa0, 0x97, 0x6b, 0x72, 0x6b, 0xa1, 0xa0, 0xa2, 0x9f, 0xa0, 0x9e, 0x9f, 0x73, 0x6b, 0x6b, 0x91, 0xd8, 0x8e, 0x6e, 0x6b, 0x97, 0xa2, 0x9e, 0x99, 0xa2, 0x8e, 0x6a, 0x71, 0xa1, 0xd7, 0x9f, 0xa2, 0x78, 0x66, 0x9b, 0xd8, 0x9a, 0x80, 0x85, 0x80, 0x80, 0x93, 0x85, 0x80, 0x80, 0x80, 0x87, 0x7c, 0x7c, 0xd4, 0x85, 0x58, 0x86, 0x99, 0x99, 0x9e, 0x93, 0x50, 0x60, 0x9a, 0x96, 0x99, 0x9d, 0x60, 0x50, 0x8e, 0x9e, 0x97, 0x9e, 0x84, 0x4d, 0x6b, 0x98, 0x91, 0x9c, 0x84, 0x4d, 0x71, 0x9b, 0x91, 0x9a, 0x58, 0x4f, 0x95, 0x98, 0x95, 0x4f, 0x8a, 0x99, 0x7e, 0x57, 0x2e, 0x2e, 0x2e, 0x57, 0x2e, 0x2e, 0x57, 0x2e, 0x57, 0x2e, 0x57, 0x57, 0x57, 0x57, 0x57, 0x57, 0x57, 0x57, 0x2e, 
  0xc0, 0xbf, 0xbf, 0xbf, 0xbf, 0xbf, 0xbe, 0xbe, 0xbe, 0xbe, 0xbe, 0xbe, 0xbe, 0xbe, 0xbc, 0xbe, 0xbc, 0xbc, 0xbc, 0xbc, 0xbc, 0xbc, 0xbc, 0xbc, 0xbc, 0xbc, 0xbc, 0xbc, 0xbc, 0xbc, 0xbc, 0xbe, 0xbe, 0xce, 0xc4, 0xb8, 0xbc, 0xba, 0xba, 0xba, 0xb9, 0xba, 0xb8, 0xba, 0xba, 0xb9, 0xbb, 0xbb, 0xbb, 0xc1, 0xde, 0xe0, 0xe6, 0xd8, 0xd8, 0xeb, 0xfe, 0xfe, 0xff, 0xeb, 0x97, 0x84, 0x99, 0xd8, 0xd8, 0xa0, 0x96, 0x96, 0x96, 0x93, 0x93, 0x93, 0x95, 0x93, 0x9b, 0x97, 0x91, 0x93, 0x91, 0x8f, 0x91, 0x9f, 0xa2, 0xa2, 0xa2, 0xa2, 0x77, 0x6b, 0x85, 0xa3, 0x9f, 0x9f, 0x9f, 0xa0, 0x8e, 0x71, 0x71, 0x98, 0xec, 0xa2, 0x9f, 0xa0, 0xa1, 0x7b, 0x6e, 0x88, 0xa2, 0xa2, 0xa2, 0xa3, 0xa2, 0x80, 0x77, 0x78, 0x9b, 0xa3, 0xeb, 0xfa, 0xfd, 0xfd, 0xfd, 0xfd, 0xfe, 0xe6, 0x9f, 0xa2, 0xa2, 0x9f, 0xa0, 0x9f, 0xa3, 0x84, 0x6b, 0x6b, 0x88, 0xa3, 0xa0, 0xa1, 0xa0, 0x9c, 0xa0, 0x93, 0x6b, 0x6b, 0x74, 0x9e, 0xa2, 0x79, 0x6b, 0x73, 0xa2, 0xa2, 0x9e, 0x9e, 0xa0, 0x80, 0x60, 0x80, 0xa2, 0x9e, 0x9f, 0xa2, 0x70, 0x69, 0x9f, 0xd8, 0x9f, 0x88, 0x85, 0x85, 0x80, 0x93, 0x8c, 0x80, 0x80, 0x85, 0x80, 0x80, 0x80, 0x7c, 0x85, 0x60, 0x71, 0x9e, 0x99, 0x99, 0x9d, 0x66, 0x50, 0x8e, 0x9c, 0x97, 0x9e, 0x80, 0x4d, 0x77, 0x98, 0x97, 0x99, 0x95, 0x58, 0x50, 0x95, 0x91, 0x97, 0x99, 0x50, 0x50, 0x98, 0x97, 0x98, 0x88, 0x4d, 0x80, 0x98, 0x9d, 0x60, 0x66, 0x9f, 0x90, 0x73, 0x57, 0x2e, 0x2e, 0x2e, 0x2e, 0x57, 0x2e, 0x57, 0x57, 0x57, 0x57, 0x2e, 0x57, 0x2e, 0x57, 0x2e, 0x57, 0x2e, 0x57, 
  0xc0, 0xbf, 0xbf, 0xbf, 0xbf, 0xbf, 0xbe, 0xbf, 0xbe, 0xbf, 0xbe, 0xbe, 0xbe, 0xbc, 0xbe, 0xbe, 0xbe, 0xbc, 0xbe, 0xbc, 0xbe, 0xbc, 0xbc, 0xbc, 0xbc, 0xbc, 0xbc, 0xbc, 0xbc, 0xbc, 0xbe, 0xbe, 0xbe, 0xe1, 0xc4, 0xba, 0xba, 0xba, 0xba, 0xba, 0xba, 0xba, 0xba, 0xba, 0xba, 0xbb, 0xba, 0xbb, 0xbe, 0xc1, 0xdf, 0xcf, 0xd6, 0xa0, 0xd8, 0xeb, 0xff, 0xff, 0xfe, 0xd7, 0x8c, 0x8c, 0xa0, 0xd8, 0xd8, 0xa0, 0x96, 0x96, 0x93, 0x93, 0x96, 0x91, 0x91, 0x98, 0x9b, 0x96, 0x96, 0x90, 0x95, 0x8e, 0x91, 0xa2, 0xa2, 0xa2, 0xa0, 0xa2, 0x84, 0x71, 0x78, 0xa2, 0xa2, 0xa0, 0xa0, 0xa0, 0x9d, 0x71, 0x71, 0x8e, 0xa3, 0xa1, 0xa0, 0x9f, 0xa2, 0x88, 0x6b, 0x78, 0x9f, 0xa2, 0xa2, 0xa2, 0xa2, 0x96, 0x74, 0x74, 0x88, 0xd8, 0xea, 0xfa, 0xfd, 0xfb, 0xfd, 0xfd, 0xfc, 0x7e, 0xa2, 0xa2, 0x9f, 0xa0, 0x9e, 0xa0, 0x9c, 0x70, 0x71, 0x6b, 0x98, 0xa2, 0xa0, 0xa2, 0x9f, 0x9f, 0xa0, 0x84, 0x6e, 0x6b, 0x88, 0xa2, 0x9a, 0x6e, 0x6b, 0x84, 0xa1, 0xa2, 0x9e, 0xa0, 0x9f, 0x74, 0x6a, 0x8d, 0xa2, 0x9e, 0x9f, 0xa1, 0x70, 0x6e, 0x9f, 0xa2, 0xa1, 0x88, 0x85, 0x84, 0x85, 0x88, 0x96, 0x7c, 0x85, 0x80, 0x85, 0x80, 0x80, 0x78, 0x8d, 0x6a, 0x60, 0x99, 0x99, 0x99, 0x9e, 0x79, 0x50, 0x77, 0x9f, 0x97, 0x9f, 0x95, 0x50, 0x58, 0x95, 0x99, 0x97, 0x9e, 0x71, 0x4d, 0x82, 0x9c, 0x96, 0xd7, 0x79, 0x4d, 0x80, 0x97, 0x97, 0x98, 0x55, 0x60, 0x97, 0x9a, 0x85, 0x4f, 0x96, 0x9c, 0xd5, 0x00, 0x5d, 0x2e, 0x2e, 0x2e, 0x2e, 0x2e, 0x57, 0x2e, 0x57, 0x2e, 0x57, 0x57, 0x57, 0x57, 0x57, 0x57, 0x57, 0x57, 
  0xc0, 0xc0, 0xbf, 0xbf, 0xbf, 0xbf, 0xbe, 0xbf, 0xbe, 0xbf, 0xbe, 0xbf, 0xbe, 0xbe, 0xbe, 0xbe, 0xbe, 0xbe, 0xbc, 0xbc, 0xbc, 0xbc, 0xbc, 0xbc, 0xbc, 0xbc, 0xbc, 0xbc, 0xbc, 0xbc, 0xbe, 0xbe, 0xbf, 0xcf, 0xc0, 0xba, 0xbc, 0xbc, 0xba, 0xba, 0xba, 0xba, 0xba, 0xba, 0xba, 0xbb, 0xbc, 0xbb, 0xc1, 0xde, 0xcb, 0xe6, 0xd7, 0xd8, 0xd8, 0xd8, 0xff, 0xfe, 0xff, 0xe9, 0x84, 0x97, 0xd8, 0xa3, 0xd8, 0x9c, 0x96, 0x96, 0x96, 0x93, 0x93, 0x91, 0x91, 0x9a, 0x9b, 0x91, 0x96, 0x96, 0x91, 0x8e, 0x96, 0xa2, 0xa2, 0xa2, 0xa2, 0xa2, 0x8c, 0x6b, 0x74, 0x9e, 0xa1, 0xa0, 0x9f, 0xa0, 0x9f, 0x74, 0x6f, 0x85, 0xa2, 0xa2, 0x9f, 0x9f, 0xa0, 0x97, 0x71, 0x6f, 0x96, 0xa2, 0xa2, 0xa0, 0xa2, 0x9f, 0x7c, 0x79, 0x7b, 0xd7, 0xfc, 0xfb, 0xfd, 0xfd, 0xfd, 0xfe, 0xe8, 0x92, 0xa3, 0xa0, 0xa2, 0x9f, 0xa0, 0xa0, 0x8e, 0x6b, 0x71, 0x77, 0xa0, 0xa2, 0xa0, 0xa1, 0xa0, 0x9f, 0x9c, 0x6b, 0x6b, 0x6f, 0x9a, 0xa2, 0x8c, 0x6b, 0x6c, 0x96, 0xa2, 0x9f, 0x9e, 0x9f, 0x9c, 0x6b, 0x6a, 0x96, 0xa2, 0x9e, 0x9f, 0xd7, 0x69, 0x74, 0xa1, 0xa2, 0xa2, 0x8c, 0x85, 0x85, 0x85, 0x84, 0x9b, 0x84, 0x7c, 0x85, 0x80, 0x85, 0x80, 0x78, 0x88, 0x71, 0x58, 0x95, 0x99, 0x99, 0x9e, 0x91, 0x50, 0x6b, 0x9d, 0x97, 0x9c, 0x9f, 0x6b, 0x4d, 0x87, 0x9a, 0x97, 0x9c, 0x8f, 0x4d, 0x60, 0x9d, 0x97, 0x9b, 0x96, 0x4f, 0x5a, 0x98, 0xd6, 0x9b, 0x77, 0x4f, 0x91, 0x97, 0x9d, 0x5c, 0x6e, 0x9f, 0x97, 0x8c, 0x7e, 0x2e, 0x5d, 0x2e, 0x2e, 0x2e, 0x57, 0x57, 0x57, 0x57, 0x57, 0x2e, 0x57, 0x2e, 0x2e, 0x57, 0x2e, 0x2e, 
  0xc0, 0xc0, 0xbf, 0xc0, 0xbf, 0xbf, 0xbf, 0xbf, 0xbe, 0xbf, 0xbe, 0xbf, 0xbe, 0xbe, 0xbe, 0xbe, 0xbe, 0xbe, 0xbe, 0xbc, 0xbe, 0xbc, 0xbc, 0xbc, 0xbc, 0xbc, 0xbc, 0xbc, 0xbc, 0xbe, 0xbe, 0xbe, 0xc1, 0xce, 0xbf, 0xbc, 0xbc, 0xba, 0xbc, 0xba, 0xba, 0xba, 0xba, 0xba, 0xba, 0xbb, 0xbc, 0xbe, 0xc1, 0xdf, 0xd0, 0xd4, 0xd7, 0xd8, 0xd8, 0xd8, 0xeb, 0xea, 0xfe, 0xea, 0x8c, 0xa0, 0xd8, 0xa3, 0xa3, 0x9c, 0x97, 0x96, 0x93, 0x93, 0x96, 0x93, 0x96, 0x9b, 0x97, 0x91, 0x96, 0x93, 0x96, 0x95, 0x97, 0xd7, 0xa2, 0xa0, 0xa2, 0xa0, 0x97, 0x6b, 0x73, 0x93, 0xa0, 0xa2, 0xa0, 0xa0, 0xa2, 0x84, 0x6f, 0x74, 0x9e, 0xa2, 0xa0, 0xa2, 0x9f, 0x9f, 0x78, 0x71, 0x88, 0xa3, 0x9f, 0xa2, 0xa0, 0xd8, 0x92, 0x74, 0x84, 0xea, 0xfa, 0xfd, 0xfd, 0xfa, 0xfc, 0xea, 0x7e, 0xec, 0xa1, 0xa2, 0x9f, 0xa0, 0x9f, 0x9f, 0x77, 0x71, 0x6b, 0x93, 0xa3, 0xa0, 0xa2, 0xa0, 0x9f, 0xa2, 0x8e, 0x6b, 0x6b, 0x80, 0xa2, 0x9f, 0x73, 0x6b, 0x78, 0xa1, 0xa0, 0x9f, 0x9f, 0xa2, 0x8e, 0x6a, 0x6b, 0x9d, 0xa2, 0x9e, 0xa0, 0x9d, 0x69, 0x78, 0xa1, 0xa1, 0xa3, 0x92, 0x85, 0x84, 0x87, 0x84, 0x96, 0x92, 0x80, 0x80, 0x85, 0x7c, 0x80, 0x80, 0x80, 0x84, 0x50, 0x88, 0x9a, 0x97, 0x99, 0x9a, 0x60, 0x58, 0x91, 0x9e, 0x99, 0x9f, 0x87, 0x4f, 0x66, 0x9e, 0x97, 0x99, 0x9d, 0x60, 0x4f, 0x8f, 0x9c, 0x97, 0x9f, 0x6a, 0x4f, 0x8f, 0x9b, 0x97, 0x93, 0x50, 0x71, 0x99, 0x9e, 0x8e, 0x4f, 0x73, 0x9e, 0x97, 0x8c, 0x7e, 0x67, 0x2e, 0x2e, 0x2e, 0x57, 0x2e, 0x57, 0x2e, 0x57, 0x57, 0x57, 0x2e, 0x2e, 0x2e, 0x2e, 0x2e, 
  0xc0, 0xc0, 0xbf, 0xc0, 0xbf, 0xc0, 0xbf, 0xbf, 0xbf, 0xbf, 0xbf, 0xbe, 0xbf, 0xbe, 0xbf, 0xbe, 0xbe, 0xbe, 0xbe, 0xbe, 0xbe, 0xbe, 0xbc, 0xbe, 0xbc, 0xbe, 0xbc, 0xbe, 0xbc, 0xbe, 0xbe, 0xbf, 0xc1, 0xcf, 0xbe, 0xbc, 0xbc, 0xbc, 0xbc, 0xba, 0xba, 0xba, 0xba, 0xba, 0xbc, 0xbb, 0xbe, 0xbe, 0xdf, 0xe1, 0x7e, 0x7b, 0xd8, 0xd8, 0xd8, 0xd8, 0xeb, 0xff, 0xfe, 0xff, 0xd7, 0xa3, 0xd8, 0xa3, 0xa0, 0x9c, 0x9a, 0x96, 0x96, 0x93, 0x93, 0x93, 0x96, 0x9f, 0x91, 0x93, 0x91, 0x96, 0x93, 0x91, 0x96, 0x8c, 0xa3, 0xa0, 0xa2, 0xa0, 0x9f, 0x73, 0x6b, 0x8d, 0xa1, 0xa0, 0xa0, 0x9f, 0xa2, 0x96, 0x74, 0x6f, 0x96, 0xa2, 0xa2, 0xa0, 0xd7, 0xa2, 0x8c, 0x6f, 0x7c, 0x9e, 0xa0, 0xa0, 0xa2, 0xa3, 0x9f, 0x73, 0x92, 0xea, 0xfd, 0xfb, 0xfd, 0xfd, 0xfe, 0xd5, 0xd5, 0xa3, 0xa2, 0xa0, 0xa2, 0x9f, 0xa2, 0x90, 0x71, 0x6b, 0x71, 0xa1, 0xa2, 0xa2, 0xa0, 0xa2, 0x9f, 0x9f, 0x77, 0x6b, 0x6a, 0x8e, 0xd8, 0x92, 0x6f, 0x6b, 0x92, 0xa3, 0x9f, 0x9f, 0xa0, 0xa2, 0x84, 0x6a, 0x75, 0xa1, 0xd7, 0x9f, 0xa1, 0x96, 0x64, 0x85, 0xa1, 0x9f, 0xa3, 0x96, 0x7c, 0x85, 0x85, 0x84, 0x8c, 0x9b, 0x7c, 0x85, 0x80, 0x85, 0x80, 0x80, 0x7c, 0x87, 0x60, 0x6b, 0x9e, 0x99, 0x99, 0x9e, 0x77, 0x50, 0x80, 0x9e, 0x97, 0x9c, 0x98, 0x58, 0x50, 0x96, 0x9c, 0x98, 0x9e, 0x80, 0x4d, 0x71, 0x9a, 0x9a, 0x9c, 0x86, 0x4f, 0x6f, 0x9a, 0x97, 0x9d, 0x60, 0x50, 0x9a, 0x98, 0x99, 0x71, 0x4d, 0x77, 0x9e, 0x91, 0x90, 0x7e, 0x6d, 0x2e, 0x2e, 0x57, 0x2e, 0x57, 0x2e, 0x57, 0x2e, 0x2e, 0x2e, 0x2e, 0x2e, 0x2e, 0x2e, 
  0xc0, 0xc4, 0xc0, 0xc0, 0xc0, 0xc0, 0xbf, 0xbf, 0xbf, 0xbf, 0xbf, 0xbf, 0xbf, 0xbf, 0xbe, 0xbf, 0xbe, 0xbf, 0xbe, 0xbe, 0xbe, 0xbe, 0xbe, 0xbe, 0xbe, 0xbe, 0xbc, 0xbe, 0xbe, 0xbe, 0xbf, 0xbe, 0xc4, 0xcf, 0xbe, 0xbc, 0xbc, 0xbc, 0xbc, 0xbc, 0xbc, 0xbb, 0xbc, 0xba, 0xbc, 0xbc, 0xbe, 0xde, 0xdf, 0xe6, 0x7c, 0x84, 0xd8, 0xd8, 0xd8, 0xd8, 0xd6, 0xff, 0xfe, 0xff, 0xec, 0xd8, 0xd8, 0xa3, 0x9f, 0x97, 0x9b, 0x96, 0x96, 0x93, 0x96, 0x95, 0x97, 0x9c, 0x91, 0x93, 0x93, 0x93, 0x91, 0x98, 0x8c, 0x7e, 0xa3, 0xa1, 0xa0, 0xa2, 0xa0, 0x80, 0x6b, 0x80, 0xa3, 0xa2, 0xa0, 0xa0, 0xa1, 0x9f, 0x74, 0x71, 0x87, 0xa2, 0xa2, 0xa1, 0x9f, 0xa0, 0x9b, 0x74, 0x77, 0x93, 0xa3, 0xa2, 0xa0, 0xa2, 0xa2, 0x92, 0xd6, 0xfa, 0xfa, 0xfd, 0xfd, 0xfc, 0xff, 0xe8, 0xd7, 0xa3, 0xa0, 0xa1, 0xa0, 0x9f, 0xa3, 0x84, 0x71, 0x6b, 0x87, 0xa3, 0xa2, 0xa0, 0xa2, 0xa0, 0xa2, 0x91, 0x6b, 0x71, 0x71, 0x9f, 0xa2, 0x84, 0x6b, 0x6f, 0x9b, 0xa0, 0x9f, 0xa0, 0xa0, 0x9e, 0x71, 0x6a, 0x85, 0xa2, 0x9f, 0x9f, 0xa2, 0x91, 0x64, 0x85, 0xa2, 0x9f, 0xa2, 0x9b, 0xd4, 0x85, 0x87, 0x87, 0x88, 0x9b, 0x8c, 0x85, 0x85, 0x80, 0x80, 0x80, 0x7c, 0x88, 0x6a, 0x58, 0x95, 0x99, 0x9a, 0x9e, 0x91, 0x58, 0x60, 0x9e, 0x9a, 0x97, 0xa1, 0x6e, 0x4d, 0x87, 0x9c, 0x99, 0x9a, 0x93, 0x50, 0x58, 0x99, 0x96, 0x98, 0x98, 0x55, 0x58, 0x98, 0x98, 0x9e, 0x82, 0x4f, 0x8d, 0x99, 0x98, 0x9a, 0x66, 0x4d, 0x7b, 0x98, 0x96, 0x90, 0x7e, 0x2b, 0x5d, 0x2e, 0x2e, 0x2e, 0x2e, 0x2e, 0x2e, 0x2e, 0x2e, 0x2e, 0x2e, 0x2e, 0x2e, 
  0xc0, 0xc4, 0xc0, 0xc4, 0xc0, 0xc0, 0xc0, 0xc0, 0xc0, 0xc0, 0xbf, 0xbf, 0xbf, 0xbf, 0xbf, 0xbf, 0xbf, 0xbe, 0xbf, 0xbe, 0xbe, 0xbe, 0xbe, 0xbe, 0xbe, 0xbe, 0xbe, 0xbe, 0xbe, 0xbe, 0xbe, 0xbe, 0xc4, 0xcf, 0xbe, 0xbc, 0xbe, 0xbc, 0xbe, 0xbc, 0xbc, 0xbc, 0xbc, 0xbc, 0xbb, 0xbe, 0xbf, 0xde, 0xd0, 0x8c, 0x73, 0x91, 0xd8, 0xd8, 0xd8, 0xec, 0xd7, 0xea, 0xfe, 0xff, 0xd8, 0xd8, 0xd8, 0xa0, 0x9c, 0x97, 0x9b, 0x96, 0x93, 0x96, 0x91, 0x91, 0x9e, 0x9b, 0x91, 0x93, 0x93, 0x93, 0x91, 0x98, 0x8c, 0x84, 0xa2, 0xa0, 0x9f, 0xa0, 0xa0, 0x88, 0x71, 0x79, 0x9e, 0xa0, 0xa2, 0x9f, 0xa2, 0x9f, 0x84, 0x71, 0x78, 0xa1, 0xa2, 0x9f, 0xa2, 0xa0, 0xa1, 0x85, 0x71, 0x84, 0xa0, 0xa2, 0xa0, 0xa0, 0xa3, 0xd7, 0xea, 0xfd, 0xfb, 0xfd, 0xfd, 0xfe, 0xea, 0x7e, 0xa3, 0xa2, 0xa2, 0x9f, 0xa2, 0xa2, 0x9f, 0x73, 0x71, 0x71, 0x98, 0xa2, 0xa2, 0xa2, 0xa2, 0xa2, 0xa0, 0x84, 0x6b, 0x6b, 0x8d, 0xa2, 0x99, 0x71, 0x6b, 0x80, 0xa2, 0x9f, 0x99, 0x9f, 0x9f, 0x96, 0x6b, 0x6a, 0x93, 0xa0, 0x9f, 0x9e, 0xa3, 0x84, 0x64, 0x88, 0xa2, 0x9f, 0xa2, 0xa1, 0x85, 0x85, 0x87, 0x87, 0x84, 0x9b, 0x92, 0x85, 0x85, 0x80, 0x84, 0x80, 0x79, 0x88, 0x71, 0x58, 0x84, 0x9a, 0x99, 0x99, 0x9e, 0x6b, 0x50, 0x8e, 0x9c, 0x97, 0x9f, 0x91, 0x50, 0x6a, 0x9b, 0x98, 0x99, 0x9d, 0x60, 0x4f, 0x8d, 0x9c, 0x99, 0x99, 0x71, 0x50, 0x87, 0x9d, 0x96, 0x99, 0x50, 0x60, 0x98, 0x97, 0x97, 0x98, 0x63, 0x4d, 0x6e, 0x96, 0x91, 0x8c, 0x7e, 0x2e, 0x2e, 0x2e, 0x2e, 0x2e, 0x2e, 0x2e, 0x2e, 0x2e, 0x2e, 0x2e, 0x2e, 0x2e, 
  0xc4, 0xc4, 0xc0, 0xc4, 0xc0, 0xc4, 0xc0, 0xc0, 0xc0, 0xc0, 0xc0, 0xbf, 0xbf, 0xc0, 0xbf, 0xbf, 0xbf, 0xbf, 0xbf, 0xbe, 0xbf, 0xbe, 0xbf, 0xbe, 0xbf, 0xbe, 0xbe, 0xbe, 0xbe, 0xbf, 0xbf, 0xbe, 0xc6, 0xcf, 0xbe, 0xbe, 0xbe, 0xbc, 0xbe, 0xbc, 0xbc, 0xbc, 0xbc, 0xbc, 0xbe, 0xbe, 0xde, 0xcb, 0xe8, 0x79, 0x77, 0x9c, 0xd8, 0xd8, 0xd8, 0xa2, 0x9c, 0xd6, 0xfe, 0xff, 0xeb, 0xd8, 0xa3, 0xd7, 0x9e, 0x97, 0x97, 0x96, 0x96, 0x93, 0x92, 0x96, 0x9f, 0x96, 0x93, 0x93, 0x93, 0x93, 0x93, 0x9a, 0x85, 0x7b, 0x9f, 0x9f, 0x9f, 0x9f, 0xa2, 0x96, 0x6f, 0x79, 0x9a, 0xa2, 0xa0, 0xa2, 0x9f, 0xa2, 0x92, 0x71, 0x74, 0x97, 0xa2, 0xa0, 0xa1, 0x9f, 0xa3, 0x92, 0x70, 0x77, 0x9e, 0xa3, 0xa0, 0xa0, 0xa3, 0xeb, 0xfa, 0xfd, 0xfd, 0xfd, 0xfc, 0xfe, 0xe8, 0xd6, 0xa2, 0xa2, 0x9f, 0xa2, 0x9f, 0xa2, 0x91, 0x71, 0x71, 0x79, 0xa0, 0xa2, 0xa2, 0xa2, 0xa2, 0xa2, 0x9f, 0x70, 0x71, 0x6f, 0x9b, 0xa3, 0x8d, 0x71, 0x6e, 0x91, 0xa2, 0x9f, 0x9e, 0x9e, 0xa0, 0x88, 0x6b, 0x6b, 0x9b, 0x9f, 0x9f, 0x9e, 0xa2, 0x84, 0x60, 0x8e, 0xa2, 0xa1, 0xa0, 0xa1, 0xd4, 0x88, 0x84, 0x87, 0x80, 0x96, 0x96, 0x85, 0x85, 0x84, 0x80, 0x80, 0x7c, 0x84, 0x80, 0x58, 0x6b, 0x9e, 0x98, 0x99, 0xa0, 0x77, 0x50, 0x77, 0x9d, 0x99, 0x9e, 0x9c, 0x58, 0x50, 0x93, 0x98, 0x99, 0x9e, 0x77, 0x4d, 0x77, 0x9d, 0x97, 0x99, 0x8e, 0x4f, 0x71, 0x9d, 0x93, 0x9e, 0x77, 0x4d, 0x79, 0x9d, 0x97, 0x98, 0x98, 0x66, 0x4d, 0x6e, 0x98, 0x96, 0xd5, 0x67, 0x2e, 0x2e, 0x2b, 0x2e, 0x2e, 0x2e, 0x2e, 0x2e, 0x2e, 0x2e, 0x2e, 0x2e, 
  0xc4, 0xc4, 0xc4, 0xc4, 0xc0, 0xc4, 0xc0, 0xc4, 0xc0, 0xc0, 0xc0, 0xbf, 0xc0, 0xbf, 0xc0, 0xbf, 0xc0, 0xbf, 0xbf, 0xbf, 0xbe, 0xbf, 0xbe, 0xbf, 0xbe, 0xbe, 0xbe, 0xbe, 0xbf, 0xbe, 0xbf, 0xbe, 0xde, 0xce, 0xbe, 0xbe, 0xbe, 0xbe, 0xbc, 0xbe, 0xbe, 0xbc, 0xbc, 0xbe, 0xbe, 0xc1, 0xc7, 0xe4, 0x92, 0x77, 0x84, 0xa2, 0xd8, 0xa0, 0xd8, 0x9f, 0x97, 0xd7, 0xff, 0xff, 0xec, 0xd8, 0xa0, 0xa0, 0x9c, 0x9c, 0x97, 0x93, 0x96, 0x96, 0x91, 0x96, 0x9e, 0x90, 0x95, 0x93, 0x96, 0x91, 0x96, 0x97, 0x80, 0x79, 0x98, 0xa1, 0x9f, 0x9f, 0xa2, 0x9b, 0x79, 0x71, 0x91, 0xa2, 0xa0, 0x9f, 0xa0, 0xa2, 0x9e, 0x73, 0x74, 0x8e, 0xa3, 0x9f, 0xa2, 0x9f, 0xa3, 0x9c, 0x7c, 0x74, 0x8e, 0xa3, 0xa0, 0xa0, 0xec, 0xea, 0xfd, 0xfd, 0xfd, 0xfd, 0xfd, 0xea, 0xe6, 0xa2, 0xa2, 0xa0, 0xa2, 0x9f, 0xa2, 0xa0, 0x84, 0x77, 0x71, 0x91, 0xa3, 0xa0, 0xa2, 0xa2, 0xa1, 0xa3, 0x90, 0x71, 0x6b, 0x7c, 0xa2, 0x9f, 0x80, 0x71, 0x74, 0xa0, 0xa0, 0x9e, 0xa0, 0x9e, 0xa2, 0x73, 0x72, 0x74, 0xa2, 0x9e, 0xa0, 0x9e, 0x9f, 0x78, 0x64, 0x91, 0xa2, 0xa0, 0x9f, 0xd7, 0x8c, 0x87, 0x84, 0x87, 0x85, 0x92, 0x9b, 0x85, 0x85, 0x84, 0x87, 0x80, 0x84, 0x77, 0x87, 0x6a, 0x60, 0x96, 0x9a, 0x9c, 0xa0, 0x95, 0x50, 0x64, 0x9d, 0x9a, 0x9c, 0xa0, 0x71, 0x50, 0x87, 0x99, 0x99, 0x9e, 0x91, 0x50, 0x64, 0x98, 0x99, 0x97, 0x99, 0x58, 0x58, 0x98, 0x9b, 0x9a, 0x95, 0x58, 0x4f, 0x8a, 0x99, 0x91, 0x99, 0x93, 0x5b, 0x4d, 0x80, 0x93, 0x92, 0x00, 0x2e, 0x2e, 0x2e, 0x2e, 0x2e, 0x2e, 0x2b, 0x2e, 0x2b, 0x2e, 0x2e, 0x2e, 
  0xc4, 0xc4, 0xc4, 0xc4, 0xc4, 0xc4, 0xc4, 0xc0, 0xc4, 0xc0, 0xc0, 0xc0, 0xc0, 0xc0, 0xc0, 0xc0, 0xbf, 0xc0, 0xbf, 0xc0, 0xbf, 0xbf, 0xbf, 0xbe, 0xbf, 0xbe, 0xbf, 0xbe, 0xbf, 0xbe, 0xbf, 0xbe, 0xc7, 0xcf, 0xbc, 0xbf, 0xbe, 0xbe, 0xbe, 0xbe, 0xbe, 0xbe, 0xbe, 0xbe, 0xbf, 0xde, 0xcc, 0xd4, 0x84, 0x78, 0x96, 0xa3, 0xa2, 0xd8, 0xa3, 0x9e, 0x9c, 0xd7, 0xea, 0xff, 0xeb, 0xd8, 0xd7, 0xa2, 0x97, 0x9a, 0x97, 0x96, 0x98, 0x96, 0x92, 0x9c, 0x9c, 0x93, 0x93, 0x96, 0x95, 0x96, 0x96, 0x9e, 0x85, 0x70, 0x93, 0xa2, 0xa0, 0x9f, 0xa0, 0x9f, 0x79, 0x71, 0x84, 0xa3, 0xa0, 0xa2, 0x9f, 0xec, 0xa0, 0x78, 0x71, 0x84, 0x9f, 0xa2, 0x9f, 0xa2, 0xa0, 0xa2, 0x88, 0x75, 0x80, 0xa2, 0xa3, 0xa0, 0xec, 0xfc, 0xfb, 0xfd, 0xfd, 0xfe, 0xfe, 0xe8, 0xe9, 0xa3, 0xa2, 0xa2, 0x9f, 0xa2, 0xa2, 0x97, 0x73, 0x71, 0x77, 0x9f, 0xa2, 0xa2, 0xa2, 0xa0, 0xa2, 0xa1, 0x7b, 0x71, 0x71, 0x95, 0xd8, 0x96, 0x71, 0x6f, 0x88, 0xa2, 0xa0, 0xa0, 0x9f, 0xa0, 0x9c, 0x71, 0x6a, 0x80, 0xa0, 0x9f, 0x9e, 0x9f, 0x9e, 0x70, 0x6a, 0x96, 0xa3, 0xa1, 0xa2, 0x97, 0x92, 0x85, 0x84, 0x87, 0x88, 0x88, 0x9e, 0x88, 0x85, 0x88, 0x84, 0x85, 0x80, 0x80, 0x88, 0x79, 0x58, 0x87, 0x9e, 0x9e, 0xa0, 0x9e, 0x6b, 0x50, 0x93, 0x9e, 0x9c, 0xec, 0x88, 0x50, 0x6a, 0x9d, 0x99, 0x97, 0x9f, 0x66, 0x50, 0x8d, 0x9e, 0x97, 0x9f, 0x71, 0x4f, 0x87, 0x9e, 0x98, 0x9a, 0x88, 0x4d, 0x58, 0x8e, 0x97, 0x91, 0x99, 0x8d, 0x4d, 0x33, 0x94, 0xd6, 0xd4, 0x2b, 0x2e, 0x2e, 0x2b, 0x2e, 0x2b, 0x2e, 0x2b, 0x2e, 0x2b, 0x2e, 0x2e, 
  0xc4, 0xc4, 0xc4, 0xc4, 0xc4, 0xc4, 0xc4, 0xc4, 0xc0, 0xc4, 0xc0, 0xc4, 0xc0, 0xc4, 0xc0, 0xc0, 0xc0, 0xc0, 0xc0, 0xbf, 0xc0, 0xbf, 0xbf, 0xbf, 0xbf, 0xbf, 0xbf, 0xbf, 0xbf, 0xc1, 0xbf, 0xbf, 0xc7, 0xce, 0xbe, 0xbf, 0xbf, 0xbe, 0xbe, 0xbf, 0xbe, 0xbe, 0xbe, 0xbe, 0xc4, 0xde, 0x67, 0xd5, 0x70, 0x96, 0xa1, 0xa2, 0xa0, 0xa3, 0xa2, 0x96, 0x99, 0xd8, 0xff, 0xff, 0xeb, 0xd7, 0xec, 0xd7, 0x96, 0x9a, 0x96, 0x97, 0x93, 0x96, 0x93, 0xd7, 0x98, 0x93, 0x95, 0x96, 0x93, 0x96, 0x96, 0xa1, 0x85, 0x71, 0x8e, 0xa2, 0x9f, 0xa0, 0xa0, 0xa1, 0x84, 0x71, 0x7c, 0x9f, 0xa2, 0x9f, 0xa2, 0xa2, 0xa3, 0x8c, 0x74, 0x79, 0x9d, 0xa2, 0xa2, 0x9f, 0xa0, 0xa3, 0x93, 0x79, 0x7c, 0x9b, 0xd8, 0xa3, 0xff, 0xfa, 0xfd, 0xfd, 0xfe, 0xfd, 0xff, 0xe6, 0xd7, 0xa3, 0xa3, 0xa2, 0xa0, 0xa0, 0xa3, 0x84, 0x77, 0x71, 0x8d, 0xa2, 0xa2, 0xa0, 0xa2, 0xa2, 0xa3, 0x97, 0x6e, 0x71, 0x77, 0x9f, 0xa2, 0x84, 0x71, 0x71, 0x9a, 0xa1, 0xa0, 0x9f, 0x9f, 0xa2, 0x8e, 0x6b, 0x6a, 0x98, 0xa0, 0x99, 0x9f, 0x9f, 0x9c, 0x6a, 0x6f, 0x9b, 0xa2, 0xa0, 0xa2, 0x90, 0x9b, 0x84, 0x87, 0x88, 0x85, 0x84, 0x9b, 0x93, 0x84, 0x85, 0x85, 0x80, 0x84, 0x80, 0x85, 0x82, 0x58, 0x71, 0x9e, 0x9f, 0x99, 0xa0, 0x84, 0x50, 0x77, 0x9f, 0xd7, 0xd7, 0x9c, 0x58, 0x58, 0x98, 0x99, 0x9a, 0xa1, 0x77, 0x50, 0x80, 0x9e, 0x9c, 0x9e, 0x8e, 0x55, 0x6b, 0x9a, 0x98, 0x97, 0x9e, 0x71, 0x4d, 0x6b, 0x93, 0x97, 0x91, 0x99, 0x71, 0x4d, 0x80, 0x97, 0x90, 0x67, 0x2e, 0x2b, 0x2b, 0x2b, 0x2b, 0x2b, 0x2b, 0x2b, 0x2e, 0x2b, 0x2e, 
  0xc6, 0xc4, 0xc4, 0xc4, 0xc4, 0xc4, 0xc4, 0xc4, 0xc4, 0xc0, 0xc4, 0xc0, 0xc4, 0xc0, 0xc4, 0xc0, 0xc0, 0xc0, 0xc0, 0xc0, 0xc0, 0xbf, 0xc0, 0xbf, 0xc0, 0xbf, 0xc0, 0xbf, 0xc0, 0xbf, 0xc0, 0xbf, 0xc8, 0xce, 0xbe, 0xc0, 0xbe, 0xbf, 0xbe, 0xbf, 0xbe, 0xbf, 0xbe, 0xbf, 0xde, 0xe1, 0x88, 0x7b, 0xd6, 0xa3, 0xa2, 0xa2, 0xec, 0xa3, 0x9c, 0x8c, 0xd7, 0xd8, 0xeb, 0xff, 0xff, 0xa0, 0xa3, 0xd7, 0x98, 0x97, 0x96, 0x96, 0x96, 0x91, 0x97, 0x9f, 0x93, 0x96, 0x93, 0x96, 0x93, 0x96, 0x96, 0xa2, 0x92, 0x74, 0x84, 0xa1, 0xa0, 0xa0, 0xa0, 0xa0, 0x95, 0x74, 0x74, 0x96, 0xa2, 0xa0, 0xa2, 0xd7, 0xd8, 0x96, 0x77, 0x74, 0x93, 0xa2, 0xa1, 0xa0, 0xa0, 0xa0, 0x9b, 0x77, 0x79, 0x8e, 0xa3, 0xec, 0xfc, 0xfa, 0xfd, 0xfd, 0xfd, 0xfe, 0xfc, 0xd5, 0xd8, 0xa2, 0xa3, 0xa2, 0xa2, 0xa0, 0x9e, 0x77, 0x77, 0x77, 0x9e, 0xa2, 0xa2, 0xa2, 0xa2, 0xa0, 0xa2, 0x88, 0x74, 0x71, 0x8d, 0xd8, 0x9c, 0x77, 0x71, 0x80, 0x9f, 0xa1, 0xa0, 0xa1, 0xa0, 0xa1, 0x7b, 0x6b, 0x71, 0x9f, 0x9f, 0x9e, 0x9f, 0x9f, 0x90, 0x6a, 0x6c, 0xa1, 0xa2, 0xa1, 0xa2, 0x84, 0x96, 0x88, 0x85, 0x84, 0x8d, 0x84, 0x92, 0x9b, 0x85, 0x85, 0x84, 0x85, 0x80, 0x84, 0x80, 0x93, 0x6b, 0x60, 0x96, 0x9f, 0x9c, 0x9f, 0x96, 0x60, 0x66, 0x98, 0x9f, 0xd7, 0x9f, 0x74, 0x50, 0x87, 0x9e, 0x9c, 0x9f, 0x93, 0x50, 0x6a, 0x9a, 0x9c, 0x9b, 0x9d, 0x60, 0x50, 0x8a, 0x97, 0x97, 0x97, 0x98, 0x58, 0x4d, 0x77, 0x99, 0x91, 0x97, 0x95, 0x4f, 0x5c, 0x9d, 0x90, 0x00, 0x2e, 0x2b, 0x2b, 0x2b, 0x2b, 0x2b, 0x2b, 0x2b, 0x2b, 0x2e, 0x2e, 
  0xc4, 0xc6, 0xc6, 0xc4, 0xc4, 0xc4, 0xc4, 0xc4, 0xc4, 0xc4, 0xc4, 0xc4, 0xc4, 0xc0, 0xc4, 0xc0, 0xc4, 0xc4, 0xc0, 0xc0, 0xc0, 0xc0, 0xc0, 0xc0, 0xc0, 0xc0, 0xbf, 0xc0, 0xbf, 0xc0, 0xc0, 0xbf, 0xc8, 0xcc, 0xbe, 0xc0, 0xbf, 0xbf, 0xbf, 0xbe, 0xbf, 0xbe, 0xbf, 0xc4, 0xdf, 0x6d, 0x7e, 0x96, 0xd8, 0xa2, 0xa3, 0xa2, 0xa2, 0xa1, 0x91, 0x8c, 0xa2, 0xd8, 0xec, 0xff, 0xeb, 0xec, 0xd8, 0x97, 0x9b, 0x97, 0x9b, 0x96, 0x96, 0x96, 0x9c, 0x9e, 0x96, 0x93, 0x96, 0x95, 0x96, 0x96, 0x9a, 0xa3, 0x93, 0x77, 0x79, 0x9f, 0xa0, 0x9f, 0xa0, 0x9e, 0x9e, 0x79, 0x79, 0x8d, 0xa2, 0xa0, 0xa1, 0xa0, 0xa0, 0x9f, 0x79, 0x77, 0x87, 0xa2, 0xa2, 0xa2, 0x9f, 0xa2, 0xa2, 0x84, 0x77, 0x84, 0xa3, 0xff, 0xfc, 0xfd, 0xfd, 0xfd, 0xfe, 0xff, 0xe8, 0x97, 0xd8, 0xa2, 0xa3, 0xa2, 0x9f, 0xa3, 0x92, 0x77, 0x77, 0x88, 0xa3, 0xa2, 0xa0, 0xa2, 0xa0, 0xa2, 0x9c, 0x74, 0x71, 0x77, 0x9e, 0xd8, 0x8c, 0x77, 0x71, 0x91, 0xa2, 0xec, 0xa0, 0x9f, 0xa0, 0x9b, 0x77, 0x6a, 0x84, 0x9f, 0x9f, 0x9f, 0x9f, 0xa2, 0x84, 0x64, 0x77, 0xa1, 0xa0, 0xa2, 0xa2, 0x7b, 0x96, 0x8e, 0x84, 0x8d, 0x85, 0x88, 0x88, 0x9b, 0x85, 0x88, 0x85, 0x80, 0x85, 0x84, 0x80, 0x8d, 0x84, 0x60, 0x80, 0x9f, 0x9c, 0x9e, 0x9f, 0x6f, 0x60, 0x91, 0x9f, 0xd7, 0xa0, 0x88, 0x58, 0x77, 0x9e, 0x9f, 0x9c, 0x9e, 0x6a, 0x58, 0x8e, 0x9f, 0x9d, 0x9f, 0x84, 0x50, 0x6b, 0x98, 0x97, 0x9a, 0xd7, 0x87, 0x4d, 0x58, 0x93, 0x97, 0x97, 0x9d, 0x68, 0x4d, 0x96, 0x9c, 0x7e, 0x67, 0x2e, 0x2b, 0x2b, 0x2b, 0x2b, 0x2b, 0x2b, 0x2e, 0x2b, 0x2e, 
  0xc6, 0xc6, 0xc4, 0xc6, 0xc4, 0xc6, 0xc4, 0xc6, 0xc4, 0xc4, 0xc4, 0xc4, 0xc4, 0xc4, 0xc4, 0xc0, 0xc4, 0xc0, 0xc4, 0xc0, 0xc4, 0xc0, 0xc0, 0xc0, 0xc0, 0xc0, 0xc0, 0xc0, 0xc0, 0xc0, 0xc0, 0xbf, 0xca, 0xcb, 0xbe, 0xc0, 0xbf, 0xbf, 0xbf, 0xbf, 0xbe, 0xbf, 0xc1, 0xc6, 0xcf, 0xd5, 0x7e, 0xd8, 0xa3, 0xa3, 0xa3, 0xa0, 0x9b, 0x91, 0x84, 0x98, 0xd8, 0xd8, 0xec, 0xeb, 0xff, 0xd8, 0xa3, 0x97, 0x9b, 0x9b, 0x96, 0x9b, 0x96, 0x97, 0xd7, 0x9a, 0x93, 0x98, 0x96, 0x96, 0x93, 0x96, 0x9a, 0xa3, 0x9b, 0x79, 0x77, 0x9d, 0xa3, 0xa0, 0x9e, 0xa0, 0xa0, 0x84, 0x71, 0x85, 0x9f, 0xa2, 0xa0, 0x9f, 0xa0, 0xa0, 0x84, 0x77, 0x79, 0x9f, 0xa2, 0xa0, 0xa2, 0x9f, 0xa3, 0x93, 0x77, 0x80, 0x9c, 0xea, 0xfd, 0xfd, 0xfd, 0xfd, 0xfe, 0xfc, 0x00, 0xa3, 0xa2, 0xa2, 0xa3, 0xa2, 0xa2, 0xa1, 0x7b, 0x79, 0x74, 0x99, 0xa3, 0xa0, 0xa2, 0xa2, 0xa0, 0xa3, 0x92, 0x74, 0x71, 0x85, 0xd8, 0x9e, 0x78, 0x77, 0x77, 0x9f, 0xa3, 0x9f, 0xa2, 0x9e, 0xa2, 0x8d, 0x6f, 0x71, 0x90, 0xa3, 0x9e, 0xa0, 0x9f, 0xa2, 0x80, 0x6a, 0x80, 0xa2, 0xa2, 0xa2, 0xa0, 0x73, 0x91, 0x96, 0x85, 0x87, 0x88, 0x88, 0x84, 0x9a, 0x92, 0x85, 0x85, 0x85, 0x85, 0x84, 0x80, 0x88, 0x96, 0x6a, 0x6b, 0x9d, 0x9f, 0xd7, 0xa2, 0x8d, 0x58, 0x77, 0xa0, 0x9e, 0x9f, 0x9b, 0x58, 0x60, 0x98, 0x9f, 0x9c, 0xa0, 0x79, 0x50, 0x80, 0x9d, 0x9b, 0x9e, 0x9a, 0x60, 0x55, 0x84, 0x99, 0x96, 0x9b, 0x9e, 0x6b, 0x4d, 0x71, 0x9a, 0x91, 0x9c, 0x88, 0x4d, 0x8d, 0x9e, 0xd5, 0x6d, 0x2b, 0x2b, 0x2b, 0x2b, 0x2b, 0x2b, 0x2b, 0x2b, 0x2e, 0x2e, 
  0xc6, 0xc6, 0xc6, 0xc6, 0xc6, 0xc6, 0xc6, 0xc4, 0xc6, 0xc4, 0xc4, 0xc4, 0xc4, 0xc4, 0xc4, 0xc4, 0xc4, 0xc4, 0xc4, 0xc4, 0xc4, 0xc0, 0xc4, 0xc0, 0xc4, 0xc0, 0xc0, 0xc0, 0xc0, 0xc0, 0xc0, 0xbf, 0x48, 0xcb, 0xbe, 0xc0, 0xc0, 0xbf, 0xbf, 0xbf, 0xc0, 0xc1, 0xc4, 0xca, 0x7e, 0x7b, 0x9c, 0xd8, 0xa0, 0xd8, 0x9c, 0x88, 0x84, 0x84, 0x91, 0x9f, 0xd8, 0xd8, 0xd8, 0xeb, 0xeb, 0xec, 0xec, 0x97, 0x9b, 0x9b, 0x96, 0x9b, 0x97, 0x96, 0x9f, 0x97, 0x96, 0x96, 0x97, 0x95, 0x98, 0x96, 0xa1, 0xa0, 0x9a, 0x79, 0x77, 0x93, 0xa3, 0xa2, 0xa0, 0xa0, 0xa0, 0x88, 0x71, 0x79, 0x9b, 0xa0, 0x9f, 0xa0, 0x9f, 0xa3, 0x91, 0x71, 0x77, 0x96, 0xa3, 0xa0, 0xa0, 0xa2, 0xa3, 0x99, 0x77, 0x84, 0xd6, 0xfc, 0xfd, 0xfd, 0xfd, 0xfe, 0xfe, 0xd5, 0xd5, 0xa3, 0xa2, 0xa2, 0xa2, 0xa2, 0xa2, 0x96, 0x71, 0x77, 0x80, 0xa2, 0xa2, 0xa2, 0xa2, 0xa0, 0xa3, 0xd7, 0x80, 0x71, 0x71, 0x9e, 0xd8, 0x8e, 0x77, 0x71, 0x8c, 0xa3, 0xa0, 0xa2, 0xa0, 0x9f, 0x9f, 0x79, 0x71, 0x6f, 0xa1, 0xa0, 0x9f, 0x9f, 0x9f, 0x9c, 0x71, 0x6a, 0x8d, 0xa2, 0x9f, 0xa0, 0x9f, 0x70, 0x88, 0x9b, 0x88, 0x8d, 0x88, 0x8d, 0x84, 0x97, 0x96, 0x80, 0x8d, 0x85, 0x87, 0x85, 0x84, 0x7c, 0xa1, 0x77, 0x66, 0x92, 0x9f, 0x9f, 0x9f, 0x9e, 0x60, 0x6b, 0x9d, 0x9e, 0x9f, 0x9f, 0x71, 0x58, 0x93, 0x9f, 0x9c, 0x9f, 0x93, 0x58, 0x6a, 0x9d, 0x9c, 0x9a, 0x9f, 0x84, 0x4f, 0x60, 0x95, 0x97, 0x98, 0x99, 0x91, 0x4d, 0x58, 0x95, 0x97, 0x97, 0x99, 0x50, 0x71, 0xa0, 0x8c, 0x00, 0x67, 0x00, 0x2b, 0x00, 0x2b, 0x2b, 0x2b, 0x2b, 0x2b, 0x2e, 
  0xc6, 0xc6, 0xc6, 0xc6, 0xc6, 0xc6, 0xc6, 0xc6, 0xc6, 0xc4, 0xc6, 0xc4, 0xc6, 0xc4, 0xc4, 0xc4, 0xc4, 0xc4, 0xc4, 0xc4, 0xc4, 0xc4, 0xc4, 0xc4, 0xc4, 0xc0, 0xc4, 0xc0, 0xc4, 0xc0, 0xc0, 0xbf, 0xca, 0xcc, 0xbf, 0xc0, 0xc0, 0xbf, 0xc0, 0xc1, 0xc0, 0xc1, 0xc7, 0x53, 0xd4, 0x7e, 0xd8, 0xa3, 0xa3, 0xa0, 0x90, 0x7e, 0x97, 0xa2, 0xa3, 0xd8, 0xd8, 0xd8, 0xd8, 0xec, 0xeb, 0xec, 0x9f, 0x97, 0x9d, 0x96, 0x9b, 0x97, 0x96, 0x97, 0x9e, 0x97, 0x96, 0x97, 0x9b, 0x96, 0x98, 0x96, 0xa2, 0xa0, 0x9f, 0x87, 0x77, 0x8d, 0xa2, 0xa0, 0xa2, 0xa0, 0xa2, 0x99, 0x79, 0x79, 0x96, 0xa2, 0xa0, 0x9f, 0xa0, 0xa2, 0x9c, 0x77, 0x77, 0x8d, 0xa3, 0xa0, 0xa0, 0xa2, 0xec, 0xa3, 0x84, 0x8c, 0xd7, 0xfa, 0xfd, 0xfd, 0xfd, 0xfe, 0xff, 0x7e, 0xec, 0xa2, 0xa2, 0xa0, 0xa2, 0xa2, 0xa2, 0x84, 0x77, 0x71, 0x91, 0xa3, 0xa2, 0xa2, 0xa2, 0xa2, 0xd8, 0x97, 0x74, 0x71, 0x80, 0xa3, 0xa0, 0x80, 0x77, 0x77, 0x9f, 0xa3, 0xa0, 0xa0, 0x9f, 0xa2, 0x97, 0x77, 0x71, 0x85, 0xa2, 0xa2, 0x9f, 0xa0, 0x9f, 0x93, 0x6b, 0x6b, 0x98, 0xa2, 0x9f, 0xa2, 0x9e, 0x6e, 0x84, 0xa2, 0x88, 0x8d, 0x8c, 0x8d, 0x8c, 0x92, 0x9b, 0x85, 0x88, 0x88, 0x85, 0x85, 0x85, 0xd4, 0x9c, 0x97, 0x66, 0x74, 0x9f, 0x9e, 0x9c, 0xa0, 0x77, 0x60, 0x96, 0x9f, 0x9e, 0x9f, 0x80, 0x58, 0x80, 0x9f, 0x9c, 0x9b, 0xa1, 0x6a, 0x58, 0x8d, 0x9e, 0x9a, 0x99, 0x9a, 0x60, 0x50, 0x84, 0x99, 0x98, 0x99, 0x9e, 0x58, 0x4d, 0x8b, 0x99, 0x97, 0x99, 0x60, 0x60, 0xa1, 0x90, 0x7b, 0x2b, 0x00, 0x2b, 0x00, 0x2b, 0x00, 0x2b, 0x2b, 0x2e, 0x2e, 
  0xc6, 0xc6, 0xc6, 0xc6, 0xc6, 0xc6, 0xc6, 0xc6, 0xc6, 0xc6, 0xc6, 0xc4, 0xc6, 0xc4, 0xc6, 0xc4, 0xc4, 0xc4, 0xc4, 0xc4, 0xc4, 0xc4, 0xc4, 0xc0, 0xc4, 0xc4, 0xc4, 0xc4, 0xc0, 0xc0, 0xc4, 0xbf, 0xcb, 0xcb, 0xbf, 0xc4, 0xc0, 0xc0, 0xbf, 0xc4, 0xc4, 0xc6, 0xcb, 0xd4, 0x00, 0x9c, 0xd8, 0xa2, 0xa3, 0x96, 0x84, 0x96, 0xa3, 0xa3, 0xd8, 0xd8, 0xd8, 0xd8, 0xa2, 0xd7, 0xeb, 0xd8, 0xd7, 0x9b, 0x97, 0x9b, 0x96, 0x9b, 0x97, 0x9b, 0x9b, 0x96, 0x97, 0x96, 0x96, 0x96, 0x98, 0x9b, 0xa2, 0xa2, 0xa0, 0x91, 0x71, 0x80, 0xa1, 0xa3, 0xa0, 0xa0, 0xa2, 0x9e, 0x79, 0x74, 0x88, 0xa2, 0xa2, 0xa0, 0xa0, 0xa2, 0xa0, 0x82, 0x77, 0x7c, 0x9f, 0xa2, 0xa2, 0xa3, 0xa2, 0xd8, 0x91, 0xd6, 0xfc, 0xfd, 0xfd, 0xfd, 0xfe, 0xfe, 0xea, 0xe9, 0xa3, 0xa2, 0xa2, 0xa2, 0xa2, 0xa2, 0x9c, 0x77, 0x79, 0x7c, 0xa1, 0xa3, 0xa2, 0xa2, 0xa0, 0xa1, 0xa2, 0x85, 0x74, 0x6f, 0x96, 0xd8, 0x96, 0x77, 0x71, 0x85, 0xa3, 0xa3, 0xa0, 0xa2, 0xa0, 0xa3, 0x8c, 0x71, 0x6f, 0x95, 0xa2, 0xa2, 0xa0, 0x9f, 0xa0, 0x88, 0x6b, 0x71, 0xa1, 0xa0, 0x9f, 0xa0, 0x9c, 0x68, 0x88, 0xa2, 0x8e, 0x88, 0x8d, 0x8c, 0x8d, 0x8c, 0x9e, 0x8d, 0x85, 0x88, 0x85, 0x85, 0x88, 0x84, 0x8c, 0xa2, 0x77, 0x66, 0x96, 0xa2, 0x9e, 0x9f, 0x8e, 0x60, 0x80, 0xa1, 0x99, 0x9f, 0x95, 0x58, 0x6b, 0x9e, 0x9f, 0x9b, 0x9f, 0x79, 0x50, 0x71, 0x9d, 0x97, 0x9a, 0x9e, 0x80, 0x4d, 0x6a, 0x9d, 0x9c, 0x91, 0x9e, 0x79, 0x4d, 0x71, 0x9a, 0x97, 0x9f, 0x71, 0x58, 0x9f, 0x99, 0x7e, 0x7b, 0x2b, 0x00, 0x2b, 0x00, 0x2b, 0x2b, 0x2b, 0x2b, 0x2e, 
  0xc7, 0xc7, 0xc6, 0xc7, 0xc6, 0xc6, 0xc6, 0xc6, 0xc6, 0xc6, 0xc6, 0xc6, 0xc6, 0xc6, 0xc4, 0xc6, 0xc4, 0xc6, 0xc4, 0xc4, 0xc4, 0xc4, 0xc4, 0xc4, 0xc4, 0xc4, 0xc4, 0xc4, 0xc4, 0xc4, 0xc4, 0xbf, 0xcc, 0xcb, 0xbf, 0xc4, 0xc0, 0xc0, 0xc4, 0xc1, 0xc6, 0xdf, 0x5e, 0x7e, 0x90, 0xd8, 0xa3, 0xa3, 0x9f, 0x84, 0x8c, 0xa3, 0xa3, 0xd8, 0xd8, 0xd8, 0xd8, 0xa2, 0x9c, 0xd7, 0xec, 0xec, 0x9f, 0x9a, 0x9a, 0x9b, 0x97, 0x9b, 0x96, 0x9f, 0x97, 0x97, 0x97, 0x96, 0x96, 0x9a, 0x93, 0x9e, 0xa3, 0x9f, 0xa0, 0x9a, 0x80, 0x79, 0x9b, 0xa2, 0xa0, 0xa2, 0xa0, 0xa2, 0x84, 0x79, 0x80, 0x9e, 0xa3, 0xa0, 0xa0, 0xa0, 0xa2, 0x8c, 0x77, 0x79, 0x97, 0xa3, 0xa2, 0xa2, 0xa2, 0xd8, 0xec, 0xea, 0xfc, 0xfd, 0xfd, 0xfd, 0xfe, 0xff, 0xe8, 0xd7, 0xd8, 0xa2, 0xa2, 0xa2, 0xa2, 0xa2, 0x90, 0x77, 0x77, 0x8d, 0xa3, 0xa2, 0xa0, 0xa0, 0xa2, 0xa2, 0x96, 0x77, 0x71, 0x80, 0xa2, 0xa2, 0x88, 0x77, 0x77, 0x99, 0xa3, 0xa2, 0xa0, 0xa0, 0xa2, 0x9e, 0x77, 0x71, 0x79, 0x9f, 0xa2, 0xa0, 0xa1, 0x9f, 0x9f, 0x79, 0x6b, 0x7f, 0xa2, 0x9f, 0xa0, 0xa0, 0x96, 0x6b, 0x84, 0xa3, 0x8e, 0x88, 0x8d, 0x8d, 0x8d, 0x88, 0xd7, 0x92, 0x88, 0x88, 0x88, 0x84, 0x84, 0x85, 0x8c, 0xa3, 0x8e, 0x68, 0x85, 0xa1, 0x9e, 0xa0, 0x96, 0x6a, 0x79, 0x9e, 0x9e, 0x9c, 0x9e, 0x6b, 0x58, 0x8f, 0x9f, 0x9b, 0x9e, 0x95, 0x58, 0x60, 0x93, 0x9e, 0x9c, 0x9e, 0x98, 0x50, 0x50, 0x93, 0x9b, 0x99, 0x9f, 0x91, 0x50, 0x60, 0x9e, 0x97, 0x9e, 0x84, 0x58, 0x96, 0x9f, 0x7b, 0x7e, 0x2b, 0x00, 0x00, 0x2b, 0x00, 0x2b, 0x2b, 0x2e, 0x2e, 
  0xc7, 0xc7, 0xc7, 0xc7, 0xc6, 0xc6, 0xc6, 0xc6, 0xc6, 0xc6, 0xc6, 0xc6, 0xc6, 0xc6, 0xc6, 0xc4, 0xc6, 0xc4, 0xc6, 0xc4, 0xc6, 0xc4, 0xc4, 0xc4, 0xc4, 0xc4, 0xc4, 0xc4, 0xc4, 0xc4, 0xc4, 0xc0, 0xcc, 0xca, 0xc0, 0xc0, 0xc4, 0xc0, 0xc4, 0xc4, 0xc8, 0xe1, 0xd5, 0xd5, 0xa3, 0xd8, 0xa0, 0xa2, 0x90, 0x88, 0x9f, 0xd8, 0xa0, 0xa3, 0xa3, 0xa3, 0x9f, 0x99, 0x9d, 0xeb, 0xd8, 0xec, 0x9c, 0x9a, 0x9b, 0x96, 0x9b, 0x97, 0x97, 0x9b, 0x96, 0x97, 0x96, 0x96, 0x96, 0x9a, 0x96, 0x9f, 0xa3, 0xa0, 0xa0, 0xa2, 0x84, 0x79, 0x8e, 0xa3, 0xa0, 0xa0, 0x9f, 0xa3, 0x96, 0x79, 0x79, 0x98, 0xa3, 0xa0, 0xa0, 0xa0, 0xa0, 0x9b, 0x79, 0x82, 0x8e, 0xa3, 0xa3, 0xa2, 0xa3, 0xec, 0xd8, 0xfc, 0xfa, 0xfd, 0xfe, 0xfe, 0xfe, 0xea, 0xd4, 0xd8, 0xa3, 0xa2, 0xa2, 0xa2, 0xa2, 0x9e, 0x7b, 0x80, 0x77, 0x9c, 0xd8, 0xa2, 0xa2, 0xa0, 0xa0, 0xa1, 0x88, 0x71, 0x71, 0x91, 0xd8, 0x97, 0x80, 0x77, 0x80, 0xa2, 0xa3, 0xa2, 0xa0, 0xa2, 0xa2, 0x97, 0x71, 0x71, 0x8e, 0xa2, 0xa0, 0xa0, 0x9f, 0xa0, 0x9a, 0x71, 0x6b, 0x8e, 0xa3, 0xa0, 0x9e, 0xa2, 0x91, 0x66, 0x88, 0xd8, 0x96, 0x88, 0x88, 0x8d, 0x8d, 0x88, 0x97, 0x9a, 0x84, 0x88, 0x88, 0x88, 0x84, 0x88, 0x88, 0x9e, 0x9e, 0x70, 0x70, 0x9d, 0x9f, 0x9f, 0x9f, 0x71, 0x6a, 0x99, 0x9f, 0x9e, 0x9f, 0x77, 0x50, 0x82, 0x9d, 0x9e, 0x99, 0x9e, 0x6b, 0x50, 0x80, 0x9d, 0x9e, 0x9e, 0x9e, 0x6c, 0x50, 0x6f, 0x9e, 0x97, 0xd7, 0x98, 0x60, 0x58, 0x98, 0x99, 0xd7, 0x95, 0x5a, 0x8d, 0xa2, 0x8c, 0x00, 0x00, 0x2b, 0x00, 0x00, 0x2b, 0x2b, 0x2b, 0x2b, 0x2e, 
  0xc8, 0xc7, 0xc8, 0xc6, 0xc8, 0xc6, 0xc7, 0xc6, 0xc6, 0xc6, 0xc6, 0xc6, 0xc6, 0xc6, 0xc6, 0xc6, 0xc6, 0xc6, 0xc6, 0xc6, 0xc6, 0xc6, 0xc4, 0xc6, 0xc4, 0xc4, 0xc4, 0xc4, 0xc4, 0xc4, 0xc6, 0xbf, 0xce, 0xc8, 0xc0, 0xc4, 0xc0, 0xc4, 0xc0, 0xc6, 0xca, 0x6d, 0xd6, 0xec, 0xd8, 0xa2, 0xa0, 0x91, 0x84, 0x9c, 0xd8, 0xa2, 0xd8, 0xd8, 0xa0, 0x99, 0x97, 0x9e, 0xa3, 0xd8, 0xec, 0xa0, 0x9c, 0x9d, 0x96, 0x9a, 0x96, 0x9b, 0x97, 0x9f, 0x96, 0x96, 0x9b, 0x96, 0x98, 0x97, 0x9a, 0xa2, 0xa2, 0xa2, 0xa2, 0xa2, 0x8c, 0x7a, 0x88, 0xa3, 0xa2, 0xec, 0x9f, 0xa2, 0x9f, 0x79, 0x79, 0x8e, 0xa3, 0xa1, 0xa2, 0xa0, 0xa2, 0x9f, 0x84, 0x79, 0x84, 0xa2, 0xa0, 0xa3, 0xa2, 0xec, 0xff, 0xfc, 0xfd, 0xfe, 0xfe, 0xfd, 0xff, 0xe8, 0xd6, 0xa3, 0xa2, 0xa3, 0xa2, 0xa0, 0xa3, 0x91, 0x80, 0x77, 0x8c, 0xa3, 0xa2, 0xa3, 0xa0, 0xa3, 0xa2, 0x9e, 0x77, 0x71, 0x77, 0xa2, 0xd8, 0x8c, 0x82, 0x79, 0x91, 0xa3, 0xa2, 0xa0, 0xa2, 0xa0, 0x9f, 0x88, 0x71, 0x71, 0x9c, 0xa2, 0xa2, 0x9f, 0xa0, 0xa0, 0x92, 0x6f, 0x71, 0x9a, 0xa3, 0xa2, 0x9f, 0xa3, 0x88, 0x66, 0x93, 0xa3, 0x9b, 0x88, 0x8d, 0x8d, 0x8e, 0x8e, 0x8e, 0x9e, 0x84, 0x8c, 0x88, 0x84, 0x87, 0x84, 0x87, 0x97, 0xa3, 0x88, 0x69, 0x96, 0xa1, 0x9f, 0xa2, 0x84, 0x60, 0x91, 0x9e, 0xd7, 0xa0, 0x8e, 0x58, 0x6b, 0x9f, 0x9a, 0x9c, 0xa2, 0x84, 0x50, 0x60, 0x9d, 0x9e, 0x99, 0x9f, 0x87, 0x4f, 0x60, 0x9d, 0x9c, 0x9e, 0xa1, 0x71, 0x50, 0x91, 0x9e, 0x9e, 0x9a, 0x64, 0x78, 0x9f, 0x97, 0x6d, 0x90, 0x00, 0x5d, 0x2b, 0x6d, 0x2b, 0x2b, 0x2e, 0x2b, 
  0xc8, 0xc7, 0xc8, 0xc7, 0xc7, 0xc7, 0xc7, 0xc7, 0xc7, 0xc7, 0xc6, 0xc6, 0xc6, 0xc6, 0xc6, 0xc6, 0xc6, 0xc6, 0xc6, 0xc6, 0xc6, 0xc6, 0xc6, 0xc4, 0xc6, 0xc4, 0xc4, 0xc4, 0xc4, 0xc4, 0xc6, 0xc4, 0xcf, 0xc7, 0xc4, 0xc4, 0xc4, 0xc4, 0xc4, 0xc8, 0x4e, 0xd6, 0xeb, 0xeb, 0xec, 0xa0, 0x90, 0x8c, 0x9e, 0xa3, 0xa3, 0xa3, 0xa3, 0xa2, 0x97, 0x97, 0x9e, 0xa2, 0xd8, 0xd8, 0xec, 0x9f, 0x9c, 0x9d, 0x96, 0x9a, 0x97, 0x98, 0x9c, 0x9e, 0x96, 0x9b, 0x96, 0x9b, 0x96, 0x9a, 0x9b, 0x9f, 0xa2, 0x9f, 0xa0, 0xa3, 0x91, 0x77, 0x84, 0x9f, 0xa2, 0xa2, 0xa2, 0xa0, 0xa1, 0x80, 0x79, 0x88, 0xa2, 0xa0, 0xa2, 0xa2, 0xa2, 0xa2, 0x91, 0x77, 0x80, 0x9c, 0xa3, 0xa2, 0xa3, 0xec, 0xff, 0xfa, 0xfd, 0xfe, 0xfd, 0xfe, 0xfe, 0x7e, 0xa3, 0xa2, 0xa2, 0xa0, 0xa2, 0xa0, 0xa0, 0x84, 0x79, 0x79, 0x97, 0xa3, 0xa3, 0xa0, 0xa3, 0xa0, 0xa3, 0x91, 0x77, 0x77, 0x8c, 0xa3, 0xa0, 0x84, 0x79, 0x79, 0x9f, 0xa0, 0xa2, 0xa2, 0xa0, 0xa2, 0x9b, 0x73, 0x71, 0x87, 0xa3, 0x9f, 0xa2, 0xa0, 0xa2, 0xa0, 0x80, 0x71, 0x80, 0xa1, 0xa2, 0xa0, 0x9f, 0xa2, 0x7c, 0x6b, 0x96, 0xd8, 0x9e, 0x8c, 0x8d, 0x88, 0x8f, 0x8e, 0x8c, 0x9a, 0x8e, 0x84, 0x8e, 0x88, 0x84, 0x87, 0x84, 0x96, 0xa2, 0x96, 0x6f, 0x88, 0xa2, 0x9e, 0xa3, 0x8e, 0x60, 0x84, 0xa0, 0x9e, 0x9f, 0x9a, 0x60, 0x58, 0x96, 0x9f, 0x99, 0xa1, 0x98, 0x58, 0x58, 0x8d, 0x9f, 0x9a, 0x9e, 0x98, 0x58, 0x58, 0x93, 0x9f, 0xd7, 0x9e, 0x87, 0x50, 0x84, 0xa0, 0x9a, 0x9f, 0x6e, 0x6e, 0x9e, 0xa3, 0x7b, 0x7b, 0xa0, 0x90, 0x00, 0x2b, 0x2e, 0x2e, 0x2b, 0x2e, 
  0xc8, 0xc8, 0xc8, 0xc8, 0xc7, 0xc8, 0xc7, 0xc7, 0xc7, 0xc7, 0xc7, 0xc7, 0xc6, 0xc7, 0xc6, 0xc6, 0xc6, 0xc6, 0xc6, 0xc6, 0xc6, 0xc6, 0xc6, 0xc6, 0xc6, 0xc6, 0xc6, 0xc6, 0xc6, 0xc4, 0xc6, 0xc4, 0x4e, 0xc5, 0xc4, 0xc4, 0xc4, 0xc4, 0xc8, 0xcb, 0xe6, 0xeb, 0xfe, 0xff, 0xff, 0xeb, 0xec, 0xd7, 0xec, 0xd8, 0xd8, 0xd8, 0xa3, 0x96, 0x91, 0x9a, 0xa0, 0xd8, 0xd8, 0xd8, 0xec, 0x9f, 0x9e, 0x9a, 0x9b, 0x96, 0x9a, 0x97, 0x9e, 0x99, 0x96, 0x96, 0x9b, 0x96, 0x9a, 0x9b, 0x9c, 0x8c, 0xa2, 0xa2, 0x9f, 0xa2, 0x9c, 0x79, 0x80, 0x97, 0xa2, 0xa2, 0xa2, 0xa0, 0xa2, 0x8e, 0x79, 0x84, 0x9d, 0xa3, 0xa2, 0x9f, 0xa2, 0xa2, 0x96, 0x80, 0x79, 0x92, 0xa3, 0xa3, 0xa2, 0xec, 0xfc, 0xfd, 0xfd, 0xfe, 0xfe, 0xfe, 0xd5, 0xe9, 0xd8, 0xa2, 0xa2, 0xa2, 0xa2, 0xa3, 0x97, 0x79, 0x77, 0x84, 0xa2, 0xa2, 0xa2, 0xa3, 0xa0, 0xa3, 0x9f, 0x77, 0x77, 0x77, 0x9b, 0xd8, 0x93, 0x77, 0x80, 0x91, 0xa3, 0xa0, 0xa2, 0xa0, 0xa2, 0xa2, 0x8c, 0x79, 0x73, 0x93, 0xa2, 0xa2, 0x9f, 0xa2, 0xa2, 0x97, 0x71, 0x71, 0x8d, 0xa2, 0x9f, 0xa2, 0xa0, 0x9f, 0x74, 0x74, 0x9b, 0xa3, 0xa2, 0x92, 0x8e, 0x8d, 0x8e, 0x8e, 0x88, 0x9a, 0x96, 0x8c, 0x8c, 0x87, 0x84, 0x8d, 0x84, 0x8e, 0xa2, 0x9d, 0x71, 0x80, 0xa0, 0x9e, 0xa2, 0x98, 0x60, 0x77, 0x9a, 0x99, 0x9e, 0xa1, 0x6b, 0x50, 0x87, 0x9f, 0x9e, 0x9f, 0xa1, 0x6b, 0x50, 0x79, 0x9e, 0x99, 0x9e, 0x9f, 0x6b, 0x50, 0x84, 0x9f, 0x9f, 0x9f, 0x91, 0x58, 0x77, 0x9f, 0x99, 0xa1, 0x84, 0x60, 0x98, 0x9f, 0x9e, 0x68, 0x7b, 0xa0, 0xd8, 0xa3, 0xd6, 0x7e, 0x2e, 0x2b, 
  0xc8, 0xc8, 0xc8, 0xc8, 0xc8, 0xc8, 0xc8, 0xc8, 0xc7, 0xc7, 0xc7, 0xc7, 0xc7, 0xc7, 0xc6, 0xc6, 0xc6, 0xc6, 0xc6, 0xc6, 0xc6, 0xc6, 0xc6, 0xc6, 0xc6, 0xc4, 0xc6, 0xc4, 0xc6, 0xc7, 0xc4, 0xc8, 0x4e, 0xc4, 0xc6, 0xc6, 0xc6, 0xde, 0xcb, 0xcf, 0xeb, 0xfc, 0xff, 0xfe, 0xff, 0xff, 0xeb, 0xff, 0xeb, 0xeb, 0xd8, 0xec, 0x91, 0x88, 0x96, 0xa3, 0xa3, 0xd8, 0xd8, 0xd8, 0xd8, 0x9c, 0x9e, 0x98, 0x96, 0x9a, 0x96, 0x9a, 0x9e, 0x97, 0x97, 0x9b, 0x98, 0x9b, 0x9b, 0x9a, 0x9b, 0x8c, 0x9f, 0xa2, 0xa2, 0xa0, 0x9f, 0x84, 0x77, 0x91, 0xa2, 0xa1, 0xa2, 0xa2, 0xa3, 0x97, 0x80, 0x80, 0x96, 0xa2, 0xa0, 0xa2, 0xa2, 0xa2, 0xa0, 0x84, 0x80, 0x8d, 0xa2, 0xa3, 0xa3, 0xea, 0xfc, 0xfd, 0xfc, 0xfc, 0xfe, 0xfe, 0x7e, 0xec, 0xa3, 0xa2, 0xa0, 0xa2, 0xa0, 0xa0, 0x87, 0x80, 0x77, 0x93, 0xa2, 0xa3, 0xa0, 0xa3, 0xa0, 0xa3, 0x91, 0x77, 0x77, 0x87, 0xa3, 0xa1, 0x84, 0x84, 0x80, 0x9e, 0xa3, 0xa3, 0xa0, 0xa1, 0xa0, 0x9e, 0x79, 0x77, 0x80, 0xa2, 0xa2, 0x9f, 0xa2, 0x9f, 0xa3, 0x84, 0x71, 0x71, 0x9b, 0xa2, 0x9f, 0x9f, 0xa2, 0x97, 0x6c, 0x74, 0x9f, 0xa2, 0xa3, 0x90, 0x8e, 0x8e, 0x8d, 0x8e, 0x8c, 0x96, 0x9b, 0x84, 0x8e, 0x88, 0x87, 0x8d, 0x87, 0x88, 0x9f, 0xa1, 0x77, 0x73, 0x9f, 0x9e, 0xa0, 0xa0, 0x66, 0x71, 0x9a, 0x9a, 0x9e, 0xa1, 0x84, 0x50, 0x6f, 0x9e, 0x9e, 0xd7, 0xa2, 0x8d, 0x50, 0x6b, 0x9e, 0x9a, 0x9c, 0xa2, 0x7f, 0x58, 0x71, 0x9f, 0x9c, 0x9f, 0x9e, 0x60, 0x6b, 0x9e, 0x9e, 0x9f, 0x98, 0x5c, 0x84, 0xa1, 0x9f, 0x9d, 0x7b, 0x6d, 0x6d, 0x7b, 0xd5, 0x9c, 0xe9, 0x2b, 
  0xc8, 0xca, 0xc8, 0xc8, 0xc8, 0xc8, 0xc8, 0xc7, 0xc8, 0xc7, 0xc8, 0xc7, 0xc7, 0xc8, 0xc7, 0xc7, 0xc7, 0xc7, 0xc6, 0xc6, 0xc6, 0xc6, 0xc6, 0xc6, 0xc6, 0xc6, 0xc6, 0xc6, 0xc6, 0xc6, 0xc4, 0xcc, 0xcc, 0xc2, 0xc7, 0xc6, 0xc4, 0xca, 0xcb, 0xe9, 0xa3, 0xec, 0xec, 0xec, 0xeb, 0xeb, 0xff, 0xff, 0xff, 0xeb, 0xeb, 0xe9, 0x8c, 0x97, 0xa0, 0xd8, 0xd8, 0xd8, 0xd8, 0xd8, 0xec, 0x9e, 0x9e, 0x98, 0x9b, 0x96, 0x9a, 0x9b, 0x9e, 0x97, 0x96, 0x9d, 0x9b, 0x9a, 0x9b, 0x9b, 0x97, 0x7b, 0x9c, 0xa2, 0xa0, 0xa1, 0xa2, 0x93, 0x79, 0x84, 0x9f, 0xa2, 0xa1, 0xa0, 0xa2, 0x9f, 0x84, 0x79, 0x88, 0xa2, 0xa2, 0xa2, 0xa0, 0xa2, 0xa2, 0x8c, 0x80, 0x7f, 0xd7, 0xd8, 0xec, 0xfc, 0xfe, 0xfd, 0xfc, 0xfe, 0xfe, 0xea, 0xd5, 0xd8, 0xa3, 0xa2, 0xa2, 0xa2, 0xa2, 0x9a, 0x80, 0x80, 0x84, 0xa0, 0xa2, 0xa0, 0xa3, 0xa0, 0xa3, 0xa0, 0x84, 0x7a, 0x77, 0x9a, 0xd8, 0x97, 0x80, 0x77, 0x8e, 0xa2, 0xa3, 0xa0, 0xa2, 0xa0, 0xa2, 0x91, 0x77, 0x71, 0x91, 0xa3, 0xa2, 0xa0, 0xa2, 0xa2, 0x9f, 0x77, 0x71, 0x77, 0xa2, 0xa2, 0xec, 0x9f, 0xa3, 0x8d, 0x69, 0x80, 0xa1, 0xa2, 0xa3, 0x97, 0x8c, 0x8e, 0x8e, 0x8e, 0x8c, 0x91, 0x9b, 0x90, 0x8e, 0x88, 0x87, 0x88, 0x8d, 0x88, 0x9e, 0xa3, 0x80, 0x71, 0x9c, 0x9f, 0x9e, 0xa0, 0x71, 0x60, 0x95, 0x99, 0x9e, 0xa1, 0x91, 0x58, 0x58, 0x98, 0x9e, 0xd7, 0x9f, 0x9b, 0x58, 0x58, 0x95, 0x9e, 0x9e, 0x9f, 0x8e, 0x58, 0x6b, 0x9d, 0x9f, 0x9c, 0x9f, 0x71, 0x60, 0x96, 0x9f, 0xd7, 0x9f, 0x71, 0x68, 0x9e, 0xa1, 0x9f, 0xa3, 0x9e, 0x97, 0xd4, 0x73, 0x59, 0x6d, 0x92, 
  0xca, 0xc8, 0xca, 0xc8, 0xc8, 0xc8, 0xc8, 0xc8, 0xc8, 0xc7, 0xc8, 0xc7, 0xc8, 0xc7, 0xc8, 0xc7, 0xc7, 0xc7, 0xc6, 0xc7, 0xc6, 0xc7, 0xc6, 0xc6, 0xc6, 0xc6, 0xc6, 0xc6, 0xc6, 0xc6, 0xc4, 0x4e, 0xc8, 0xc6, 0xc6, 0xc6, 0xc8, 0xdf, 0x67, 0xd8, 0xd8, 0xd8, 0xd8, 0xd8, 0xd8, 0xd8, 0xd8, 0xec, 0xeb, 0xeb, 0xff, 0xeb, 0xd7, 0xa3, 0xd8, 0xd8, 0xd8, 0xd8, 0xd8, 0xd8, 0xa1, 0x9f, 0x9e, 0x97, 0x97, 0x9a, 0x9b, 0x9f, 0x9e, 0x91, 0x96, 0x9b, 0x98, 0x9b, 0x9a, 0x9d, 0x9d, 0x7b, 0x96, 0xa2, 0xa3, 0x9f, 0xa2, 0x97, 0x80, 0x80, 0x9f, 0xa2, 0xa0, 0xa2, 0xa0, 0xa1, 0x8c, 0x80, 0x80, 0xa1, 0xa3, 0xa2, 0xa2, 0xa1, 0xa3, 0x96, 0x77, 0x82, 0x96, 0xd8, 0xff, 0xfc, 0xfc, 0xfc, 0xfe, 0xfe, 0xff, 0xe8, 0x9f, 0xa3, 0xa3, 0xa3, 0xa3, 0xa2, 0xa3, 0x8c, 0x7f, 0x79, 0x92, 0xa3, 0xa2, 0xec, 0xa0, 0xa3, 0xa3, 0x97, 0x73, 0x7f, 0x88, 0xa2, 0xec, 0x84, 0x7f, 0x80, 0x9c, 0xa3, 0xa0, 0xa2, 0xa2, 0xa2, 0xa0, 0x84, 0x77, 0x79, 0xd7, 0xa3, 0xa0, 0xa2, 0xa2, 0xa2, 0x97, 0x71, 0x71, 0x91, 0xa3, 0xa1, 0xa2, 0xa2, 0xa0, 0x80, 0x6f, 0x8e, 0xa2, 0x9f, 0xa3, 0x97, 0x8e, 0x91, 0x8e, 0x8e, 0x8e, 0x8e, 0x9f, 0x91, 0x8e, 0x8e, 0x88, 0x8d, 0x8e, 0x87, 0x96, 0xa3, 0x8e, 0x68, 0x9d, 0xa2, 0x9f, 0xa0, 0x80, 0x60, 0x87, 0x9f, 0x9e, 0x9d, 0x9f, 0x60, 0x58, 0x8d, 0x9f, 0x9f, 0x9c, 0xa1, 0x6a, 0x58, 0x8e, 0x9f, 0x9c, 0x9f, 0x9d, 0x66, 0x6a, 0x98, 0xd7, 0x9c, 0x9f, 0x88, 0x58, 0x84, 0x9f, 0x9e, 0x9f, 0x93, 0x66, 0x6e, 0x8e, 0x9f, 0x9f, 0x9f, 0x9f, 0x9f, 0xa1, 0x9d, 0x70, 0x5e, 
  0xc8, 0xca, 0xc8, 0xca, 0xc8, 0xc8, 0xc8, 0xc8, 0xc8, 0xc8, 0xc8, 0xc8, 0xc7, 0xc8, 0xc7, 0xc8, 0xc7, 0xc8, 0xc6, 0xc7, 0xc6, 0xc7, 0xc6, 0xc6, 0xc6, 0xc6, 0xc6, 0xc6, 0xc7, 0xc4, 0xca, 0xd0, 0xc5, 0xc7, 0xc7, 0xc7, 0xca, 0xcf, 0xd7, 0xd8, 0xd8, 0xa3, 0xa3, 0xd8, 0xd8, 0xd8, 0xd8, 0xd8, 0xec, 0xeb, 0xeb, 0xeb, 0xeb, 0xec, 0xd8, 0xd8, 0xd8, 0xd8, 0xd8, 0xa3, 0xd7, 0x9f, 0x9c, 0x9a, 0x97, 0x9a, 0x9b, 0x9f, 0x9a, 0x99, 0x93, 0x9a, 0x9b, 0x9a, 0x98, 0x9a, 0x9c, 0x7c, 0x8e, 0xa0, 0xa2, 0xa2, 0xa2, 0x9f, 0x84, 0x77, 0x97, 0xa2, 0xa2, 0xa0, 0xa0, 0xa3, 0x91, 0x82, 0x80, 0x98, 0xa3, 0xa2, 0xa2, 0xa0, 0xa2, 0x9f, 0x84, 0x80, 0x8e, 0xec, 0xfc, 0xfc, 0xfc, 0xfd, 0xfe, 0xfe, 0xea, 0x7e, 0xd8, 0xa3, 0xa3, 0xa3, 0xa2, 0xa3, 0x9f, 0x84, 0x80, 0x80, 0x9f, 0xa2, 0xa0, 0xa2, 0xa0, 0xa3, 0xa0, 0x88, 0x77, 0x77, 0x97, 0xa3, 0x97, 0x80, 0x80, 0x88, 0xa2, 0xa3, 0xa2, 0xa2, 0xa0, 0xa3, 0x97, 0x80, 0x71, 0x8e, 0xa3, 0xa2, 0xa0, 0xa2, 0xa0, 0xa0, 0x84, 0x71, 0x77, 0x9f, 0xa2, 0xa0, 0xa2, 0xa2, 0x9e, 0x77, 0x71, 0x9b, 0xa2, 0xa2, 0xa3, 0x99, 0x8c, 0x91, 0x91, 0x8e, 0x91, 0x8e, 0x9c, 0x96, 0x8e, 0x8e, 0x88, 0x8e, 0x8d, 0x8d, 0x93, 0xa3, 0x93, 0x66, 0x96, 0xa1, 0x9f, 0xa0, 0x8e, 0x58, 0x77, 0x9f, 0x9e, 0x9f, 0xa1, 0x77, 0x50, 0x79, 0x9f, 0x9e, 0x9e, 0xa1, 0x80, 0x58, 0x77, 0x9f, 0x9e, 0x9c, 0x9e, 0x74, 0x60, 0x93, 0xa1, 0xd7, 0xa0, 0x9b, 0x66, 0x71, 0x9e, 0x9e, 0x9e, 0x9e, 0x91, 0x73, 0x63, 0x6e, 0x80, 0x93, 0x9e, 0x9e, 0x96, 0x96, 0x99, 0x68, 
  0xca, 0xca, 0xca, 0xca, 0xca, 0xca, 0xca, 0xc8, 0xc8, 0xc8, 0xc8, 0xc8, 0xc8, 0xc8, 0xc8, 0xc7, 0xc8, 0xc7, 0xc7, 0xc7, 0xc7, 0xc7, 0xc7, 0xc7, 0xc6, 0xc7, 0xc7, 0xc7, 0xc7, 0xc6, 0xce, 0xce, 0xc7, 0xc8, 0xc7, 0xcb, 0xca, 0xd5, 0xd8, 0xa0, 0xa3, 0xa3, 0xa3, 0xa3, 0xa3, 0xa3, 0xa3, 0xa2, 0xa2, 0xd7, 0xeb, 0xec, 0xeb, 0xec, 0xec, 0xd8, 0xd8, 0xd8, 0xa2, 0xa2, 0xd7, 0x9f, 0x9e, 0x9a, 0x9a, 0x9a, 0x9c, 0x9d, 0x99, 0x91, 0x98, 0x9b, 0x98, 0x9b, 0x9a, 0x9e, 0xa3, 0x84, 0x87, 0x9f, 0xa2, 0xa2, 0xa2, 0xa2, 0x8c, 0x79, 0x8e, 0xa2, 0xa0, 0xa0, 0xa2, 0xa0, 0x9e, 0x77, 0x80, 0x8e, 0xa3, 0xa2, 0xa2, 0xa2, 0xa2, 0xa3, 0x88, 0x80, 0x8e, 0xeb, 0xfc, 0xfc, 0xfc, 0xfe, 0xfe, 0xff, 0xd5, 0xd6, 0xd8, 0xa3, 0xa2, 0xa3, 0xa2, 0xa3, 0x91, 0x84, 0x80, 0x8e, 0xd8, 0xa2, 0xa0, 0xa3, 0xa0, 0xd8, 0x9c, 0x79, 0x77, 0x84, 0xa2, 0xa3, 0x8c, 0x80, 0x80, 0x9a, 0xd8, 0xa3, 0xa0, 0xa2, 0xa2, 0xa2, 0x8c, 0x80, 0x77, 0x9d, 0xa3, 0xa0, 0xa0, 0xa0, 0xa2, 0x99, 0x77, 0x71, 0x88, 0xa3, 0xa0, 0xa2, 0xa0, 0xa2, 0x96, 0x6b, 0x77, 0x9f, 0xa0, 0xa2, 0xa2, 0xd7, 0x91, 0x91, 0x91, 0x91, 0x91, 0x8e, 0x96, 0x9a, 0x8e, 0x8e, 0x8e, 0x88, 0x8e, 0x8d, 0x93, 0xa1, 0x9c, 0x6e, 0x88, 0xa2, 0x9e, 0xa2, 0x97, 0x60, 0x71, 0x9e, 0x9e, 0x9e, 0xa0, 0x8c, 0x58, 0x6b, 0x9e, 0x9f, 0x9f, 0xa2, 0x93, 0x58, 0x77, 0x9e, 0x9f, 0x99, 0xa0, 0x84, 0x60, 0x84, 0xa2, 0xd7, 0xec, 0xa0, 0x79, 0x66, 0x87, 0x9e, 0x9e, 0x9a, 0x9f, 0x9d, 0x96, 0x7c, 0x65, 0x55, 0x66, 0x88, 0x9a, 0x97, 0x97, 0x97, 
  0xca, 0xca, 0xca, 0xca, 0xca, 0xca, 0xc8, 0xca, 0xc8, 0xca, 0xc8, 0xc8, 0xc8, 0xc8, 0xc8, 0xc8, 0xc8, 0xc8, 0xc7, 0xc7, 0xc7, 0xc7, 0xc7, 0xc6, 0xc7, 0xc7, 0xc7, 0xc6, 0xc7, 0xc7, 0x53, 0xca, 0xc8, 0xdf, 0xc8, 0xcb, 0x51, 0xd8, 0xd8, 0xa3, 0xa3, 0xa3, 0xa3, 0xd8, 0xd8, 0xd8, 0xd8, 0xa3, 0x9f, 0x9f, 0xa2, 0xa3, 0xeb, 0xec, 0xec, 0xd8, 0xd8, 0xa2, 0xa0, 0xa2, 0xd7, 0x9f, 0x9c, 0x9a, 0x9c, 0x97, 0x9e, 0x9e, 0x98, 0x99, 0x95, 0x9a, 0x9a, 0x9a, 0x98, 0x9e, 0xd8, 0x92, 0x80, 0x9a, 0xa3, 0xa3, 0xa2, 0xa3, 0x96, 0x80, 0x84, 0xa1, 0xa2, 0xa0, 0xa0, 0xa3, 0xa0, 0x8c, 0x7f, 0xd4, 0xa2, 0xa2, 0xa2, 0xa2, 0xa3, 0xa3, 0x93, 0x84, 0x97, 0xea, 0xfc, 0xfc, 0xfe, 0xfd, 0xfe, 0xea, 0x7e, 0xa2, 0xa2, 0xa3, 0xa2, 0xa3, 0xa3, 0xa0, 0x88, 0x84, 0x82, 0xd7, 0xd8, 0xa3, 0xa2, 0xa3, 0xa3, 0xd8, 0x8c, 0x80, 0x77, 0x9b, 0xd8, 0x9b, 0x84, 0x80, 0x88, 0xa0, 0xa3, 0xa3, 0xa2, 0xa2, 0xa3, 0x9c, 0x84, 0x77, 0x88, 0xd8, 0xa3, 0xa0, 0xa2, 0xa2, 0xa2, 0x8e, 0x77, 0x77, 0x9c, 0xa3, 0xa2, 0xa0, 0xa0, 0xa3, 0x80, 0x71, 0x88, 0xa2, 0x9f, 0xa0, 0xa1, 0x99, 0x96, 0x91, 0x93, 0x8e, 0x93, 0x91, 0x91, 0x9b, 0x92, 0x8e, 0x8e, 0x8e, 0x8e, 0x8d, 0x8e, 0xa2, 0xa1, 0x6e, 0x77, 0x9f, 0x9f, 0xa0, 0xd7, 0x6b, 0x6a, 0x98, 0x9f, 0x99, 0xa2, 0x9b, 0x60, 0x60, 0x9a, 0x9f, 0x9e, 0xa2, 0x9b, 0x6a, 0x6b, 0x9a, 0x9e, 0x9e, 0xa0, 0x91, 0x66, 0x77, 0xa1, 0xd7, 0xa1, 0xec, 0x96, 0x66, 0x6b, 0x84, 0x9e, 0x9f, 0x9a, 0x9e, 0x9f, 0x9f, 0x9d, 0x79, 0x52, 0x50, 0x88, 0x98, 0x99, 0x96, 
  0xca, 0xca, 0xca, 0xca, 0xca, 0xca, 0xca, 0xc8, 0xca, 0xc8, 0xc8, 0xc8, 0xc8, 0xc8, 0xc8, 0xc8, 0xc8, 0xc7, 0xc8, 0xc7, 0xc8, 0xc7, 0xc7, 0xc7, 0xc7, 0xc7, 0xc7, 0xc7, 0xc7, 0xca, 0x4e, 0xdf, 0xca, 0xca, 0xcb, 0xce, 0xd6, 0xd8, 0xa3, 0xa0, 0xa3, 0xa0, 0xd8, 0xa3, 0xa3, 0xd8, 0xa3, 0xa2, 0xd7, 0x9f, 0xa1, 0xa3, 0xa3, 0xd8, 0xd8, 0xa3, 0xa3, 0xa3, 0xa2, 0xa2, 0x9e, 0x9f, 0x9c, 0x9a, 0x9a, 0x97, 0x9e, 0x9c, 0x98, 0x98, 0x98, 0x9a, 0x9b, 0x9b, 0x9a, 0x9f, 0xd8, 0x97, 0x77, 0x93, 0xa3, 0xa3, 0xa2, 0xa3, 0x9c, 0x84, 0x80, 0x9e, 0xa3, 0xa2, 0xa2, 0xa0, 0xa0, 0x91, 0x80, 0x84, 0x9e, 0xa3, 0xa2, 0xa2, 0xa2, 0xa3, 0x9e, 0x88, 0xd7, 0xfc, 0xfc, 0xfc, 0xfe, 0xfe, 0xff, 0xd5, 0xd6, 0xec, 0xa2, 0xa2, 0xa2, 0xa2, 0xa3, 0x96, 0x84, 0x82, 0x8e, 0xa3, 0xa3, 0xa3, 0xa3, 0xa2, 0xd8, 0x9f, 0x80, 0x77, 0x84, 0xa3, 0xa2, 0x8c, 0x87, 0x80, 0x9b, 0xd8, 0xa3, 0xa3, 0xa0, 0xa3, 0xa3, 0x8c, 0x77, 0x77, 0x9d, 0xa3, 0xa2, 0xa0, 0xa0, 0xa2, 0x9f, 0x80, 0x77, 0x84, 0xa3, 0xa2, 0xa3, 0xa0, 0xa3, 0x9c, 0x77, 0x71, 0x98, 0xa2, 0xa0, 0xa2, 0x99, 0x9c, 0x99, 0x93, 0x91, 0x91, 0x91, 0x91, 0x91, 0x9d, 0x90, 0x91, 0x8e, 0x8e, 0x8e, 0x8d, 0x8e, 0x9b, 0xa2, 0x84, 0x6f, 0x9f, 0xa0, 0x9f, 0xa2, 0x77, 0x58, 0x8d, 0xa0, 0x9e, 0x9f, 0xa1, 0x70, 0x58, 0x8e, 0xa1, 0x9f, 0xd7, 0x9f, 0x71, 0x6b, 0x91, 0xa0, 0x99, 0xa0, 0x9c, 0x71, 0x6f, 0x9b, 0xa2, 0xd7, 0x9f, 0xa1, 0x8e, 0x6e, 0x5c, 0x77, 0x8e, 0x9e, 0x9b, 0x9c, 0x9c, 0x9a, 0x9f, 0x84, 0x50, 0x58, 0x91, 0x98, 0x96, 
  0xcb, 0xcb, 0xcb, 0xcb, 0xca, 0xca, 0xca, 0xca, 0xca, 0xca, 0xca, 0xca, 0xc8, 0xca, 0xc8, 0xc8, 0xc8, 0xc8, 0xc8, 0xc8, 0xc8, 0xc8, 0xc8, 0xc7, 0xc8, 0xc7, 0xc8, 0xc7, 0xc7, 0xce, 0xcc, 0xcb, 0xca, 0xcb, 0xcc, 0x7e, 0xd8, 0xd8, 0xa3, 0xa3, 0xa0, 0xd8, 0xa0, 0xa3, 0xa0, 0x9f, 0x9f, 0x9f, 0x9c, 0x9f, 0xa2, 0xa2, 0xa1, 0xa3, 0xa3, 0xa3, 0xd8, 0xa2, 0xa3, 0xa2, 0x9c, 0x9e, 0x9a, 0x97, 0x9a, 0x97, 0x9f, 0x9d, 0x97, 0x98, 0x97, 0x9d, 0x9b, 0x9a, 0x9b, 0xa2, 0xd8, 0x9f, 0x84, 0x8e, 0xa0, 0xa2, 0xa2, 0xa2, 0x9f, 0x88, 0x77, 0x96, 0xa3, 0xa0, 0xa0, 0xa3, 0xa3, 0x9e, 0x80, 0x80, 0x91, 0xd8, 0xa2, 0xa3, 0xa2, 0xa3, 0xa2, 0x9c, 0xea, 0xfc, 0xfd, 0xfc, 0xfe, 0xfc, 0xff, 0xd5, 0xa2, 0xa3, 0xa0, 0xa0, 0xa0, 0xa0, 0xa0, 0x84, 0x87, 0x79, 0x9e, 0xa3, 0xa2, 0xa0, 0xa3, 0xa0, 0xd8, 0x90, 0x77, 0x82, 0x8e, 0xd8, 0x9c, 0x87, 0x80, 0x87, 0xa2, 0xa3, 0xa3, 0xa3, 0xa3, 0xa3, 0x9c, 0x80, 0x77, 0x87, 0xa0, 0xa3, 0xa3, 0xa0, 0xa3, 0xd8, 0x91, 0x78, 0x77, 0x93, 0xd8, 0xa2, 0xa3, 0xec, 0xa3, 0x91, 0x77, 0x80, 0x9f, 0xa0, 0xa0, 0xa0, 0x91, 0x98, 0x9c, 0x91, 0x95, 0x91, 0x93, 0x93, 0x8e, 0x9b, 0x97, 0x92, 0x91, 0x8e, 0x8e, 0x8e, 0x8d, 0x9c, 0xd8, 0x93, 0x6f, 0x96, 0xa0, 0x9f, 0xa3, 0x91, 0x5c, 0x80, 0xa1, 0x9f, 0x9e, 0xa1, 0x88, 0x5c, 0x80, 0xa1, 0x9f, 0xa0, 0xa2, 0x88, 0x6a, 0x84, 0x9f, 0x9e, 0xa0, 0xec, 0x8d, 0x6a, 0x88, 0xa2, 0x9f, 0xd7, 0xa1, 0x9f, 0x96, 0x70, 0x5c, 0x60, 0x80, 0x9a, 0x9c, 0x97, 0x9c, 0x9d, 0x9e, 0x73, 0x50, 0x6b, 0x9e, 0x97, 
  0xcb, 0xcb, 0xcb, 0xca, 0xca, 0xca, 0xca, 0xca, 0xc8, 0xca, 0xc8, 0xca, 0xca, 0xca, 0xca, 0xc8, 0xca, 0xc8, 0xc8, 0xc8, 0xc7, 0xc8, 0xc8, 0xc8, 0xc8, 0xc7, 0xc8, 0xc7, 0xca, 0xce, 0xcb, 0xcc, 0xcb, 0xcb, 0x5e, 0xa3, 0xd8, 0xa0, 0xd8, 0xa0, 0xa3, 0xa0, 0xa3, 0x9e, 0x9c, 0x9a, 0x9a, 0x9f, 0x9c, 0x9f, 0xa2, 0xa2, 0xa2, 0xa2, 0xa3, 0xa3, 0xa3, 0xa3, 0xa3, 0x9f, 0x9f, 0x9e, 0x97, 0x9a, 0x97, 0x9a, 0x9f, 0x97, 0x98, 0x98, 0x98, 0x9b, 0x9d, 0x9b, 0x9a, 0xa3, 0xd8, 0xa3, 0x8c, 0x80, 0x9f, 0xa3, 0xa0, 0xa2, 0xa0, 0x91, 0x80, 0x84, 0xa2, 0xa0, 0xa3, 0xa0, 0xa3, 0x9f, 0x84, 0x80, 0x8c, 0xa1, 0xa3, 0xa3, 0xa0, 0xa3, 0xd8, 0xec, 0xfc, 0xfe, 0xfd, 0xfc, 0xfe, 0xfe, 0xe9, 0xe9, 0xd8, 0xa3, 0xa0, 0xa0, 0xa3, 0xa0, 0x97, 0x84, 0x84, 0x88, 0xa0, 0xa3, 0xa2, 0xa3, 0xa0, 0xa3, 0x9f, 0x84, 0x80, 0x80, 0x9e, 0xa3, 0x88, 0x84, 0x80, 0x9b, 0xa3, 0xa3, 0xa2, 0xa3, 0xa0, 0xa3, 0x8c, 0x80, 0x77, 0x9a, 0xa3, 0xa3, 0xa0, 0xa3, 0xa0, 0xec, 0x84, 0x82, 0x80, 0xa1, 0xa3, 0xa3, 0xa2, 0xa3, 0x9f, 0x80, 0x77, 0x8d, 0xa3, 0x9f, 0xa0, 0xa2, 0x84, 0x97, 0x9f, 0x91, 0x93, 0x91, 0x93, 0x91, 0x8e, 0x97, 0x9c, 0x91, 0x91, 0x8e, 0x8e, 0x8e, 0x8d, 0x9b, 0xa3, 0x9d, 0x73, 0xd4, 0xa0, 0x9f, 0xa2, 0x9e, 0x70, 0x70, 0x9e, 0xa0, 0x9f, 0xa2, 0x96, 0x66, 0x79, 0x9f, 0x9f, 0x9f, 0x9f, 0x96, 0x68, 0x77, 0x9e, 0x9e, 0xd7, 0xa2, 0x9b, 0x71, 0x6b, 0x8e, 0xa2, 0x9f, 0x9e, 0x9f, 0x9f, 0x9e, 0x79, 0x5c, 0x58, 0x69, 0x9a, 0x9c, 0x9a, 0x97, 0x9e, 0x95, 0x55, 0x55, 0x91, 0x99, 
  0xcb, 0xcb, 0xcb, 0xcb, 0xcb, 0xcb, 0xca, 0xca, 0xca, 0xca, 0xca, 0xca, 0xca, 0xca, 0xca, 0xca, 0xc8, 0xca, 0xc8, 0xc8, 0xc8, 0xc8, 0xc8, 0xc7, 0xc8, 0xc8, 0xc8, 0xc7, 0xcc, 0xce, 0xcc, 0xcb, 0xcb, 0xcf, 0xd7, 0xd8, 0xec, 0xa3, 0xa3, 0xd8, 0xa0, 0xa3, 0xa0, 0x9e, 0x99, 0x98, 0x99, 0x9a, 0x9c, 0xa1, 0xa2, 0xa2, 0xa2, 0xa2, 0xa3, 0xa3, 0xa3, 0xa3, 0xa3, 0x9f, 0x9f, 0x9e, 0x97, 0x9a, 0x97, 0x9a, 0x9f, 0x97, 0x98, 0x97, 0x98, 0x9b, 0x9a, 0x9b, 0x9c, 0xd8, 0xd8, 0xd8, 0x90, 0x77, 0x9c, 0xa3, 0xa0, 0xa0, 0xa3, 0x99, 0x84, 0x88, 0x9e, 0xa3, 0xa0, 0xa2, 0xa0, 0xa3, 0x93, 0x84, 0x87, 0x9e, 0xa3, 0xa3, 0xa0, 0xd8, 0xec, 0xff, 0xfc, 0xfd, 0xfe, 0xfe, 0xfe, 0xff, 0xd4, 0xec, 0xa3, 0xa3, 0xa3, 0xa3, 0xa3, 0xa3, 0x8c, 0x84, 0x80, 0x97, 0xa3, 0xa2, 0xa2, 0xa2, 0xa2, 0xa3, 0x97, 0x77, 0x80, 0x8e, 0xa3, 0x9f, 0x84, 0x82, 0x84, 0xa2, 0xa2, 0xa2, 0xa2, 0xa3, 0xa3, 0x9e, 0x84, 0x80, 0x8a, 0xa2, 0xa3, 0xec, 0xa0, 0xa3, 0xa3, 0x97, 0x77, 0x78, 0x91, 0xd8, 0xa2, 0xa2, 0xa3, 0xa3, 0x96, 0x79, 0x79, 0x9a, 0xa3, 0x9f, 0xa2, 0x9e, 0x7c, 0x9a, 0xa2, 0x8c, 0x95, 0x91, 0x93, 0x93, 0x91, 0x96, 0x9b, 0x90, 0x91, 0x8e, 0x8e, 0x8e, 0x8e, 0x96, 0xa2, 0xa3, 0x84, 0x73, 0x9f, 0xa1, 0xa0, 0xa2, 0x84, 0x6e, 0x93, 0xa2, 0x9e, 0xa0, 0x9f, 0x73, 0x6b, 0x9b, 0xa2, 0x9f, 0x9f, 0x9f, 0x77, 0x6b, 0x98, 0x9f, 0x9f, 0xd7, 0xa3, 0x88, 0x68, 0x6b, 0x90, 0x9f, 0x9d, 0x9e, 0x9e, 0x9e, 0x9f, 0x71, 0x55, 0x58, 0x6f, 0x9e, 0x98, 0x9a, 0x97, 0x9f, 0x71, 0x4d, 0x80, 0x99, 
  0xcb, 0xcb, 0xcb, 0xca, 0xcb, 0xca, 0xcb, 0xca, 0xca, 0xca, 0xca, 0xca, 0xca, 0xca, 0xca, 0xc8, 0xca, 0xca, 0xca, 0xca, 0xc8, 0xc8, 0xc8, 0xc8, 0xc8, 0xc8, 0xc8, 0xdf, 0xce, 0xcc, 0xe1, 0xcc, 0xe1, 0x90, 0xd8, 0xa0, 0xa3, 0xa3, 0xa3, 0xa3, 0xa3, 0xa3, 0xa0, 0x9e, 0x98, 0x98, 0x98, 0x9e, 0x9a, 0xa1, 0xa2, 0xa2, 0xa2, 0xa3, 0xa2, 0xa3, 0xa3, 0xd8, 0xa3, 0x9f, 0x9f, 0x9e, 0x97, 0x97, 0x9a, 0x9c, 0x9e, 0x97, 0x98, 0x98, 0x98, 0x9b, 0x9d, 0x9b, 0x9e, 0xd8, 0xd8, 0xd8, 0x9c, 0x77, 0x91, 0xa0, 0xa3, 0xa0, 0xa2, 0xa3, 0x84, 0x84, 0x93, 0xd8, 0xa0, 0xa3, 0xa0, 0xd8, 0x97, 0x87, 0x84, 0x96, 0xd8, 0xa3, 0xa0, 0xd8, 0xec, 0xfc, 0xfc, 0xfd, 0xfe, 0xfe, 0xfe, 0xe9, 0x90, 0xd8, 0xa3, 0xa3, 0xa0, 0xa2, 0xd8, 0x99, 0x7b, 0x87, 0x84, 0xa2, 0xd8, 0xa2, 0xa2, 0xa2, 0xa2, 0xa2, 0x84, 0x80, 0x80, 0x9e, 0xd8, 0x90, 0x86, 0x77, 0x96, 0xd8, 0xa3, 0xa0, 0xa3, 0xa2, 0xa3, 0x91, 0x77, 0x80, 0x97, 0xa3, 0xa3, 0xa3, 0xa0, 0xa3, 0xa0, 0x84, 0x80, 0x7c, 0xa2, 0xa3, 0xa3, 0xa2, 0xa0, 0xa2, 0x88, 0x75, 0x84, 0xa1, 0xa0, 0x9f, 0xa2, 0x96, 0x79, 0x9f, 0xa3, 0x91, 0x91, 0x91, 0x91, 0x93, 0x91, 0x92, 0x9c, 0x96, 0x91, 0x8e, 0x8e, 0x8e, 0x8d, 0x90, 0xa2, 0xa3, 0x97, 0x73, 0x96, 0xa2, 0xd7, 0xa2, 0xd6, 0x68, 0x88, 0xa0, 0x9e, 0xa0, 0xa0, 0x88, 0x6b, 0x92, 0xa2, 0x9f, 0x9e, 0xa3, 0x84, 0x6b, 0x84, 0xa0, 0xd7, 0x9f, 0xec, 0x9e, 0x77, 0x61, 0x6b, 0x8e, 0x9f, 0x9e, 0x9c, 0x9e, 0x99, 0x9f, 0x68, 0x50, 0x58, 0x8d, 0x9e, 0x97, 0x99, 0x99, 0x91, 0x55, 0x66, 0x98, 
  0xcb, 0xcc, 0xcb, 0xcb, 0xcb, 0xcb, 0xcb, 0xcb, 0xcb, 0xca, 0xcb, 0xca, 0xca, 0xca, 0xca, 0xca, 0xca, 0xca, 0xca, 0xc8, 0xca, 0xc8, 0xca, 0xc8, 0xc8, 0xca, 0xc8, 0xcc, 0xcf, 0xe1, 0xce, 0xcc, 0x7b, 0xa3, 0xa3, 0xd8, 0xa3, 0xa3, 0xa3, 0xa3, 0xa3, 0xa3, 0xa3, 0x99, 0x9a, 0x98, 0x9e, 0x9f, 0xd7, 0xa1, 0xa2, 0xa3, 0xa3, 0xa3, 0xa3, 0xa3, 0xa3, 0xa3, 0xa3, 0x9f, 0x9f, 0x9e, 0x9b, 0x9a, 0x97, 0x9f, 0x9b, 0x97, 0x9a, 0x97, 0x9a, 0x9a, 0x9b, 0x9a, 0xd7, 0xd8, 0xa3, 0xd8, 0xa0, 0x84, 0x8e, 0xa2, 0xa3, 0xa2, 0xa3, 0xa2, 0x8e, 0x80, 0x8c, 0xa3, 0xa3, 0xa0, 0xa3, 0xa3, 0xa0, 0x88, 0x82, 0x8e, 0xa3, 0xa3, 0xa0, 0xd8, 0xff, 0xfc, 0xfe, 0xfc, 0xfe, 0xfe, 0xff, 0xd5, 0xa1, 0xa3, 0xa3, 0xa2, 0xa3, 0xd8, 0xa2, 0x90, 0x84, 0x80, 0x96, 0xd8, 0xa3, 0xa2, 0xa2, 0xa3, 0xa3, 0x97, 0x7b, 0x79, 0x8e, 0xd8, 0x9f, 0x84, 0x84, 0x84, 0x9f, 0xa3, 0xa0, 0xa3, 0xa0, 0xd8, 0x9f, 0x84, 0x7f, 0x84, 0xa2, 0xa3, 0xa3, 0xa2, 0xa3, 0xa3, 0x97, 0x77, 0x7f, 0x92, 0xa3, 0xa3, 0xa0, 0xa3, 0xa0, 0x9a, 0x79, 0x74, 0x93, 0xa2, 0xa2, 0x9f, 0xa2, 0x84, 0x80, 0xa1, 0xa2, 0x97, 0x91, 0x93, 0x91, 0x91, 0x91, 0x90, 0x9e, 0x97, 0x91, 0x91, 0x91, 0x8e, 0x91, 0x8e, 0x9f, 0xa3, 0xa0, 0x73, 0x88, 0xa1, 0xa2, 0xa2, 0xa0, 0x78, 0x7b, 0xa1, 0xa0, 0xa0, 0xa0, 0x91, 0x71, 0x80, 0xa2, 0x9e, 0xa0, 0xa0, 0x98, 0x6b, 0x71, 0x97, 0xa2, 0x9f, 0xd7, 0xa0, 0xd7, 0x6f, 0x60, 0x68, 0x95, 0x9f, 0x99, 0x9e, 0x99, 0x99, 0x96, 0x58, 0x58, 0x6a, 0x98, 0x9c, 0x99, 0x99, 0x9e, 0x61, 0x58, 0x8f, 
  0xcc, 0xcb, 0xcc, 0xcb, 0xcc, 0xcc, 0xcc, 0xcb, 0xcb, 0xcb, 0xca, 0xca, 0xca, 0xca, 0xca, 0xca, 0xca, 0xca, 0xca, 0xca, 0xca, 0xca, 0xca, 0xc8, 0xca, 0xc8, 0xca, 0xce, 0xce, 0xce, 0xcc, 0x5e, 0xd8, 0xa0, 0xa3, 0xa3, 0xa3, 0xa3, 0xa3, 0xd8, 0xa3, 0xd8, 0xa3, 0x9f, 0x99, 0x9a, 0x9e, 0x9f, 0x9f, 0xa2, 0xa2, 0xa3, 0xa3, 0xa3, 0xa3, 0xa3, 0xa3, 0xa3, 0xa2, 0x9f, 0x9f, 0x9e, 0x9d, 0x9c, 0x9a, 0x9f, 0x97, 0x9b, 0x97, 0x98, 0x97, 0x9a, 0x9b, 0x9a, 0xd7, 0xa3, 0xa3, 0xa3, 0xec, 0x8a, 0x84, 0x9f, 0xa3, 0xa3, 0xa0, 0xd8, 0x91, 0x80, 0x84, 0xa1, 0xa3, 0xa3, 0xa0, 0xec, 0xa3, 0x8e, 0x84, 0x88, 0x9f, 0xa3, 0xa0, 0xec, 0xea, 0xfc, 0xfc, 0xfe, 0xfc, 0xff, 0xea, 0xd5, 0xd8, 0xa2, 0xa2, 0xa2, 0xa3, 0xa3, 0xd7, 0x84, 0x84, 0x85, 0xa2, 0xa3, 0xa3, 0xa2, 0xa2, 0xa3, 0xa3, 0x84, 0x79, 0x84, 0x9e, 0xd8, 0x90, 0x82, 0x84, 0x91, 0xa2, 0xa3, 0xa3, 0xa3, 0xa2, 0xd8, 0x8c, 0x80, 0x77, 0x97, 0xd8, 0xa2, 0xa3, 0xa2, 0xa3, 0xa0, 0x88, 0x77, 0x79, 0x9e, 0xd8, 0xa3, 0xa3, 0xa3, 0xa3, 0x8e, 0x79, 0x80, 0x9e, 0xa1, 0xa2, 0xa3, 0x9e, 0x73, 0x8d, 0xa2, 0xa3, 0x97, 0x91, 0x91, 0x91, 0x91, 0x96, 0x8c, 0x9a, 0x9c, 0x96, 0x91, 0x91, 0x8e, 0x91, 0x8e, 0x9a, 0xa3, 0x9f, 0x84, 0x78, 0x9f, 0xa2, 0xa2, 0xa0, 0x88, 0x73, 0x98, 0x9f, 0xa0, 0xa0, 0x9f, 0x71, 0x73, 0x9b, 0xa0, 0x9f, 0x9f, 0xa0, 0x80, 0x68, 0x80, 0xa1, 0xd7, 0xa0, 0xd7, 0xa2, 0x96, 0x60, 0x58, 0x6b, 0x98, 0x9e, 0x99, 0x99, 0x99, 0x9f, 0x71, 0x50, 0x50, 0x8e, 0x9c, 0x99, 0x99, 0xa0, 0x79, 0x50, 0x80, 
  0xcc, 0xcb, 0xcc, 0xcb, 0xcc, 0xcb, 0xcc, 0xcb, 0xcb, 0xcb, 0xcb, 0xca, 0xca, 0xca, 0xca, 0xca, 0xca, 0xca, 0xca, 0xca, 0xca, 0xca, 0xca, 0xca, 0xca, 0xc8, 0xce, 0xcf, 0xe1, 0xe1, 0x53, 0xec, 0xa2, 0xa3, 0xa3, 0xa0, 0xd8, 0xa0, 0xa3, 0xa3, 0xa3, 0xa3, 0xd8, 0xa2, 0xa0, 0x9f, 0xa1, 0xd7, 0xa1, 0xa2, 0xa2, 0xa3, 0xa3, 0xa3, 0xa3, 0xa3, 0xa3, 0xa3, 0xa3, 0x9f, 0x9e, 0x9e, 0x9b, 0x9d, 0x9c, 0x9e, 0x9c, 0x97, 0x9a, 0x97, 0x9a, 0x9b, 0x9d, 0x9b, 0x9e, 0xd7, 0xd8, 0xa3, 0xa3, 0x97, 0x7b, 0x97, 0xa3, 0xa2, 0xa3, 0xa2, 0x9e, 0x84, 0x84, 0x96, 0xa3, 0xa0, 0xa3, 0xa0, 0xa3, 0x9a, 0x84, 0x84, 0x9a, 0xa3, 0xd8, 0xeb, 0xfc, 0xfe, 0xfc, 0xfe, 0xfc, 0xff, 0xd5, 0x9f, 0xa3, 0xa3, 0xa3, 0xa2, 0xa3, 0xa3, 0x91, 0x84, 0x84, 0x96, 0xa3, 0xa3, 0xa3, 0xa2, 0xa2, 0xd8, 0x97, 0x80, 0x77, 0x8e, 0xd8, 0xa0, 0x84, 0x84, 0x84, 0xa0, 0xa2, 0xa3, 0xa2, 0xa0, 0xd8, 0x9e, 0x84, 0x80, 0x84, 0xa3, 0xa2, 0xa3, 0xa2, 0xa2, 0xa3, 0x97, 0x7b, 0x80, 0x91, 0xa3, 0xa0, 0xa3, 0xa3, 0xa0, 0x9f, 0x84, 0x77, 0x93, 0xa2, 0xa1, 0xa0, 0xa3, 0x91, 0x70, 0x96, 0xd8, 0xa3, 0x97, 0x93, 0x91, 0x91, 0x91, 0x96, 0x91, 0x97, 0x9f, 0x93, 0x96, 0x91, 0x8e, 0x91, 0x8e, 0x9e, 0xa2, 0xa2, 0x8c, 0x73, 0x97, 0xa3, 0xa0, 0xa3, 0x96, 0x70, 0x8e, 0xa1, 0x9c, 0xa0, 0xa0, 0x84, 0x6f, 0x88, 0xa0, 0x9e, 0xa0, 0xa2, 0x93, 0x6b, 0x68, 0x8d, 0xa2, 0xd7, 0x9f, 0xd7, 0x9f, 0x80, 0x58, 0x60, 0x79, 0x9e, 0x99, 0x9e, 0x9c, 0x9e, 0x95, 0x58, 0x50, 0x77, 0x9f, 0x99, 0x99, 0x9f, 0x91, 0x55, 0x6b, 
  0xcc, 0xcc, 0xcb, 0xcc, 0xcb, 0xcc, 0xcb, 0xcb, 0xcb, 0xcb, 0xcb, 0xca, 0xcb, 0xca, 0xcb, 0xca, 0xca, 0xca, 0xca, 0xca, 0xca, 0xca, 0xca, 0xca, 0xca, 0xcb, 0xce, 0xcf, 0xce, 0xcf, 0xd7, 0xd8, 0xa0, 0xa0, 0xd8, 0xa0, 0xa3, 0xa3, 0xa3, 0xa3, 0xd8, 0xa3, 0xd8, 0xa0, 0xa2, 0xa1, 0xa2, 0x9f, 0x9f, 0xa2, 0xa2, 0xa3, 0xa3, 0xa3, 0xa3, 0xa3, 0xa3, 0xa3, 0xa2, 0xa1, 0x9f, 0x9d, 0x9c, 0x9a, 0x9e, 0x9e, 0x9b, 0x9b, 0x98, 0x97, 0x98, 0x97, 0x9d, 0x9c, 0x9c, 0x97, 0xa3, 0xa3, 0xd8, 0x99, 0x84, 0x92, 0xa3, 0xa2, 0xa3, 0xa3, 0xa0, 0x8c, 0x82, 0x8f, 0xa3, 0xd8, 0xa0, 0xa3, 0xa3, 0xa0, 0x88, 0x87, 0x96, 0xa3, 0xd8, 0xfc, 0xfe, 0xfc, 0xfe, 0xfc, 0xff, 0xe9, 0xd5, 0xd8, 0xa0, 0xa3, 0xa0, 0xa3, 0xa3, 0x9f, 0x84, 0x84, 0x84, 0xa0, 0xa3, 0xa3, 0xa3, 0xa3, 0xa2, 0xa3, 0x90, 0x77, 0x80, 0x9c, 0xd8, 0x96, 0x84, 0x84, 0x92, 0xa3, 0xa3, 0xa2, 0xa3, 0xa2, 0xd8, 0x90, 0x80, 0x7b, 0xd6, 0xd8, 0xa2, 0xa2, 0xa3, 0xa0, 0xa2, 0x8c, 0x80, 0x84, 0x9f, 0xa3, 0xa3, 0xa3, 0xa2, 0xd8, 0x90, 0x82, 0x80, 0x9f, 0xa2, 0xa2, 0xa2, 0xa0, 0x84, 0x7c, 0xa2, 0xa3, 0xa3, 0x9e, 0x91, 0x91, 0x91, 0x91, 0x91, 0x91, 0x96, 0x9e, 0x97, 0x91, 0x91, 0x8e, 0x91, 0x8e, 0x97, 0xec, 0xa2, 0x96, 0x71, 0x92, 0xa3, 0xa0, 0xa2, 0x9c, 0x78, 0x80, 0x9e, 0x9f, 0x9f, 0xa3, 0x97, 0x6f, 0x77, 0x9e, 0x9f, 0x9f, 0x9f, 0xa0, 0x7b, 0x66, 0x6b, 0x9e, 0x9f, 0x9c, 0x9f, 0x9f, 0x9f, 0x6b, 0x58, 0x66, 0x98, 0x9e, 0x9f, 0x9f, 0x9e, 0x9e, 0x71, 0x50, 0x66, 0x9d, 0x9c, 0x99, 0x9e, 0x9d, 0x6a, 0x58, 
  0xcc, 0xcc, 0xcc, 0xcc, 0xcb, 0xcc, 0xcc, 0xcb, 0xcb, 0xcb, 0xcb, 0xcb, 0xcb, 0xcb, 0xca, 0xca, 0xcb, 0xca, 0xca, 0xca, 0xca, 0xca, 0xca, 0xca, 0xca, 0xce, 0xcf, 0xce, 0xcf, 0xe9, 0xd8, 0xa2, 0xa0, 0xd8, 0xa0, 0xd8, 0xa0, 0xa3, 0xa3, 0xa3, 0xa3, 0xa3, 0xa3, 0xa3, 0xa2, 0xa2, 0xa2, 0x9e, 0x9f, 0xa2, 0xa3, 0xa3, 0xa3, 0xa3, 0xa3, 0xa3, 0xa3, 0xa3, 0xa2, 0x9f, 0x9f, 0x9b, 0x9e, 0x9b, 0x9e, 0x9c, 0x9c, 0x9b, 0x9a, 0x9b, 0x9a, 0x9b, 0x9a, 0x9b, 0x9a, 0x8c, 0xa3, 0xd8, 0xa3, 0xa0, 0x8c, 0x88, 0xa2, 0xa3, 0xa2, 0xa2, 0xd8, 0x91, 0x79, 0x8b, 0xec, 0xa3, 0xa3, 0xa0, 0xd8, 0xa2, 0x90, 0x8d, 0x91, 0xa3, 0xec, 0xfc, 0xfe, 0xfc, 0xfe, 0xff, 0xff, 0xd5, 0x9e, 0xd8, 0xec, 0xa3, 0xec, 0xa0, 0xd8, 0x97, 0x88, 0x82, 0x91, 0xa3, 0xa3, 0xd8, 0xa3, 0xa2, 0xa3, 0x9c, 0x7b, 0x84, 0x8a, 0xd8, 0xa0, 0x88, 0x8a, 0x84, 0xa1, 0xa3, 0xa3, 0xa3, 0xa0, 0xd8, 0xd7, 0x84, 0x84, 0x84, 0xa2, 0xa3, 0xa2, 0xa2, 0xa2, 0xa3, 0x97, 0x7c, 0x80, 0x90, 0xa3, 0xa3, 0xa3, 0xa3, 0xa3, 0x9f, 0x84, 0x77, 0x95, 0xa3, 0xa2, 0xa2, 0xa0, 0x99, 0x73, 0x8e, 0xd8, 0xd8, 0xa3, 0x9e, 0x98, 0x91, 0x91, 0x91, 0x96, 0x91, 0x96, 0x9c, 0x96, 0x96, 0x91, 0x91, 0x91, 0x8e, 0x96, 0xa2, 0xa3, 0x9e, 0x73, 0x84, 0xa2, 0x9f, 0xa0, 0xa2, 0x78, 0x77, 0x98, 0xa2, 0x9f, 0xa2, 0xa0, 0x77, 0x6b, 0x8e, 0xa3, 0x9f, 0x9e, 0xa3, 0x9a, 0x66, 0x6b, 0x84, 0xa1, 0x9f, 0x9f, 0x9f, 0xa3, 0x88, 0x58, 0x58, 0x80, 0x9e, 0x9f, 0x9c, 0x9f, 0xa2, 0x8d, 0x58, 0x58, 0x8e, 0x9f, 0x9e, 0x9e, 0xa2, 0x78, 0x58, 
  0xcc, 0xcc, 0xcc, 0xcc, 0xcc, 0xcc, 0xcb, 0xcc, 0xcb, 0xcc, 0xcb, 0xcb, 0xcb, 0xcb, 0xcb, 0xcb, 0xca, 0xcb, 0xca, 0xcb, 0xca, 0x48, 0xca, 0xca, 0xcc, 0xcf, 0xcf, 0xcf, 0xe9, 0xd8, 0xa0, 0xa3, 0xa3, 0xa3, 0xd8, 0xa3, 0xd8, 0xa3, 0xa3, 0xa3, 0xd8, 0xa3, 0xa3, 0xa0, 0xa2, 0xa2, 0xa2, 0x9f, 0xa2, 0xa2, 0xa3, 0xa3, 0xa3, 0xa3, 0xa3, 0xa3, 0xa3, 0xa3, 0xa2, 0xa1, 0x9e, 0x9a, 0x9a, 0x9a, 0x9f, 0x9a, 0x9a, 0x9c, 0x9a, 0x9a, 0x9a, 0x9a, 0x9a, 0x9e, 0x9c, 0x8c, 0xa0, 0xa3, 0xa2, 0xd8, 0x96, 0x84, 0x9a, 0xa3, 0xa3, 0xa2, 0xa3, 0xd7, 0x82, 0x80, 0x9c, 0xd8, 0xec, 0xa3, 0xec, 0xa3, 0x99, 0x8a, 0x93, 0xd7, 0xff, 0xfe, 0xfc, 0xff, 0xfe, 0xfe, 0xe9, 0xd5, 0xd8, 0xa3, 0xa3, 0xa0, 0xa3, 0xd8, 0xec, 0x8d, 0x87, 0x88, 0x9f, 0xd8, 0xec, 0xa3, 0xa3, 0xd8, 0xa3, 0x90, 0x80, 0x80, 0x99, 0xd8, 0xd6, 0x82, 0x84, 0x92, 0xd8, 0xa2, 0xa2, 0xa2, 0xa3, 0xd8, 0x90, 0x84, 0x80, 0x96, 0xd8, 0xa2, 0xa2, 0xa0, 0xa3, 0xa0, 0x8c, 0x80, 0x80, 0x9f, 0xa3, 0xa3, 0xa0, 0xa3, 0xd8, 0x91, 0x80, 0x84, 0x9f, 0xa3, 0xa3, 0xa0, 0xa3, 0x8c, 0x75, 0x9f, 0xa3, 0xd8, 0x9c, 0x9f, 0x91, 0x97, 0x93, 0x96, 0x91, 0x96, 0x92, 0x9e, 0x99, 0x96, 0x93, 0x91, 0x91, 0x8e, 0x96, 0xa2, 0xa2, 0xa1, 0x77, 0x77, 0x9f, 0xa0, 0xec, 0xa2, 0x88, 0x6f, 0x92, 0xa3, 0x9f, 0xa0, 0xa2, 0x88, 0x6b, 0x73, 0xa1, 0x9f, 0xa0, 0xa0, 0xa2, 0x84, 0x60, 0x6b, 0x9b, 0xa0, 0x9c, 0xa0, 0x9f, 0x9f, 0x6b, 0x58, 0x6a, 0x9e, 0x9f, 0x9f, 0x9e, 0x9f, 0x99, 0x66, 0x58, 0x75, 0x9e, 0x99, 0x9e, 0xa2, 0x8e, 0x60, 
  0xcc, 0xcc, 0xcc, 0xcc, 0xcc, 0xcc, 0xcc, 0xcc, 0xcc, 0xcb, 0xcc, 0xcb, 0xcb, 0xcb, 0xcb, 0xcb, 0xcb, 0xcb, 0xcb, 0xca, 0xcb, 0xca, 0xcb, 0xcb, 0xcf, 0xcf, 0xcf, 0xd5, 0xd8, 0xa3, 0xec, 0xa0, 0xd8, 0xa3, 0xa3, 0xa3, 0xa3, 0xd8, 0xa3, 0xd8, 0xa3, 0xa3, 0xa2, 0xa0, 0xa3, 0xa0, 0xa2, 0x9f, 0xa2, 0xa2, 0xa3, 0xa3, 0xa3, 0xa3, 0xa3, 0xa3, 0xa3, 0xa3, 0xa2, 0xa1, 0x9e, 0x9e, 0x9a, 0x9e, 0x9e, 0x9a, 0x9a, 0x9a, 0x9a, 0x9a, 0x9a, 0x9a, 0x9a, 0x9e, 0xa1, 0x8c, 0x9f, 0xd8, 0xa3, 0xd8, 0x9b, 0x84, 0x91, 0xa3, 0xa3, 0xa2, 0xa3, 0xa1, 0x88, 0x80, 0x97, 0xd8, 0xa0, 0xa3, 0xa0, 0xd8, 0x9e, 0x91, 0x8e, 0xd7, 0xea, 0xfe, 0xfe, 0xfc, 0xff, 0xff, 0xe9, 0xe9, 0xd8, 0xa3, 0xa0, 0xec, 0xa3, 0xd8, 0x97, 0x87, 0x87, 0x91, 0xa3, 0xa3, 0xa3, 0xd8, 0xd8, 0xa3, 0xa0, 0x84, 0x82, 0x88, 0xa2, 0xa3, 0x8c, 0x87, 0x8d, 0xa0, 0xa2, 0xa0, 0xa2, 0xa0, 0xa3, 0x9f, 0x84, 0x84, 0x88, 0xa0, 0xa3, 0xa2, 0xa2, 0xa0, 0xa3, 0x97, 0x84, 0x80, 0x91, 0xa3, 0xa2, 0xa0, 0xd8, 0xa3, 0x9f, 0x85, 0x80, 0x8e, 0xa3, 0xa3, 0xa3, 0xa0, 0x9f, 0x73, 0x88, 0xa2, 0xd8, 0xa2, 0x9c, 0x9f, 0x97, 0x98, 0x91, 0x96, 0x96, 0x91, 0x96, 0x97, 0x9e, 0x97, 0x90, 0x91, 0x91, 0x91, 0x96, 0xa0, 0xa2, 0xa2, 0x88, 0x71, 0x9c, 0xa2, 0xa0, 0xa2, 0x93, 0x71, 0x80, 0xa3, 0x9f, 0xec, 0xa2, 0x97, 0x71, 0x6b, 0x97, 0xa0, 0xa0, 0xa0, 0xa0, 0x98, 0x6b, 0x6a, 0x85, 0xa2, 0xa0, 0x9e, 0x9e, 0xa0, 0x84, 0x60, 0x64, 0x8d, 0xa2, 0x9c, 0x9e, 0x9e, 0x9f, 0x79, 0x5a, 0x69, 0x9c, 0x9e, 0x9c, 0x9f, 0x9a, 0x68, 
  0xcc, 0xcc, 0xcc, 0xcc, 0xcc, 0xcc, 0xcc, 0xcc, 0xcc, 0xcb, 0xcc, 0xcb, 0xcc, 0xcb, 0xcb, 0xcb, 0xcb, 0xcb, 0xcb, 0xca, 0xcb, 0x48, 0xca, 0xce, 0xcf, 0xcf, 0xd5, 0xd8, 0xa3, 0xd8, 0xa3, 0xa3, 0xa3, 0xa3, 0xd8, 0xa3, 0xd8, 0xa3, 0xa3, 0xa3, 0xa3, 0xa2, 0xa3, 0xa0, 0xa2, 0xa2, 0xa2, 0x9f, 0xa2, 0xa2, 0xa3, 0xa3, 0xa3, 0xa3, 0xa3, 0xa3, 0xa3, 0xa3, 0xa2, 0xa1, 0x9e, 0x9a, 0x9a, 0x9e, 0x9e, 0x9a, 0x9c, 0x9a, 0x9a, 0x9a, 0x9a, 0x9e, 0x9a, 0x9f, 0xa2, 0x8c, 0x97, 0xd8, 0xa3, 0xd8, 0xa2, 0x84, 0x8e, 0xa2, 0xa3, 0xa2, 0xa3, 0xa3, 0x8e, 0x87, 0x8c, 0xa2, 0xec, 0xa3, 0xec, 0xa3, 0xa0, 0x95, 0x93, 0xd7, 0xfc, 0xfe, 0xfe, 0xff, 0xff, 0xea, 0xd5, 0xd8, 0xa0, 0xa3, 0xa0, 0xd8, 0xa3, 0xa0, 0x8c, 0x8a, 0x84, 0x9f, 0xa3, 0xd8, 0xa3, 0xa3, 0xd8, 0xa3, 0x90, 0x82, 0x80, 0x96, 0xd8, 0x97, 0x8e, 0x87, 0x96, 0xa3, 0xa3, 0xa2, 0xa2, 0xa2, 0xd8, 0x90, 0x84, 0x80, 0x9a, 0xa3, 0xa3, 0xa3, 0xa0, 0xa3, 0x9f, 0x88, 0x80, 0x84, 0x9f, 0xa3, 0xa3, 0xd8, 0xa0, 0xa3, 0x93, 0x7c, 0x84, 0x9f, 0xa3, 0xa3, 0xa0, 0xd8, 0x90, 0x77, 0x9d, 0xa3, 0xa3, 0x9f, 0x9b, 0xa3, 0x98, 0x97, 0x93, 0x96, 0x91, 0x96, 0x91, 0x97, 0x9e, 0x97, 0x93, 0x91, 0x91, 0x91, 0x90, 0x9f, 0xa3, 0xa3, 0x96, 0x6f, 0x91, 0xa2, 0xa0, 0xa0, 0x9e, 0x71, 0x74, 0xd7, 0xa2, 0xa0, 0xa0, 0xa0, 0x77, 0x60, 0x84, 0xa0, 0xa0, 0xa0, 0x9f, 0xa2, 0x74, 0x60, 0x6f, 0x9e, 0x9f, 0xa0, 0x9f, 0xa0, 0x9a, 0x69, 0x60, 0x71, 0x9f, 0x9e, 0x9c, 0x9c, 0xa2, 0x91, 0x58, 0x64, 0x91, 0xa1, 0x99, 0x9e, 0x9e, 0x73, 
  0xcc, 0xe1, 0xcc, 0xcc, 0xcc, 0xcc, 0xcc, 0xcc, 0xcc, 0xcc, 0xcc, 0xcb, 0xcc, 0xcb, 0xcb, 0xcb, 0xcb, 0xcb, 0xcb, 0xcb, 0xcb, 0xcb, 0xcc, 0x4e, 0xcf, 0x7e, 0xd8, 0xd8, 0xd8, 0xa3, 0xa0, 0xa0, 0xd8, 0xa3, 0xa3, 0xa3, 0xa3, 0xd8, 0xa3, 0xa3, 0xa3, 0xa3, 0xa3, 0xa3, 0xa0, 0xa3, 0xa0, 0x9f, 0xa2, 0xa2, 0xa3, 0xa3, 0xa3, 0xa3, 0xa3, 0xa3, 0xa3, 0xa3, 0xa0, 0xa1, 0x9e, 0x9a, 0x9e, 0x9e, 0x9e, 0x9e, 0x9a, 0x9a, 0x9a, 0x9a, 0x9a, 0x99, 0x9a, 0x9e, 0xd8, 0x90, 0x91, 0xa3, 0xa3, 0xa3, 0xec, 0x93, 0x84, 0xd7, 0xd8, 0xa3, 0xa0, 0xd8, 0x9b, 0x84, 0x88, 0x9e, 0xa3, 0xa0, 0xa3, 0xa0, 0xd8, 0x97, 0x97, 0xff, 0xea, 0xfe, 0xfe, 0xff, 0xff, 0xe9, 0xe9, 0xd8, 0xa0, 0xa3, 0xa0, 0xd8, 0xa3, 0x9c, 0x84, 0x8f, 0x8c, 0xd8, 0xd8, 0xa3, 0xd8, 0xa3, 0xd8, 0xa0, 0x88, 0x87, 0x87, 0xa2, 0xa3, 0x8c, 0x88, 0x8e, 0xa2, 0xd8, 0xa3, 0xa2, 0xa0, 0xa3, 0x9f, 0x8c, 0x87, 0x90, 0xa2, 0xa3, 0xa2, 0xa3, 0xa3, 0xa3, 0x91, 0x84, 0x80, 0x97, 0xa3, 0xa3, 0xa0, 0xa3, 0xa3, 0x9f, 0x84, 0x79, 0x93, 0xa3, 0xa2, 0x9f, 0xa3, 0x9f, 0x7b, 0x88, 0xa0, 0xa3, 0xa2, 0x9c, 0xd7, 0xd8, 0x99, 0x91, 0x98, 0x91, 0x96, 0x91, 0x96, 0x96, 0x9e, 0x97, 0x92, 0x91, 0x91, 0x91, 0x91, 0x9e, 0xa3, 0xa2, 0xa1, 0x73, 0x84, 0x9f, 0xa0, 0xa0, 0x9f, 0x84, 0x6b, 0x92, 0xa1, 0xa2, 0xd7, 0xa3, 0x8c, 0x6b, 0x71, 0x9e, 0xa0, 0x9f, 0xa0, 0xa2, 0x91, 0x66, 0x64, 0x91, 0x9f, 0x9f, 0x9f, 0x9f, 0xa1, 0x78, 0x60, 0x6a, 0x98, 0x9c, 0xd7, 0x9c, 0x9f, 0x9c, 0x6c, 0x58, 0x80, 0xa0, 0x9e, 0x9e, 0xa0, 0x7e, 
  0xe1, 0x4a, 0xe1, 0xcc, 0xcc, 0xcc, 0xcc, 0xcc, 0xcc, 0xcc, 0xcc, 0xcc, 0xcb, 0xcc, 0xcb, 0xcb, 0xcb, 0xcb, 0xcb, 0xcb, 0xcb, 0xcc, 0x4e, 0x51, 0xd5, 0xd8, 0xd8, 0xec, 0xd8, 0xa3, 0xd8, 0xa0, 0xd8, 0xa3, 0xd8, 0xa3, 0xd8, 0xa3, 0xa3, 0xa3, 0xa3, 0xa3, 0xa3, 0xa3, 0xa3, 0xa3, 0xa2, 0x9f, 0xa2, 0xa2, 0xa3, 0xa3, 0xa3, 0xa3, 0xa3, 0xa3, 0xa3, 0xa3, 0xa1, 0x9f, 0x9e, 0x9a, 0x9f, 0x9e, 0x9e, 0x9e, 0x99, 0x9a, 0x99, 0x9a, 0x9c, 0x9a, 0x9c, 0x9f, 0xd8, 0x99, 0x8c, 0xa2, 0xa3, 0xd8, 0xd8, 0x97, 0x84, 0x96, 0xa3, 0xa0, 0xa0, 0xa2, 0xa0, 0x88, 0x87, 0x96, 0xa3, 0xec, 0xa3, 0xec, 0xa3, 0x9f, 0xff, 0xea, 0xfe, 0xfe, 0xfe, 0xff, 0xff, 0xd5, 0xa2, 0xa0, 0xa3, 0xa0, 0xec, 0xa3, 0xa2, 0x90, 0x8e, 0x87, 0xd7, 0xd8, 0xa3, 0xa3, 0xa3, 0xd8, 0xa3, 0xe9, 0x85, 0x80, 0x96, 0xd8, 0x9e, 0x8e, 0x84, 0x97, 0xa3, 0xd8, 0xa3, 0xa3, 0xa2, 0xa3, 0x90, 0x87, 0x84, 0x9c, 0xa3, 0xa3, 0xa3, 0xa2, 0xa3, 0xa0, 0x8c, 0x84, 0x84, 0xa2, 0xd8, 0xa3, 0xa0, 0xa2, 0xa3, 0x8c, 0x80, 0x84, 0x9f, 0xd8, 0xa3, 0xa3, 0xa2, 0x90, 0x78, 0x9b, 0xd8, 0xa2, 0xa0, 0x96, 0xa3, 0xd8, 0x99, 0x96, 0x93, 0x97, 0x91, 0x96, 0x91, 0x97, 0x9a, 0x97, 0x93, 0x91, 0x93, 0x91, 0x91, 0x9f, 0xec, 0xa2, 0xa3, 0x84, 0x74, 0x9e, 0xa0, 0xa0, 0xa2, 0x91, 0x6c, 0x80, 0xa1, 0x9f, 0xec, 0xa0, 0x9f, 0x6b, 0x6b, 0x88, 0xa2, 0xa0, 0x9f, 0xa0, 0x9e, 0x73, 0x60, 0x79, 0x9e, 0x9f, 0x9f, 0x9f, 0xa0, 0x96, 0x60, 0x60, 0x85, 0xa1, 0x9c, 0xd7, 0x9e, 0x9e, 0x80, 0x58, 0x6e, 0x9e, 0x9f, 0x9e, 0xa0, 0x90, 
  0xcc, 0xe1, 0xcc, 0xcc, 0xcc, 0xcc, 0xcc, 0xcc, 0xcc, 0xcb, 0xcc, 0xcb, 0xcc, 0xcb, 0xcc, 0xcb, 0xcc, 0xcb, 0xcc, 0xcb, 0xcc, 0x4e, 0x56, 0xd5, 0xd8, 0xd8, 0xd8, 0xd8, 0xd8, 0xec, 0xa0, 0xd8, 0xa3, 0xd8, 0xa3, 0xa3, 0xa3, 0xd8, 0xd8, 0xa3, 0xa0, 0xa3, 0xa0, 0xa3, 0xa3, 0xa3, 0xa0, 0xa0, 0xa3, 0xa3, 0xa3, 0xa3, 0xa3, 0xa3, 0xa3, 0xa3, 0xa3, 0xa2, 0xa2, 0x9f, 0x9b, 0x9f, 0x9e, 0xa1, 0x99, 0x99, 0x9a, 0x9c, 0x9e, 0x9c, 0x9a, 0x99, 0x9e, 0xa0, 0xd8, 0xd7, 0x8c, 0x9f, 0xa3, 0xa2, 0xa3, 0x9f, 0x84, 0x8e, 0xa3, 0xa3, 0xd8, 0xa3, 0xa3, 0x8e, 0x87, 0x91, 0xa3, 0xd8, 0xec, 0xa3, 0xa3, 0xd8, 0xff, 0xea, 0xfe, 0xff, 0xff, 0xff, 0xe9, 0xe9, 0xa3, 0xa0, 0xa0, 0xa3, 0xa3, 0xd8, 0x9c, 0x8c, 0x87, 0x8e, 0xa3, 0xd8, 0xec, 0xa3, 0xec, 0xd8, 0xa2, 0x8c, 0x87, 0x87, 0x9f, 0xd8, 0x90, 0x8d, 0x8d, 0xd7, 0xa0, 0xa3, 0xa2, 0xa3, 0xa3, 0x9e, 0x8c, 0x87, 0x8e, 0xa2, 0xa3, 0xa3, 0xa2, 0xa2, 0xa3, 0x97, 0x84, 0x84, 0x91, 0xd8, 0xa3, 0xa3, 0xa0, 0xd8, 0x9e, 0x84, 0x85, 0x93, 0xa3, 0xa2, 0xa3, 0xa3, 0xa0, 0x80, 0x84, 0xa3, 0xa3, 0xa3, 0x97, 0x97, 0xa3, 0xa2, 0xa0, 0x98, 0x96, 0x98, 0x96, 0x96, 0x93, 0x97, 0x9c, 0x9b, 0x96, 0x92, 0x93, 0x92, 0x93, 0x97, 0xd8, 0xa2, 0xa3, 0x93, 0x74, 0x96, 0xa0, 0x9f, 0xa0, 0x9b, 0x70, 0x75, 0x9b, 0xa2, 0x9f, 0xa0, 0xa2, 0x84, 0x6e, 0x73, 0x9d, 0x9f, 0x9f, 0xa0, 0xa2, 0x88, 0x69, 0x6b, 0x97, 0xa2, 0x9e, 0xa1, 0x9f, 0xa1, 0x77, 0x60, 0x77, 0x9e, 0x9f, 0x9e, 0x9c, 0x9f, 0x91, 0x60, 0x69, 0x96, 0xa0, 0x9c, 0x9e, 0x9e, 
};

const lv_img_dsc_t wallpaper = {
  .header.cf = LV_IMG_CF_INDEXED_8BIT,
  .header.always_zero = 0,
  .header.reserved = 0,
  .header.w = 240,
  .header.h = 320,
  .data_size = 77824,
  .data = wallpaper_map,
};

